beta_1,se,pctl,level,model
1.4452891796739982,0.053349851730756515,1.0,0.0,M0 gepoolt (raw LD)
1.430001589187955,0.04875493534636005,1.9898989898989898,0.0,M0 gepoolt (raw LD)
1.4147943514805073,0.04443375602911829,2.9797979797979797,0.0,M0 gepoolt (raw LD)
1.3997078984885305,0.040465602264723746,3.9696969696969697,0.0,M0 gepoolt (raw LD)
1.384782662148897,0.03693963110758424,4.959595959595959,0.0,M0 gepoolt (raw LD)
1.3700590743984813,0.03395090621835179,5.94949494949495,0.0,M0 gepoolt (raw LD)
1.3555775671741563,0.031590033913114476,6.939393939393939,0.0,M0 gepoolt (raw LD)
1.3413785724127962,0.029924874298864763,7.929292929292929,0.0,M0 gepoolt (raw LD)
1.3275025220512744,0.028977887215602367,8.919191919191919,0.0,M0 gepoolt (raw LD)
1.313989848026465,0.028709754647774,9.909090909090908,0.0,M0 gepoolt (raw LD)
1.3008809822752407,0.029020742470575015,10.898989898989898,0.0,M0 gepoolt (raw LD)
1.2882163567344758,0.029770656915264725,11.888888888888888,0.0,M0 gepoolt (raw LD)
1.2760364033410443,0.030805932158761724,12.878787878787879,0.0,M0 gepoolt (raw LD)
1.2643815540318193,0.03198121636327305,13.868686868686869,0.0,M0 gepoolt (raw LD)
1.2532922407436746,0.033170675721711264,14.85858585858586,0.0,M0 gepoolt (raw LD)
1.2428088954134837,0.03427106106847353,15.848484848484848,0.0,M0 gepoolt (raw LD)
1.2329719499781204,0.03520049677283663,16.838383838383837,0.0,M0 gepoolt (raw LD)
1.2238218363744584,0.0358960179129996,17.82828282828283,0.0,M0 gepoolt (raw LD)
1.2153989865393717,0.03631152384315004,18.818181818181817,0.0,M0 gepoolt (raw LD)
1.2077438324097334,0.03641695573474096,19.80808080808081,0.0,M0 gepoolt (raw LD)
1.2008867213909638,0.03620390824163999,20.7979797979798,0.0,M0 gepoolt (raw LD)
1.1947804911822708,0.03571758412722681,21.787878787878785,0.0,M0 gepoolt (raw LD)
1.1893420385962772,0.035032389725664075,22.77777777777778,0.0,M0 gepoolt (raw LD)
1.184488063529319,0.03423194074556499,23.767676767676768,0.0,M0 gepoolt (raw LD)
1.180135265877733,0.033406408852713745,24.757575757575758,0.0,M0 gepoolt (raw LD)
1.1762003455378565,0.032648714413394904,25.747474747474747,0.0,M0 gepoolt (raw LD)
1.1726000024060248,0.03204868182935295,26.737373737373737,0.0,M0 gepoolt (raw LD)
1.1692509363785746,0.03168496663424665,27.727272727272727,0.0,M0 gepoolt (raw LD)
1.1660698473518423,0.03161572804433841,28.71717171717172,0.0,M0 gepoolt (raw LD)
1.1629734352221646,0.03187037105851917,29.707070707070706,0.0,M0 gepoolt (raw LD)
1.159878399885877,0.03244520520921209,30.696969696969695,0.0,M0 gepoolt (raw LD)
1.1567014412393166,0.033304721256990334,31.686868686868685,0.0,M0 gepoolt (raw LD)
1.1533592591788198,0.03438786235786287,32.676767676767675,0.0,M0 gepoolt (raw LD)
1.149768553600722,0.03561681134995389,33.666666666666664,0.0,M0 gepoolt (raw LD)
1.1458460244013609,0.03690558347114401,34.65656565656566,0.0,M0 gepoolt (raw LD)
1.1415083714770722,0.038166773770839366,35.64646464646465,0.0,M0 gepoolt (raw LD)
1.1366722947241925,0.03931609423810524,36.63636363636363,0.0,M0 gepoolt (raw LD)
1.131254494039058,0.04027515395512363,37.62626262626262,0.0,M0 gepoolt (raw LD)
1.1251716693180052,0.04097322638072424,38.61616161616161,0.0,M0 gepoolt (raw LD)
1.1183405204573706,0.04134875167339873,39.60606060606061,0.0,M0 gepoolt (raw LD)
1.1106846626692586,0.04135409349880669,40.5959595959596,0.0,M0 gepoolt (raw LD)
1.1022361210020872,0.04099914282825177,41.58585858585859,0.0,M0 gepoolt (raw LD)
1.0931129735522869,0.040341393469823135,42.57575757575757,0.0,M0 gepoolt (raw LD)
1.0834356674761143,0.039449302567149416,43.56565656565656,0.0,M0 gepoolt (raw LD)
1.0733246499298261,0.038399437769795514,44.55555555555556,0.0,M0 gepoolt (raw LD)
1.0629003680696816,0.03727464797215894,45.54545454545455,0.0,M0 gepoolt (raw LD)
1.0522832690519355,0.03616156576602107,46.535353535353536,0.0,M0 gepoolt (raw LD)
1.0415938000328469,0.03514674479350356,47.525252525252526,0.0,M0 gepoolt (raw LD)
1.0309524081686727,0.03431093333891431,48.51515151515151,0.0,M0 gepoolt (raw LD)
1.0204795406156701,0.033721564682190806,49.505050505050505,0.0,M0 gepoolt (raw LD)
1.010295644530097,0.033424545063396344,50.494949494949495,0.0,M0 gepoolt (raw LD)
1.00052116706821,0.03343744203390936,51.48484848484849,0.0,M0 gepoolt (raw LD)
0.9912765553862667,0.03374640788058991,52.474747474747474,0.0,M0 gepoolt (raw LD)
0.9826822566405244,0.03430806758522831,53.46464646464646,0.0,M0 gepoolt (raw LD)
0.9748587179872401,0.03505566610934554,54.45454545454545,0.0,M0 gepoolt (raw LD)
0.9679263865826719,0.035907307374747885,55.44444444444444,0.0,M0 gepoolt (raw LD)
0.9620057095830763,0.03677397650699563,56.43434343434344,0.0,M0 gepoolt (raw LD)
0.9572171341447115,0.03756593636224597,57.42424242424242,0.0,M0 gepoolt (raw LD)
0.9536811074238338,0.03819719017409612,58.414141414141405,0.0,M0 gepoolt (raw LD)
0.9515180765767016,0.03858844337198134,59.4040404040404,0.0,M0 gepoolt (raw LD)
0.9508459213591062,0.03867007136453225,60.39393939393939,0.0,M0 gepoolt (raw LD)
0.9516757919486275,0.038415215131016506,61.38383838383839,0.0,M0 gepoolt (raw LD)
0.9538760501569868,0.037852796338771345,62.37373737373737,0.0,M0 gepoolt (raw LD)
0.9573050865678265,0.037026895852050185,63.36363636363637,0.0,M0 gepoolt (raw LD)
0.961821291764789,0.03599142735979721,64.35353535353535,0.0,M0 gepoolt (raw LD)
0.967283056331517,0.03480856372951813,65.34343434343434,0.0,M0 gepoolt (raw LD)
0.9735487708516527,0.033547448029685845,66.33333333333333,0.0,M0 gepoolt (raw LD)
0.9804768259088381,0.0322825911263652,67.32323232323232,0.0,M0 gepoolt (raw LD)
0.9879256120867161,0.031091288661361897,68.31313131313131,0.0,M0 gepoolt (raw LD)
0.9957535199689291,0.030049384827909777,69.3030303030303,0.0,M0 gepoolt (raw LD)
1.0038189401391195,0.02922498887818496,70.2929292929293,0.0,M0 gepoolt (raw LD)
1.0119802631809298,0.028670531724859713,71.28282828282828,0.0,M0 gepoolt (raw LD)
1.020095879678002,0.02841475654190341,72.27272727272727,0.0,M0 gepoolt (raw LD)
1.0280241802139787,0.028457186361690763,73.26262626262626,0.0,M0 gepoolt (raw LD)
1.0356235553725017,0.028767302515183474,74.25252525252525,0.0,M0 gepoolt (raw LD)
1.0427523957372147,0.029288859529379267,75.24242424242425,0.0,M0 gepoolt (raw LD)
1.0492690918917595,0.029947615513563147,76.23232323232322,0.0,M0 gepoolt (raw LD)
1.0550320344197786,0.03065980022618668,77.22222222222221,0.0,M0 gepoolt (raw LD)
1.0598996139049135,0.03133923190193119,78.2121212121212,0.0,M0 gepoolt (raw LD)
1.0637302209308075,0.031902272706889306,79.2020202020202,0.0,M0 gepoolt (raw LD)
1.0663824786045566,0.03227090632753608,80.1919191919192,0.0,M0 gepoolt (raw LD)
1.06777173529398,0.03238857747013117,81.18181818181817,0.0,M0 gepoolt (raw LD)
1.067943760500786,0.03224220445532754,82.17171717171718,0.0,M0 gepoolt (raw LD)
1.0669625846518647,0.03183590626942308,83.16161616161615,0.0,M0 gepoolt (raw LD)
1.0648922381741057,0.031184338357030345,84.15151515151514,0.0,M0 gepoolt (raw LD)
1.0617967514944007,0.030311499603099413,85.14141414141415,0.0,M0 gepoolt (raw LD)
1.0577401550396395,0.029250624419702647,86.13131313131312,0.0,M0 gepoolt (raw LD)
1.0527864792367119,0.028045027365753886,87.12121212121212,0.0,M0 gepoolt (raw LD)
1.0469997545125074,0.026749808281585765,88.1111111111111,0.0,M0 gepoolt (raw LD)
1.0404440112939175,0.02543421033730765,89.1010101010101,0.0,M0 gepoolt (raw LD)
1.0331832800078322,0.024184008289766527,90.0909090909091,0.0,M0 gepoolt (raw LD)
1.0252815910811415,0.02310240362545103,91.08080808080807,0.0,M0 gepoolt (raw LD)
1.0168029749407355,0.02230656796879646,92.07070707070707,0.0,M0 gepoolt (raw LD)
1.0078114620135048,0.02191624897742194,93.06060606060605,0.0,M0 gepoolt (raw LD)
0.9983710827263395,0.02203332052941492,94.05050505050505,0.0,M0 gepoolt (raw LD)
0.9885458675061296,0.022718420637344725,95.04040404040404,0.0,M0 gepoolt (raw LD)
0.9783998467797659,0.023977430199758724,96.03030303030302,0.0,M0 gepoolt (raw LD)
0.9679970509741379,0.025766366681349503,97.02020202020202,0.0,M0 gepoolt (raw LD)
0.9574015105161364,0.028010009017270247,98.010101010101,0.0,M0 gepoolt (raw LD)
0.9466772558326516,0.030622124597891293,99.0,0.0,M0 gepoolt (raw LD)
1.3723656883175996,0.044493900000916686,1.0,0.08004270767353643,M0 gepoolt (raw LD)
1.360989708028342,0.04060986960798368,1.9898989898989898,0.08004270767353643,M0 gepoolt (raw LD)
1.3496623490305735,0.036966031169201954,2.9797979797979797,0.08004270767353643,M0 gepoolt (raw LD)
1.3384080766013235,0.03363268159710828,3.9696969696969697,0.08004270767353643,M0 gepoolt (raw LD)
1.3272513560176147,0.030689015506631653,4.959595959595959,0.08004270767353643,M0 gepoolt (raw LD)
1.316216652556478,0.028219172002917847,5.94949494949495,0.08004270767353643,M0 gepoolt (raw LD)
1.305328431494936,0.02630213594944089,6.939393939393939,0.08004270767353643,M0 gepoolt (raw LD)
1.2946111581100197,0.024994374076343643,7.929292929292929,0.08004270767353643,M0 gepoolt (raw LD)
1.2840892976787526,0.024309329914229464,8.919191919191919,0.08004270767353643,M0 gepoolt (raw LD)
1.2737873154781634,0.02420435774748239,9.909090909090908,0.08004270767353643,M0 gepoolt (raw LD)
1.2637296767852784,0.024584924227895797,10.898989898989898,0.08004270767353643,M0 gepoolt (raw LD)
1.2539408468771236,0.02532470788966583,11.888888888888888,0.08004270767353643,M0 gepoolt (raw LD)
1.244445291030726,0.026289834646223906,12.878787878787879,0.08004270767353643,M0 gepoolt (raw LD)
1.2352674745231127,0.02735654123681062,13.868686868686869,0.08004270767353643,M0 gepoolt (raw LD)
1.2264318626313109,0.028419433240082042,14.85858585858586,0.08004270767353643,M0 gepoolt (raw LD)
1.2179629206323468,0.02939298575811713,15.848484848484848,0.08004270767353643,M0 gepoolt (raw LD)
1.209885113803248,0.030209886471283802,16.838383838383837,0.08004270767353643,M0 gepoolt (raw LD)
1.2022229074210387,0.030818685114893277,17.82828282828283,0.08004270767353643,M0 gepoolt (raw LD)
1.1950007667627485,0.03118200815734226,18.818181818181817,0.08004270767353643,M0 gepoolt (raw LD)
1.1882431571054035,0.0312759157787587,19.80808080808081,0.08004270767353643,M0 gepoolt (raw LD)
1.1819678514321643,0.031094807494835758,20.7979797979798,0.08004270767353643,M0 gepoolt (raw LD)
1.1761411857572275,0.03067885160463001,21.787878787878785,0.08004270767353643,M0 gepoolt (raw LD)
1.1707056450139606,0.030093005826907354,22.77777777777778,0.08004270767353643,M0 gepoolt (raw LD)
1.1656035834582008,0.02940990647907146,23.767676767676768,0.08004270767353643,M0 gepoolt (raw LD)
1.1607773553457883,0.028707601716600955,24.757575757575758,0.08004270767353643,M0 gepoolt (raw LD)
1.1561693149325596,0.02806624414930957,25.747474747474747,0.08004270767353643,M0 gepoolt (raw LD)
1.1517218164743546,0.027563003034701657,26.737373737373737,0.08004270767353643,M0 gepoolt (raw LD)
1.1473772142270091,0.027265070679564036,27.727272727272727,0.08004270767353643,M0 gepoolt (raw LD)
1.1430778624463647,0.02722165429786395,28.71717171717172,0.08004270767353643,M0 gepoolt (raw LD)
1.138766115388256,0.027456990962539302,29.707070707070706,0.08004270767353643,M0 gepoolt (raw LD)
1.1343843273085235,0.027966816962738474,30.696969696969695,0.08004270767353643,M0 gepoolt (raw LD)
1.129874852463004,0.02871967632654516,31.686868686868685,0.08004270767353643,M0 gepoolt (raw LD)
1.125180045107536,0.029662446050556242,32.676767676767675,0.08004270767353643,M0 gepoolt (raw LD)
1.1202422594979597,0.030727914110232943,33.666666666666664,0.08004270767353643,M0 gepoolt (raw LD)
1.115003849890111,0.031842108457884516,34.65656565656566,0.08004270767353643,M0 gepoolt (raw LD)
1.1094071705398285,0.03293000994097312,35.64646464646465,0.08004270767353643,M0 gepoolt (raw LD)
1.1033945757029504,0.0339193743479702,36.63636363636363,0.08004270767353643,M0 gepoolt (raw LD)
1.096908419635316,0.03474306907177056,37.62626262626262,0.08004270767353643,M0 gepoolt (raw LD)
1.089891056592762,0.035340564144468595,38.61616161616161,0.08004270767353643,M0 gepoolt (raw LD)
1.0822848408311274,0.03565921491762885,39.60606060606061,0.08004270767353643,M0 gepoolt (raw LD)
1.0740377375428838,0.03565836172705394,40.5959595959596,0.08004270767353643,M0 gepoolt (raw LD)
1.0651856733010518,0.0353468921617627,41.58585858585859,0.08004270767353643,M0 gepoolt (raw LD)
1.0558343962479984,0.034774664755659074,42.57575757575757,0.08004270767353643,M0 gepoolt (raw LD)
1.0460915767296484,0.03400095398528041,43.56565656565656,0.08004270767353643,M0 gepoolt (raw LD)
1.0360648850919238,0.033092010323817644,44.55555555555556,0.08004270767353643,M0 gepoolt (raw LD)
1.0258619916807499,0.03211949066021563,45.54545454545455,0.08004270767353643,M0 gepoolt (raw LD)
1.015590566842051,0.031158299607595637,46.535353535353536,0.08004270767353643,M0 gepoolt (raw LD)
1.0053582809217483,0.030283238629108606,47.525252525252526,0.08004270767353643,M0 gepoolt (raw LD)
0.9952728042657681,0.02956403318918538,48.51515151515151,0.08004270767353643,M0 gepoolt (raw LD)
0.9854418072200337,0.029058814904348338,49.505050505050505,0.08004270767353643,M0 gepoolt (raw LD)
0.9759729601304691,0.028807008273546843,50.494949494949495,0.08004270767353643,M0 gepoolt (raw LD)
0.9669739333429979,0.028823456953101262,51.48484848484849,0.08004270767353643,M0 gepoolt (raw LD)
0.9585523972035436,0.029095813403223796,52.474747474747474,0.08004270767353643,M0 gepoolt (raw LD)
0.9508160220580315,0.029586239315593354,53.46464646464646,0.08004270767353643,M0 gepoolt (raw LD)
0.9438724782523834,0.03023677884370011,54.45454545454545,0.08004270767353643,M0 gepoolt (raw LD)
0.9378294361325248,0.030976509529931043,55.44444444444444,0.08004270767353643,M0 gepoolt (raw LD)
0.9327945660443789,0.031728473169547244,56.43434343434344,0.08004270767353643,M0 gepoolt (raw LD)
0.9288755383338699,0.03241518073486374,57.42424242424242,0.08004270767353643,M0 gepoolt (raw LD)
0.926180023346921,0.0329624396268267,58.414141414141405,0.08004270767353643,M0 gepoolt (raw LD)
0.9248156914294572,0.03330188727953026,59.4040404040404,0.08004270767353643,M0 gepoolt (raw LD)
0.924887786150816,0.033373536868938604,60.39393939393939,0.08004270767353643,M0 gepoolt (raw LD)
0.9264006673869355,0.03315434923339281,61.38383838383839,0.08004270767353643,M0 gepoolt (raw LD)
0.929223727575824,0.03266944597541118,62.37373737373737,0.08004270767353643,M0 gepoolt (raw LD)
0.9332169340801454,0.031957014551995386,63.36363636363637,0.08004270767353643,M0 gepoolt (raw LD)
0.9382402542625619,0.031063714910682754,64.35353535353535,0.08004270767353643,M0 gepoolt (raw LD)
0.9441536554857358,0.030043324652491304,65.34343434343434,0.08004270767353643,M0 gepoolt (raw LD)
0.9508171051123306,0.028955626292381895,66.33333333333333,0.08004270767353643,M0 gepoolt (raw LD)
0.9580905705050092,0.02786501948724873,67.32323232323232,0.08004270767353643,M0 gepoolt (raw LD)
0.965834019026434,0.02683828159773215,68.31313131313131,0.08004270767353643,M0 gepoolt (raw LD)
0.9739074180392673,0.0259408966216142,69.3030303030303,0.08004270767353643,M0 gepoolt (raw LD)
0.982170734906172,0.025231616040991483,70.2929292929293,0.08004270767353643,M0 gepoolt (raw LD)
0.9904839369898124,0.02475559362808359,71.28282828282828,0.08004270767353643,M0 gepoolt (raw LD)
0.9987069916528487,0.02453747901906892,72.27272727272727,0.08004270767353643,M0 gepoolt (raw LD)
1.0066998662579456,0.02457666838432474,73.26262626262626,0.08004270767353643,M0 gepoolt (raw LD)
1.014322528167765,0.024846632226971813,74.25252525252525,0.08004270767353643,M0 gepoolt (raw LD)
1.0214349447449695,0.025298671816603478,75.24242424242425,0.08004270767353643,M0 gepoolt (raw LD)
1.027897083352223,0.02586860684673748,76.23232323232322,0.08004270767353643,M0 gepoolt (raw LD)
1.033568911352188,0.02648408244436914,77.22222222222221,0.08004270767353643,M0 gepoolt (raw LD)
1.0383103961075248,0.027070700314664527,78.2121212121212,0.08004270767353643,M0 gepoolt (raw LD)
1.0419815049809,0.027556283368264045,79.2020202020202,0.08004270767353643,M0 gepoolt (raw LD)
1.0444424377855541,0.027873523709999515,80.1919191919192,0.08004270767353643,M0 gepoolt (raw LD)
1.045610101817805,0.027973668175212574,81.18181818181817,0.08004270767353643,M0 gepoolt (raw LD)
1.0455317846339771,0.027845535709170186,82.17171717171718,0.08004270767353643,M0 gepoolt (raw LD)
1.0442730289926196,0.027492805425341157,83.16161616161615,0.08004270767353643,M0 gepoolt (raw LD)
1.04189937765228,0.02692826656477529,84.15151515151514,0.08004270767353643,M0 gepoolt (raw LD)
1.0384763733715079,0.02617279880433212,85.14141414141415,0.08004270767353643,M0 gepoolt (raw LD)
1.0340695589088504,0.025255291473483307,86.13131313131312,0.08004270767353643,M0 gepoolt (raw LD)
1.0287444770228569,0.02421338728629893,87.12121212121212,0.08004270767353643,M0 gepoolt (raw LD)
1.022566670472076,0.023094969600298013,88.1111111111111,0.08004270767353643,M0 gepoolt (raw LD)
1.015601682015055,0.021960208371374072,89.1010101010101,0.08004270767353643,M0 gepoolt (raw LD)
1.0079150544103437,0.020883613476836278,90.0909090909091,0.08004270767353643,M0 gepoolt (raw LD)
0.9995723304164889,0.019954754964095572,91.08080808080807,0.08004270767353643,M0 gepoolt (raw LD)
0.99063905279204,0.019275152873941076,92.07070707070707,0.08004270767353643,M0 gepoolt (raw LD)
0.981180764295545,0.018948245080140234,93.06060606060605,0.08004270767353643,M0 gepoolt (raw LD)
0.9712630076855526,0.019061566165575156,94.05050505050505,0.08004270767353643,M0 gepoolt (raw LD)
0.9609513257206114,0.019666615336806484,95.04040404040404,0.08004270767353643,M0 gepoolt (raw LD)
0.9503112611592692,0.02076747955007529,96.03030303030302,0.08004270767353643,M0 gepoolt (raw LD)
0.9394083567600748,0.022325410347389985,97.02020202020202,0.08004270767353643,M0 gepoolt (raw LD)
0.9283081552815768,0.024275061726417906,98.010101010101,0.08004270767353643,M0 gepoolt (raw LD)
0.917076199482323,0.026541893665399996,99.0,0.08004270767353643,M0 gepoolt (raw LD)
1.0380333879234067,0.0661626440852782,1.0,0.4803664162812822,M0 gepoolt (raw LD)
1.0442554416831982,0.06063307120944958,1.9898989898989898,0.4803664162812822,M0 gepoolt (raw LD)
1.050386769538754,0.055310540970686044,2.9797979797979797,0.4803664162812822,M0 gepoolt (raw LD)
1.0563817200005199,0.0502583363721172,3.9696969696969697,0.4803664162812822,M0 gepoolt (raw LD)
1.062194641578939,0.045549018007974326,4.959595959595959,0.4803664162812822,M0 gepoolt (raw LD)
1.0677798827844553,0.04126536498092571,5.94949494949495,0.4803664162812822,M0 gepoolt (raw LD)
1.0730917921275138,0.037499235653895006,6.939393939393939,0.4803664162812822,M0 gepoolt (raw LD)
1.0780847181185607,0.034345884183028835,7.929292929292929,0.4803664162812822,M0 gepoolt (raw LD)
1.0827130092680368,0.031890805068771524,8.919191919191919,0.4803664162812822,M0 gepoolt (raw LD)
1.0869310140863888,0.0301883723489506,9.909090909090908,0.4803664162812822,M0 gepoolt (raw LD)
1.0906930810840614,0.02923810424165088,10.898989898989898,0.4803664162812822,M0 gepoolt (raw LD)
1.0939535587714977,0.028971515272010338,11.888888888888888,0.4803664162812822,M0 gepoolt (raw LD)
1.0966667956591443,0.02926019717658371,12.878787878787879,0.4803664162812822,M0 gepoolt (raw LD)
1.0987871402574425,0.029941778509162086,13.868686868686869,0.4803664162812822,M0 gepoolt (raw LD)
1.1002689410768398,0.03084910454587376,14.85858585858586,0.4803664162812822,M0 gepoolt (raw LD)
1.1010665466277794,0.03183055632184792,15.848484848484848,0.4803664162812822,M0 gepoolt (raw LD)
1.1011343054207043,0.03275904261412535,16.838383838383837,0.4803664162812822,M0 gepoolt (raw LD)
1.1004265659660606,0.033533290016297644,17.82828282828283,0.4803664162812822,M0 gepoolt (raw LD)
1.098897676774294,0.03407583499492986,18.818181818181817,0.4803664162812822,M0 gepoolt (raw LD)
1.0965019863558456,0.03433068023650335,19.80808080808081,0.4803664162812822,M0 gepoolt (raw LD)
1.0932019300332483,0.0342670871170446,20.7979797979798,0.4803664162812822,M0 gepoolt (raw LD)
1.0890220983646877,0.033911352306357716,21.787878787878785,0.4803664162812822,M0 gepoolt (raw LD)
1.0840159029990826,0.03332232165207629,22.77777777777778,0.4803664162812822,M0 gepoolt (raw LD)
1.0782369134930356,0.03257049902650683,23.767676767676768,0.4803664162812822,M0 gepoolt (raw LD)
1.0717386994031473,0.03173540875232449,24.757575757575758,0.4803664162812822,M0 gepoolt (raw LD)
1.0645748302860227,0.030902671384064953,25.747474747474747,0.4803664162812822,M0 gepoolt (raw LD)
1.0567988756982634,0.03015971539806269,26.737373737373737,0.4803664162812822,M0 gepoolt (raw LD)
1.0484644051964718,0.029589401841406716,27.727272727272727,0.4803664162812822,M0 gepoolt (raw LD)
1.0396249883372504,0.029261576943130703,28.71717171717172,0.4803664162812822,M0 gepoolt (raw LD)
1.030334194677201,0.029223859785975748,29.707070707070706,0.4803664162812822,M0 gepoolt (raw LD)
1.0206455937729273,0.029494253168369136,30.696969696969695,0.4803664162812822,M0 gepoolt (raw LD)
1.0106127551810318,0.030058313278703525,31.686868686868685,0.4803664162812822,M0 gepoolt (raw LD)
1.0002892484581158,0.03087201245591179,32.676767676767675,0.4803664162812822,M0 gepoolt (raw LD)
0.9897286431607827,0.03186900790491698,33.666666666666664,0.4803664162812822,M0 gepoolt (raw LD)
0.9789845088456357,0.03296955402846738,34.65656565656566,0.4803664162812822,M0 gepoolt (raw LD)
0.9681104150692754,0.03408855136352213,35.64646464646465,0.4803664162812822,M0 gepoolt (raw LD)
0.9571599313883067,0.03514150298625054,36.63636363636363,0.4803664162812822,M0 gepoolt (raw LD)
0.9461866273593298,0.036048361874026276,37.62626262626262,0.4803664162812822,M0 gepoolt (raw LD)
0.9352440725389484,0.03673590086158556,38.61616161616161,0.4803664162812822,M0 gepoolt (raw LD)
0.924385836483765,0.03713941162861654,39.60606060606061,0.4803664162812822,M0 gepoolt (raw LD)
0.9136654957335509,0.03720715905983149,40.5959595959596,0.4803664162812822,M0 gepoolt (raw LD)
0.9031367363016298,0.03694130683448508,41.58585858585859,0.4803664162812822,M0 gepoolt (raw LD)
0.8928533310987247,0.0363893147484186,42.57575757575757,0.4803664162812822,M0 gepoolt (raw LD)
0.8828690554278631,0.035609613440595995,43.56565656565656,0.4803664162812822,M0 gepoolt (raw LD)
0.873237684592075,0.034668750823641716,44.55555555555556,0.4803664162812822,M0 gepoolt (raw LD)
0.8640129938943866,0.03363972696243149,45.54545454545455,0.4803664162812822,M0 gepoolt (raw LD)
0.8552487586378275,0.032599937336246124,46.535353535353536,0.4803664162812822,M0 gepoolt (raw LD)
0.8469987541254255,0.031628056908825544,47.525252525252526,0.4803664162812822,M0 gepoolt (raw LD)
0.839316755660209,0.03079930719905128,48.51515151515151,0.4803664162812822,M0 gepoolt (raw LD)
0.8322565385452052,0.03017896211201574,49.505050505050505,0.4803664162812822,M0 gepoolt (raw LD)
0.8258718780834444,0.02981478366171753,50.494949494949495,0.4803664162812822,M0 gepoolt (raw LD)
0.8202165495779526,0.02973010618897412,51.48484848484849,0.4803664162812822,M0 gepoolt (raw LD)
0.8153443283317595,0.02991981325400255,52.474747474747474,0.4803664162812822,M0 gepoolt (raw LD)
0.8113089896478926,0.030350780624264925,53.46464646464646,0.4803664162812822,M0 gepoolt (raw LD)
0.8081643088293796,0.03096664559299306,54.45454545454545,0.4803664162812822,M0 gepoolt (raw LD)
0.8059640611792508,0.03169513615823809,55.44444444444444,0.4803664162812822,M0 gepoolt (raw LD)
0.8047620220005318,0.03245570396143017,56.43434343434344,0.4803664162812822,M0 gepoolt (raw LD)
0.8046119665962529,0.0331658669693014,57.42424242424242,0.4803664162812822,M0 gepoolt (raw LD)
0.8055676702694413,0.033745730266698595,58.414141414141405,0.4803664162812822,M0 gepoolt (raw LD)
0.8076829083231253,0.03412096119474712,59.4040404040404,0.4803664162812822,M0 gepoolt (raw LD)
0.8110095961555244,0.03422555233591995,60.39393939393939,0.4803664162812822,M0 gepoolt (raw LD)
0.8155223309363767,0.03403134337894329,61.38383838383839,0.4803664162812822,M0 gepoolt (raw LD)
0.8210922694988182,0.03356000277832791,62.37373737373737,0.4803664162812822,M0 gepoolt (raw LD)
0.8275833452080038,0.03284690389988594,63.36363636363637,0.4803664162812822,M0 gepoolt (raw LD)
0.8348594914290863,0.0319362038218704,64.35353535353535,0.4803664162812822,M0 gepoolt (raw LD)
0.8427846415272223,0.030879362570908946,65.34343434343434,0.4803664162812822,M0 gepoolt (raw LD)
0.8512227288675648,0.029734052115793573,66.33333333333333,0.4803664162812822,M0 gepoolt (raw LD)
0.8600376868152685,0.02856297564475789,67.32323232323232,0.4803664162812822,M0 gepoolt (raw LD)
0.8690934487354885,0.027432062646091965,68.31313131313131,0.4803664162812822,M0 gepoolt (raw LD)
0.8782539479933793,0.02640745354201748,69.3030303030303,0.4803664162812822,M0 gepoolt (raw LD)
0.8873831179540942,0.025550796564855215,70.2929292929293,0.4803664162812822,M0 gepoolt (raw LD)
0.896344891982789,0.02491285899239416,71.28282828282828,0.4803664162812822,M0 gepoolt (raw LD)
0.9050032034446175,0.02452638634458996,72.27272727272727,0.4803664162812822,M0 gepoolt (raw LD)
0.9132219857047343,0.024400167302879486,73.26262626262626,0.4803664162812822,M0 gepoolt (raw LD)
0.9208651721282933,0.024516537653661092,74.25252525252525,0.4803664162812822,M0 gepoolt (raw LD)
0.9277966960804503,0.024833464626980238,75.24242424242425,0.4803664162812822,M0 gepoolt (raw LD)
0.9338804909263586,0.025290416113158982,76.23232323232322,0.4803664162812822,M0 gepoolt (raw LD)
0.9389804900311733,0.02581583281183678,77.22222222222221,0.4803664162812822,M0 gepoolt (raw LD)
0.942960626760049,0.02633403162293903,78.2121212121212,0.4803664162812822,M0 gepoolt (raw LD)
0.9456848344781393,0.026770369434174802,79.2020202020202,0.4803664162812822,M0 gepoolt (raw LD)
0.947017284501628,0.027054619386116047,80.1919191919192,0.4803664162812822,M0 gepoolt (raw LD)
0.9468801974915323,0.027134917825543847,81.18181818181817,0.4803664162812822,M0 gepoolt (raw LD)
0.9453292595399343,0.026997040916390293,82.17171717171718,0.4803664162812822,M0 gepoolt (raw LD)
0.9424388439116052,0.026642403751319998,83.16161616161615,0.4803664162812822,M0 gepoolt (raw LD)
0.9382833238713155,0.026082207878239057,84.15151515151514,0.4803664162812822,M0 gepoolt (raw LD)
0.9329370726838349,0.025336281185837597,85.14141414141415,0.4803664162812822,M0 gepoolt (raw LD)
0.9264744636139343,0.024432923872225572,86.13131313131312,0.4803664162812822,M0 gepoolt (raw LD)
0.9189698699263837,0.023409638241001264,87.12121212121212,0.4803664162812822,M0 gepoolt (raw LD)
0.9104976648859534,0.022314650721609767,88.1111111111111,0.4803664162812822,M0 gepoolt (raw LD)
0.9011322217574134,0.02120901468577663,89.1010101010101,0.4803664162812822,M0 gepoolt (raw LD)
0.8909479138055348,0.020168670385562634,90.0909090909091,0.4803664162812822,M0 gepoolt (raw LD)
0.8800191142950884,0.019284962465725676,91.08080808080807,0.4803664162812822,M0 gepoolt (raw LD)
0.8684201964908429,0.018660878820236225,92.07070707070707,0.4803664162812822,M0 gepoolt (raw LD)
0.8562255336575701,0.01839981278739298,93.06060606060605,0.4803664162812822,M0 gepoolt (raw LD)
0.8435094990600398,0.018586484956046444,94.05050505050505,0.4803664162812822,M0 gepoolt (raw LD)
0.830346465963022,0.019266718752092665,95.04040404040404,0.4803664162812822,M0 gepoolt (raw LD)
0.8168108076312878,0.02043783202071676,96.03030303030302,0.4803664162812822,M0 gepoolt (raw LD)
0.8029768973296069,0.02205569057170954,97.02020202020202,0.4803664162812822,M0 gepoolt (raw LD)
0.7889191083227503,0.024052280179468352,98.010101010101,0.4803664162812822,M0 gepoolt (raw LD)
0.7747118138754879,0.02635285525438167,99.0,0.4803664162812822,M0 gepoolt (raw LD)
0.828416514568979,0.14425171752292706,1.0,1.168345626682785,M0 gepoolt (raw LD)
0.8412759013036762,0.1331369409845651,1.9898989898989898,1.168345626682785,M0 gepoolt (raw LD)
0.8540375406171389,0.12226404742547572,2.9797979797979797,1.168345626682785,M0 gepoolt (raw LD)
0.8666522479306386,0.11171055174925672,3.9696969696969697,1.168345626682785,M0 gepoolt (raw LD)
0.8790708386654468,0.10156201842924405,4.959595959595959,1.168345626682785,M0 gepoolt (raw LD)
0.8912441282428349,0.09191422943591583,5.94949494949495,1.168345626682785,M0 gepoolt (raw LD)
0.9031229320840768,0.08287551131205942,6.939393939393939,1.168345626682785,M0 gepoolt (raw LD)
0.9146580656104417,0.07456855174000099,7.929292929292929,1.168345626682785,M0 gepoolt (raw LD)
0.925800344243202,0.06713011833547591,8.919191919191919,1.168345626682785,M0 gepoolt (raw LD)
0.9365005834036298,0.06070561376576727,9.909090909090908,1.168345626682785,M0 gepoolt (raw LD)
0.9467095985129964,0.05543392655271549,10.898989898989898,1.168345626682785,M0 gepoolt (raw LD)
0.9563782049925732,0.05141884209677395,11.888888888888888,1.168345626682785,M0 gepoolt (raw LD)
0.9654572182636322,0.048690175946707374,12.878787878787879,1.168345626682785,M0 gepoolt (raw LD)
0.9738974537474453,0.04717063580815541,13.868686868686869,1.168345626682785,M0 gepoolt (raw LD)
0.9816497268652838,0.046671028418235457,14.85858585858586,1.168345626682785,M0 gepoolt (raw LD)
0.98866485303842,0.04692207449717569,15.848484848484848,1.168345626682785,M0 gepoolt (raw LD)
0.9948936476881243,0.04762568943435691,16.838383838383837,1.168345626682785,M0 gepoolt (raw LD)
1.0002869262356702,0.04849988383324948,17.82828282828283,1.168345626682785,M0 gepoolt (raw LD)
1.004795504102328,0.049304325564756064,18.818181818181817,1.168345626682785,M0 gepoolt (raw LD)
1.008370196709369,0.04984895940001141,19.80808080808081,1.168345626682785,M0 gepoolt (raw LD)
1.0109690405567517,0.05000173399059334,20.7979797979798,1.168345626682785,M0 gepoolt (raw LD)
1.0126055733533919,0.04973814172285252,21.787878787878785,1.168345626682785,M0 gepoolt (raw LD)
1.0133190684580222,0.04910203136462924,22.77777777777778,1.168345626682785,M0 gepoolt (raw LD)
1.0131489402322584,0.04816777764447357,23.767676767676768,1.168345626682785,M0 gepoolt (raw LD)
1.0121346030377156,0.04703256852539885,24.757575757575758,1.168345626682785,M0 gepoolt (raw LD)
1.0103154712360087,0.04581045303235453,25.747474747474747,1.168345626682785,M0 gepoolt (raw LD)
1.007730959188754,0.044626050882600986,26.737373737373737,1.168345626682785,M0 gepoolt (raw LD)
1.004420481257565,0.04360623819693235,27.727272727272727,1.168345626682785,M0 gepoolt (raw LD)
1.0004234518040585,0.04286876713922866,28.71717171717172,1.168345626682785,M0 gepoolt (raw LD)
0.99577928518985,0.04250824551388632,29.707070707070706,1.168345626682785,M0 gepoolt (raw LD)
0.9905273957765536,0.04258208786495723,30.696969696969695,1.168345626682785,M0 gepoolt (raw LD)
0.9847071979257862,0.0431007345478709,31.686868686868685,1.168345626682785,M0 gepoolt (raw LD)
0.9783581059991618,0.04402586393448996,32.676767676767675,1.168345626682785,M0 gepoolt (raw LD)
0.971519534358296,0.04527718081068309,33.666666666666664,1.168345626682785,M0 gepoolt (raw LD)
0.9642308973648042,0.046744789344054065,34.65656565656566,1.168345626682785,M0 gepoolt (raw LD)
0.9565316093803017,0.04830272597701641,35.64646464646465,1.168345626682785,M0 gepoolt (raw LD)
0.9484610847664043,0.04982034557202171,36.63636363636363,1.168345626682785,M0 gepoolt (raw LD)
0.9400587378847269,0.05117037557110651,37.62626262626262,1.168345626682785,M0 gepoolt (raw LD)
0.9313639830968847,0.05223408531611687,38.61616161616161,1.168345626682785,M0 gepoolt (raw LD)
0.9224162347644929,0.05290475323406318,39.60606060606061,1.168345626682785,M0 gepoolt (raw LD)
0.9132563302355196,0.053094723208481596,40.5959595959596,1.168345626682785,M0 gepoolt (raw LD)
0.9039474146921332,0.052797098362544245,41.58585858585859,1.168345626682785,M0 gepoolt (raw LD)
0.8945703407238035,0.05207406603152136,42.57575757575757,1.168345626682785,M0 gepoolt (raw LD)
0.8852064484089214,0.051005437137732264,43.56565656565656,1.168345626682785,M0 gepoolt (raw LD)
0.8759370778258753,0.049683959279450636,44.55555555555556,1.168345626682785,M0 gepoolt (raw LD)
0.8668435690530562,0.04821271281543631,45.54545454545455,1.168345626682785,M0 gepoolt (raw LD)
0.858007262168853,0.046702207780717424,46.535353535353536,1.168345626682785,M0 gepoolt (raw LD)
0.849509497251655,0.045266166883824656,47.525252525252526,1.168345626682785,M0 gepoolt (raw LD)
0.8414316143798531,0.04401508898013472,48.51515151515151,1.168345626682785,M0 gepoolt (raw LD)
0.833854953631836,0.04304718338173751,49.505050505050505,1.168345626682785,M0 gepoolt (raw LD)
0.8268608550859934,0.042437386549626144,50.494949494949495,1.168345626682785,M0 gepoolt (raw LD)
0.8205306588207147,0.04222671891248782,51.48484848484849,1.168345626682785,M0 gepoolt (raw LD)
0.8149457049143908,0.04241528531922694,52.474747474747474,1.168345626682785,M0 gepoolt (raw LD)
0.8101873334454102,0.04296161179887917,53.46464646464646,1.168345626682785,M0 gepoolt (raw LD)
0.8063368844921632,0.04378864541006286,54.45454545454545,1.168345626682785,M0 gepoolt (raw LD)
0.8034756981330388,0.044794130887448526,55.44444444444444,1.168345626682785,M0 gepoolt (raw LD)
0.8016851144464275,0.04586198389624987,56.43434343434344,1.168345626682785,M0 gepoolt (raw LD)
0.8010464735107184,0.04687203925128886,57.42424242424242,1.168345626682785,M0 gepoolt (raw LD)
0.8016411154043014,0.04770713273447243,58.414141414141405,1.168345626682785,M0 gepoolt (raw LD)
0.8035503802055657,0.0482577874337562,59.4040404040404,1.168345626682785,M0 gepoolt (raw LD)
0.806853083531765,0.04842641229488239,60.39393939393939,1.168345626682785,M0 gepoolt (raw LD)
0.8115230964556583,0.04816985730119076,61.38383838383839,1.168345626682785,M0 gepoolt (raw LD)
0.8173938897948501,0.047516956603301304,62.37373737373737,1.168345626682785,M0 gepoolt (raw LD)
0.8242891299059281,0.04651667284576736,63.36363636363637,1.168345626682785,M0 gepoolt (raw LD)
0.8320324831454805,0.04523088164151349,64.35353535353535,1.168345626682785,M0 gepoolt (raw LD)
0.8404476158700952,0.04373216667880396,65.34343434343434,1.168345626682785,M0 gepoolt (raw LD)
0.8493581944363606,0.04210223865598934,66.33333333333333,1.168345626682785,M0 gepoolt (raw LD)
0.8585878852008642,0.040430284447616885,67.32323232323232,1.168345626682785,M0 gepoolt (raw LD)
0.8679603545201944,0.038810474143150725,68.31313131313131,1.168345626682785,M0 gepoolt (raw LD)
0.8772992687509388,0.03733776577816485,69.3030303030303,1.168345626682785,M0 gepoolt (raw LD)
0.8864282942496855,0.03610127496445256,70.2929292929293,1.168345626682785,M0 gepoolt (raw LD)
0.8951710973730238,0.03517513308308772,71.28282828282828,1.168345626682785,M0 gepoolt (raw LD)
0.9033513444775397,0.03460809651056664,72.27272727272727,1.168345626682785,M0 gepoolt (raw LD)
0.9107927019198229,0.0344147114340249,73.26262626262626,1.168345626682785,M0 gepoolt (raw LD)
0.9173188360564601,0.03457135202198768,74.25252525252525,1.168345626682785,M0 gepoolt (raw LD)
0.9227534132440407,0.03501894185148141,75.24242424242425,1.168345626682785,M0 gepoolt (raw LD)
0.9269200998391518,0.03567131622524545,76.23232323232322,1.168345626682785,M0 gepoolt (raw LD)
0.929642562198382,0.036426055705026585,77.22222222222221,1.168345626682785,M0 gepoolt (raw LD)
0.9307444666783186,0.037174559702626724,78.2121212121212,1.168345626682785,M0 gepoolt (raw LD)
0.9300494796355498,0.03780958542561033,79.2020202020202,1.168345626682785,M0 gepoolt (raw LD)
0.9273815852723853,0.03823014636256031,80.1919191919192,1.168345626682785,M0 gepoolt (raw LD)
0.9226423078461193,0.038361385975644154,81.18181818181817,1.168345626682785,M0 gepoolt (raw LD)
0.9159114495410969,0.03818205610611288,82.17171717171718,1.168345626682785,M0 gepoolt (raw LD)
0.907293774139454,0.03769316288363962,83.16161616161615,1.168345626682785,M0 gepoolt (raw LD)
0.8968940454233263,0.03690953563554064,84.15151515151514,1.168345626682785,M0 gepoolt (raw LD)
0.8848170271748479,0.03585807960164441,85.14141414141415,1.168345626682785,M0 gepoolt (raw LD)
0.8711674831761548,0.034577462162002075,86.13131313131312,1.168345626682785,M0 gepoolt (raw LD)
0.8560501772093821,0.033119062099103785,87.12121212121212,1.168345626682785,M0 gepoolt (raw LD)
0.8395698730566654,0.03154907639864754,88.1111111111111,1.168345626682785,M0 gepoolt (raw LD)
0.8218313345001399,0.02995154968980289,89.1010101010101,1.168345626682785,M0 gepoolt (raw LD)
0.802939325321941,0.02843157090276265,90.0909090909091,1.168345626682785,M0 gepoolt (raw LD)
0.7829986093042042,0.027116696154585583,91.08080808080807,1.168345626682785,M0 gepoolt (raw LD)
0.7621139502290638,0.0261528187283322,92.07070707070707,1.168345626682785,M0 gepoolt (raw LD)
0.7403901118786564,0.025689589899528395,93.06060606060605,1.168345626682785,M0 gepoolt (raw LD)
0.7179318580351163,0.02585374012625126,94.05050505050505,1.168345626682785,M0 gepoolt (raw LD)
0.6948439524805795,0.026718650012940832,95.04040404040404,1.168345626682785,M0 gepoolt (raw LD)
0.6712311589971812,0.028287525530740994,96.03030303030302,1.168345626682785,M0 gepoolt (raw LD)
0.6471982413670562,0.03050120045849497,97.02020202020202,1.168345626682785,M0 gepoolt (raw LD)
0.6228499633723406,0.03326320976262522,98.010101010101,1.168345626682785,M0 gepoolt (raw LD)
0.5982910887951692,0.03646563718157128,99.0,1.168345626682785,M0 gepoolt (raw LD)
1.046298776462319,0.5408352231554557,1.0,1.955388893009857,M0 gepoolt (raw LD)
1.0099048510826236,0.5034877670267861,1.9898989898989898,1.955388893009857,M0 gepoolt (raw LD)
0.9740059495693838,0.46664106752390955,2.9797979797979797,1.955388893009857,M0 gepoolt (raw LD)
0.9388511581902939,0.43046878878735406,3.9696969696969697,1.955388893009857,M0 gepoolt (raw LD)
0.9046895632130485,0.39515333572477584,4.959595959595959,1.955388893009857,M0 gepoolt (raw LD)
0.8717702509053418,0.36088828737045076,5.94949494949495,1.955388893009857,M0 gepoolt (raw LD)
0.8403423075348688,0.3278815057428817,6.939393939393939,1.955388893009857,M0 gepoolt (raw LD)
0.8106548193693248,0.29635897263088284,7.929292929292929,1.955388893009857,M0 gepoolt (raw LD)
0.7829568726764022,0.2665692036667645,8.919191919191919,1.955388893009857,M0 gepoolt (raw LD)
0.7574975537237968,0.23878757442126305,9.909090909090908,1.955388893009857,M0 gepoolt (raw LD)
0.7345259487792031,0.21331876290434754,10.898989898989898,1.955388893009857,M0 gepoolt (raw LD)
0.7142911441103159,0.190493350368986,11.888888888888888,1.955388893009857,M0 gepoolt (raw LD)
0.6970422259848289,0.17065126293369912,12.878787878787879,1.955388893009857,M0 gepoolt (raw LD)
0.683028280670437,0.15410153724934353,13.868686868686869,1.955388893009857,M0 gepoolt (raw LD)
0.6724983944348352,0.14105001773688436,14.85858585858586,1.955388893009857,M0 gepoolt (raw LD)
0.6657016535457175,0.13150275855643523,15.848484848484848,1.955388893009857,M0 gepoolt (raw LD)
0.662887144270779,0.12518354572850188,16.838383838383837,1.955388893009857,M0 gepoolt (raw LD)
0.6643039528777132,0.1215219677116654,17.82828282828283,1.955388893009857,M0 gepoolt (raw LD)
0.6702011656342155,0.1197367080222022,18.818181818181817,1.955388893009857,M0 gepoolt (raw LD)
0.6808278688079804,0.11897470096239306,19.80808080808081,1.955388893009857,M0 gepoolt (raw LD)
0.6963717672919576,0.11845621204710871,20.7979797979798,1.955388893009857,M0 gepoolt (raw LD)
0.7165487887482379,0.11768162267794854,21.787878787878785,1.955388893009857,M0 gepoolt (raw LD)
0.7408560999536614,0.11640435618628388,22.77777777777778,1.955388893009857,M0 gepoolt (raw LD)
0.7687896691174936,0.11453714554715258,23.767676767676768,1.955388893009857,M0 gepoolt (raw LD)
0.7998454644489978,0.1121118521121364,24.757575757575758,1.955388893009857,M0 gepoolt (raw LD)
0.8335194541574381,0.10924928756529925,25.747474747474747,1.955388893009857,M0 gepoolt (raw LD)
0.8693076064520794,0.10613621809909037,26.737373737373737,1.955388893009857,M0 gepoolt (raw LD)
0.9067058895421856,0.10300559941915413,27.727272727272727,1.955388893009857,M0 gepoolt (raw LD)
0.9452102716370201,0.10011583255846364,28.71717171717172,1.955388893009857,M0 gepoolt (raw LD)
0.9843167209458475,0.09772548055171947,29.707070707070706,1.955388893009857,M0 gepoolt (raw LD)
1.0235212056779326,0.09606207909146502,30.696969696969695,1.955388893009857,M0 gepoolt (raw LD)
1.0623196940425401,0.0952878666760042,31.686868686868685,1.955388893009857,M0 gepoolt (raw LD)
1.1002081542489326,0.09547014539633435,32.676767676767675,1.955388893009857,M0 gepoolt (raw LD)
1.1366825545063743,0.09656596327249412,33.666666666666664,1.955388893009857,M0 gepoolt (raw LD)
1.1712388630241313,0.09842680959638012,34.65656565656566,1.955388893009857,M0 gepoolt (raw LD)
1.203373048011466,0.100820800173257,35.64646464646465,1.955388893009857,M0 gepoolt (raw LD)
1.2325810776776434,0.10346342342978983,36.63636363636363,1.955388893009857,M0 gepoolt (raw LD)
1.2583589202319279,0.10604743687364064,37.62626262626262,1.955388893009857,M0 gepoolt (raw LD)
1.2802025438835825,0.10826657497322542,38.61616161616161,1.955388893009857,M0 gepoolt (raw LD)
1.2976079168418722,0.10983244786036726,39.60606060606061,1.955388893009857,M0 gepoolt (raw LD)
1.310101936671387,0.11049556604196886,40.5959595959596,1.955388893009857,M0 gepoolt (raw LD)
1.317696373422699,0.11018404556596292,41.58585858585859,1.955388893009857,M0 gepoolt (raw LD)
1.320787876938984,0.1089865427845277,42.57575757575757,1.955388893009857,M0 gepoolt (raw LD)
1.3197836928909439,0.10703979422917395,43.56565656565656,1.955388893009857,M0 gepoolt (raw LD)
1.3150910669492835,0.10451491703929397,44.55555555555556,1.955388893009857,M0 gepoolt (raw LD)
1.3071172447847073,0.10160974285700099,45.54545454545455,1.955388893009857,M0 gepoolt (raw LD)
1.296269472067917,0.09854183340788422,46.535353535353536,1.955388893009857,M0 gepoolt (raw LD)
1.2829549944696184,0.09553991333581889,47.525252525252526,1.955388893009857,M0 gepoolt (raw LD)
1.2675810576605158,0.09283167118303216,48.51515151515151,1.955388893009857,M0 gepoolt (raw LD)
1.2505549073113111,0.09062662788195988,49.505050505050505,1.955388893009857,M0 gepoolt (raw LD)
1.2322837890927092,0.08909461255178855,50.494949494949495,1.955388893009857,M0 gepoolt (raw LD)
1.213174948675414,0.08834328405245645,51.48484848484849,1.955388893009857,M0 gepoolt (raw LD)
1.1936356317301295,0.0884007582512738,52.474747474747474,1.955388893009857,M0 gepoolt (raw LD)
1.174073083927559,0.08920945471083432,53.46464646464646,1.955388893009857,M0 gepoolt (raw LD)
1.1548945509384059,0.09063364356049051,54.45454545454545,1.955388893009857,M0 gepoolt (raw LD)
1.136507278433375,0.09247780973874675,55.44444444444444,1.955388893009857,M0 gepoolt (raw LD)
1.1193185120831701,0.0945095097767603,56.43434343434344,1.955388893009857,M0 gepoolt (raw LD)
1.1037354975584945,0.0964806923620231,57.42424242424242,1.955388893009857,M0 gepoolt (raw LD)
1.0901654805300527,0.09814423279357828,58.414141414141405,1.955388893009857,M0 gepoolt (raw LD)
1.0790157066685475,0.09926537525949518,59.4040404040404,1.955388893009857,M0 gepoolt (raw LD)
1.070686417223529,0.0996315818018856,60.39393939393939,1.955388893009857,M0 gepoolt (raw LD)
1.0652866721794223,0.09914050634421835,61.38383838383839,1.955388893009857,M0 gepoolt (raw LD)
1.0625359741204332,0.09783801972627569,62.37373737373737,1.955388893009857,M0 gepoolt (raw LD)
1.0621266219740544,0.09581270189333936,63.36363636363637,1.955388893009857,M0 gepoolt (raw LD)
1.063750914667778,0.09318039722195472,64.35353535353535,1.955388893009857,M0 gepoolt (raw LD)
1.0671011511290966,0.09007926198662461,65.34343434343434,1.955388893009857,M0 gepoolt (raw LD)
1.0718696302855004,0.08666642668701642,66.33333333333333,1.955388893009857,M0 gepoolt (raw LD)
1.0777486510644834,0.08311496274297753,67.32323232323232,1.955388893009857,M0 gepoolt (raw LD)
1.0844305123935358,0.07960972859420457,68.31313131313131,1.955388893009857,M0 gepoolt (raw LD)
1.0916075132001515,0.07634044343434418,69.3030303030303,1.955388893009857,M0 gepoolt (raw LD)
1.0989719524118213,0.07349034426508565,70.2929292929293,1.955388893009857,M0 gepoolt (raw LD)
1.106216128956038,0.0712196082898026,71.28282828282828,1.955388893009857,M0 gepoolt (raw LD)
1.1130323417602928,0.06964490380898253,72.27272727272727,1.955388893009857,M0 gepoolt (raw LD)
1.1191128897520781,0.06881961547157017,73.26262626262626,1.955388893009857,M0 gepoolt (raw LD)
1.124150071858886,0.068721481552429,74.25252525252525,1.955388893009857,M0 gepoolt (raw LD)
1.1278361870082092,0.06925298882865723,75.24242424242425,1.955388893009857,M0 gepoolt (raw LD)
1.1298635341275387,0.07025471816559657,76.23232323232322,1.955388893009857,M0 gepoolt (raw LD)
1.1299244121443672,0.07152642349510292,77.22222222222221,1.955388893009857,M0 gepoolt (raw LD)
1.1277111199861862,0.07284881110657403,78.2121212121212,1.955388893009857,M0 gepoolt (raw LD)
1.1229159565804885,0.07400110209526356,79.2020202020202,1.955388893009857,M0 gepoolt (raw LD)
1.115231744498793,0.07477306661138967,80.1919191919192,1.955388893009857,M0 gepoolt (raw LD)
1.1044790518950252,0.07500563162996518,81.18181818181817,1.955388893009857,M0 gepoolt (raw LD)
1.0907721559954713,0.07464665406523846,82.17171717171718,1.955388893009857,M0 gepoolt (raw LD)
1.0742664577249779,0.07369045829883124,83.16161616161615,1.955388893009857,M0 gepoolt (raw LD)
1.0551173580083906,0.07216064940361143,84.15151515151514,1.955388893009857,M0 gepoolt (raw LD)
1.0334802577705526,0.07010608688158755,85.14141414141415,1.955388893009857,M0 gepoolt (raw LD)
1.0095105579363122,0.0675998513089967,86.13131313131312,1.955388893009857,M0 gepoolt (raw LD)
0.9833636594305124,0.0647408411984303,87.12121212121212,1.955388893009857,M0 gepoolt (raw LD)
0.9551949631780001,0.061657778936700554,88.1111111111111,1.955388893009857,M0 gepoolt (raw LD)
0.9251598701036199,0.05851516910908925,89.1010101010101,1.955388893009857,M0 gepoolt (raw LD)
0.8934137811322178,0.05551973770682244,90.0909090909091,1.955388893009857,M0 gepoolt (raw LD)
0.8601120971886386,0.0529235134687773,91.08080808080807,1.955388893009857,M0 gepoolt (raw LD)
0.8254102191977274,0.05101595970894242,92.07070707070707,1.955388893009857,M0 gepoolt (raw LD)
0.7894635480843308,0.05009513235429576,93.06060606060605,1.955388893009857,M0 gepoolt (raw LD)
0.7524274847732931,0.05041418432983478,94.05050505050505,1.955388893009857,M0 gepoolt (raw LD)
0.7144574301894605,0.052119867537698664,95.04040404040404,1.955388893009857,M0 gepoolt (raw LD)
0.6757087852576783,0.055218378974647035,96.03030303030302,1.955388893009857,M0 gepoolt (raw LD)
0.6363369509027911,0.0595911649331982,97.02020202020202,1.955388893009857,M0 gepoolt (raw LD)
0.5964973280496451,0.06504561696365556,98.010101010101,1.955388893009857,M0 gepoolt (raw LD)
0.5563453176230849,0.07136700581532285,99.0,1.955388893009857,M0 gepoolt (raw LD)
1.3137155815720207,0.05446420728429346,1.0,-0.7008064774239704,"M1 FE + Exog:B, within (DW)"
1.3072220267118637,0.049851499820452665,1.9898989898989898,-0.7008064774239704,"M1 FE + Exog:B, within (DW)"
1.3007308845573322,0.04551563326295644,2.9797979797979797,-0.7008064774239704,"M1 FE + Exog:B, within (DW)"
1.2942433691344148,0.041535074637604585,3.9696969696969697,-0.7008064774239704,"M1 FE + Exog:B, within (DW)"
1.2877606944691005,0.0379973437255989,4.959595959595959,-0.7008064774239704,"M1 FE + Exog:B, within (DW)"
1.2812840745873806,0.03499488944104292,5.94949494949495,-0.7008064774239704,"M1 FE + Exog:B, within (DW)"
1.274814723515243,0.03261496608587515,6.939393939393939,-0.7008064774239704,"M1 FE + Exog:B, within (DW)"
1.268353855278677,0.030922316730363855,7.929292929292929,-0.7008064774239704,"M1 FE + Exog:B, within (DW)"
1.2619026839036707,0.02993809924221687,8.919191919191919,-0.7008064774239704,"M1 FE + Exog:B, within (DW)"
1.2554624234162162,0.02962469281597388,9.909090909090908,-0.7008064774239704,"M1 FE + Exog:B, within (DW)"
1.2490342878423002,0.02988667047894275,10.898989898989898,-0.7008064774239704,"M1 FE + Exog:B, within (DW)"
1.2426194912079151,0.030588935612435184,11.888888888888888,-0.7008064774239704,"M1 FE + Exog:B, within (DW)"
1.2362192475390463,0.031581988549473874,12.878787878787879,-0.7008064774239704,"M1 FE + Exog:B, within (DW)"
1.2298347708616866,0.032722742563041196,13.868686868686869,-0.7008064774239704,"M1 FE + Exog:B, within (DW)"
1.2234672752018236,0.033886015809598345,14.85858585858586,-0.7008064774239704,"M1 FE + Exog:B, within (DW)"
1.2171179745854466,0.03496815647793233,15.848484848484848,-0.7008064774239704,"M1 FE + Exog:B, within (DW)"
1.2107880830385456,0.03588634416846691,16.838383838383837,-0.7008064774239704,"M1 FE + Exog:B, within (DW)"
1.2044788145871095,0.03657645845686321,17.82828282828283,-0.7008064774239704,"M1 FE + Exog:B, within (DW)"
1.1981913832571267,0.03699119509423694,18.818181818181817,-0.7008064774239704,"M1 FE + Exog:B, within (DW)"
1.1919270030745888,0.03709928349015345,19.80808080808081,-0.7008064774239704,"M1 FE + Exog:B, within (DW)"
1.1856860610660775,0.03689102821228824,20.7979797979798,-0.7008064774239704,"M1 FE + Exog:B, within (DW)"
1.1794625879409584,0.036410073146907564,21.787878787878785,-0.7008064774239704,"M1 FE + Exog:B, within (DW)"
1.173247667014163,0.03572910158422938,22.77777777777778,-0.7008064774239704,"M1 FE + Exog:B, within (DW)"
1.1670323654521655,0.03492985507082784,23.767676767676768,-0.7008064774239704,"M1 FE + Exog:B, within (DW)"
1.1608077504214398,0.03410046049232034,24.757575757575758,-0.7008064774239704,"M1 FE + Exog:B, within (DW)"
1.1545648890884606,0.03333172772264694,25.747474747474747,-0.7008064774239704,"M1 FE + Exog:B, within (DW)"
1.1482948486197,0.03271158237203675,26.737373737373737,-0.7008064774239704,"M1 FE + Exog:B, within (DW)"
1.141988696181633,0.032317434328853055,27.727272727272727,-0.7008064774239704,"M1 FE + Exog:B, within (DW)"
1.1356374989407327,0.03220732902550592,28.71717171717172,-0.7008064774239704,"M1 FE + Exog:B, within (DW)"
1.1292323240634725,0.03241196526745935,29.707070707070706,-0.7008064774239704,"M1 FE + Exog:B, within (DW)"
1.1227642387163264,0.03293021293210784,30.696969696969695,-0.7008064774239704,"M1 FE + Exog:B, within (DW)"
1.116224310065768,0.033729837135626196,31.686868686868685,-0.7008064774239704,"M1 FE + Exog:B, within (DW)"
1.1096036052782712,0.034753060945668456,32.676767676767675,-0.7008064774239704,"M1 FE + Exog:B, within (DW)"
1.1028931915203097,0.03592479957703283,33.666666666666664,-0.7008064774239704,"M1 FE + Exog:B, within (DW)"
1.096084135958358,0.037161009935609696,34.65656565656566,-0.7008064774239704,"M1 FE + Exog:B, within (DW)"
1.0891675057588879,0.0383754675424391,35.64646464646465,-0.7008064774239704,"M1 FE + Exog:B, within (DW)"
1.0821343680883744,0.03948448053854251,36.63636363636363,-0.7008064774239704,"M1 FE + Exog:B, within (DW)"
1.0749757901132917,0.04040988280697225,37.62626262626262,-0.7008064774239704,"M1 FE + Exog:B, within (DW)"
1.0676828390001123,0.04108099051211805,38.61616161616161,-0.7008064774239704,"M1 FE + Exog:B, within (DW)"
1.06024658191531,0.041436253370058004,39.60606060606061,-0.7008064774239704,"M1 FE + Exog:B, within (DW)"
1.0526603306976818,0.04142809419957452,40.5959595959596,-0.7008064774239704,"M1 FE + Exog:B, within (DW)"
1.0449525864047347,0.041066138109730796,41.58585858585859,-0.7008064774239704,"M1 FE + Exog:B, within (DW)"
1.0371797824258586,0.04040745341197013,42.57575757575757,-0.7008064774239704,"M1 FE + Exog:B, within (DW)"
1.029399121133843,0.03952024819294263,43.56565656565656,-0.7008064774239704,"M1 FE + Exog:B, within (DW)"
1.021667804901477,0.038480937302253465,44.55555555555556,-0.7008064774239704,"M1 FE + Exog:B, within (DW)"
1.0140430361015502,0.03737220893494063,45.54545454545455,-0.7008064774239704,"M1 FE + Exog:B, within (DW)"
1.0065820171068531,0.03628040400574981,46.535353535353536,-0.7008064774239704,"M1 FE + Exog:B, within (DW)"
0.999341950290173,0.03529151944650869,47.525252525252526,-0.7008064774239704,"M1 FE + Exog:B, within (DW)"
0.992380038024301,0.03448536937160821,48.51515151515151,-0.7008064774239704,"M1 FE + Exog:B, within (DW)"
0.9857534826820255,0.03392804264420372,49.505050505050505,-0.7008064774239704,"M1 FE + Exog:B, within (DW)"
0.9795194866361356,0.033663796008081254,50.494949494949495,-0.7008064774239704,"M1 FE + Exog:B, within (DW)"
0.9737352522594215,0.03370849296119242,51.48484848484849,-0.7008064774239704,"M1 FE + Exog:B, within (DW)"
0.9684579819246725,0.03404684304707573,52.474747474747474,-0.7008064774239704,"M1 FE + Exog:B, within (DW)"
0.9637448780046771,0.034634537012516765,53.46464646464646,-0.7008064774239704,"M1 FE + Exog:B, within (DW)"
0.9596531428722257,0.03540447655305063,54.45454545454545,-0.7008064774239704,"M1 FE + Exog:B, within (DW)"
0.9562399789001069,0.03627493443350679,55.44444444444444,-0.7008064774239704,"M1 FE + Exog:B, within (DW)"
0.9535625884611106,0.03715741455097913,56.43434343434344,-0.7008064774239704,"M1 FE + Exog:B, within (DW)"
0.9516781739280252,0.03796288710655449,57.42424242424242,-0.7008064774239704,"M1 FE + Exog:B, within (DW)"
0.9506439376736415,0.03860613775519075,58.414141414141405,-0.7008064774239704,"M1 FE + Exog:B, within (DW)"
0.9505170820707485,0.0390086726415647,59.4040404040404,-0.7008064774239704,"M1 FE + Exog:B, within (DW)"
0.9513533131343203,0.0391016724226714,60.39393939393939,-0.7008064774239704,"M1 FE + Exog:B, within (DW)"
0.9531461316875355,0.03885898607187875,61.38383838383839,-0.7008064774239704,"M1 FE + Exog:B, within (DW)"
0.9558058172213654,0.038310019841620246,62.37373737373737,-0.7008064774239704,"M1 FE + Exog:B, within (DW)"
0.959236837696693,0.03749919907855615,63.36363636363637,-0.7008064774239704,"M1 FE + Exog:B, within (DW)"
0.9633436610744025,0.03648064551216007,64.35353535353535,-0.7008064774239704,"M1 FE + Exog:B, within (DW)"
0.9680307553153756,0.03531656604937731,65.34343434343434,-0.7008064774239704,"M1 FE + Exog:B, within (DW)"
0.9732025883804967,0.034075896386603834,66.33333333333333,-0.7008064774239704,"M1 FE + Exog:B, within (DW)"
0.9787636282306479,0.03283261224435505,67.32323232323232,-0.7008064774239704,"M1 FE + Exog:B, within (DW)"
0.9846183428267131,0.03166306870147993,68.31313131313131,-0.7008064774239704,"M1 FE + Exog:B, within (DW)"
0.9906712001295747,0.03064174777773022,69.3030303030303,-0.7008064774239704,"M1 FE + Exog:B, within (DW)"
0.9968266681001167,0.029835090171033012,70.2929292929293,-0.7008064774239704,"M1 FE + Exog:B, within (DW)"
1.0029892146992219,0.029293843762353947,71.28282828282828,-0.7008064774239704,"M1 FE + Exog:B, within (DW)"
1.0090633078877727,0.02904547492848717,72.27272727272727,-0.7008064774239704,"M1 FE + Exog:B, within (DW)"
1.0149534156266522,0.029089016102658665,73.26262626262626,-0.7008064774239704,"M1 FE + Exog:B, within (DW)"
1.020564005876745,0.029394381071221685,74.25252525252525,-0.7008064774239704,"M1 FE + Exog:B, within (DW)"
1.0257995465989338,0.029906500023165028,75.24242424242425,-0.7008064774239704,"M1 FE + Exog:B, within (DW)"
1.0305645057541006,0.030552671467120245,76.23232323232322,-0.7008064774239704,"M1 FE + Exog:B, within (DW)"
1.0347633513031294,0.03125065383522809,77.22222222222221,-0.7008064774239704,"M1 FE + Exog:B, within (DW)"
1.0383005512069035,0.03191554204565324,78.2121212121212,-0.7008064774239704,"M1 FE + Exog:B, within (DW)"
1.0410805734263058,0.03246463883333603,79.2020202020202,-0.7008064774239704,"M1 FE + Exog:B, within (DW)"
1.043008046011768,0.032820555058214414,80.1919191919192,-0.7008064774239704,"M1 FE + Exog:B, within (DW)"
1.0440266516608456,0.03292701532607448,81.18181818181817,-0.7008064774239704,"M1 FE + Exog:B, within (DW)"
1.044169866424112,0.03277082549984774,82.17171717171718,-0.7008064774239704,"M1 FE + Exog:B, within (DW)"
1.0434837387754299,0.0323558878191635,83.16161616161615,-0.7008064774239704,"M1 FE + Exog:B, within (DW)"
1.042014317188667,0.03169659957550811,84.15151515151514,-0.7008064774239704,"M1 FE + Exog:B, within (DW)"
1.0398076501376852,0.030816654106523685,85.14141414141415,-0.7008064774239704,"M1 FE + Exog:B, within (DW)"
1.0369097860963494,0.029748900441116288,86.13131313131312,-0.7008064774239704,"M1 FE + Exog:B, within (DW)"
1.0333667735385255,0.028536129686636026,87.12121212121212,-0.7008064774239704,"M1 FE + Exog:B, within (DW)"
1.0292246609380764,0.027232694926405173,88.1111111111111,-0.7008064774239704,"M1 FE + Exog:B, within (DW)"
1.024529496768867,0.025906763569975233,89.1010101010101,-0.7008064774239704,"M1 FE + Exog:B, within (DW)"
1.0193273295047622,0.02464261432362788,90.0909090909091,-0.7008064774239704,"M1 FE + Exog:B, within (DW)"
1.0136642076196258,0.023541552900781155,91.08080808080807,-0.7008064774239704,"M1 FE + Exog:B, within (DW)"
1.0075861795873229,0.022718767828195926,92.07070707070707,-0.7008064774239704,"M1 FE + Exog:B, within (DW)"
1.0011392938817176,0.022292705242442902,93.06060606060605,-0.7008064774239704,"M1 FE + Exog:B, within (DW)"
0.9943695989766751,0.022365669976977805,94.05050505050505,-0.7008064774239704,"M1 FE + Exog:B, within (DW)"
0.9873231433460589,0.02300102382275362,95.04040404040404,-0.7008064774239704,"M1 FE + Exog:B, within (DW)"
0.980045975463734,0.024208949574950532,96.03030303030302,-0.7008064774239704,"M1 FE + Exog:B, within (DW)"
0.972584143803565,0.025949696784533263,97.02020202020202,-0.7008064774239704,"M1 FE + Exog:B, within (DW)"
0.9649836968394159,0.02815089003496242,98.010101010101,-0.7008064774239704,"M1 FE + Exog:B, within (DW)"
0.9572906830451516,0.030727475640599706,99.0,-0.7008064774239704,"M1 FE + Exog:B, within (DW)"
1.312556265049443,0.04727445724087072,1.0,-0.6017748486752462,"M1 FE + Exog:B, within (DW)"
1.3058387755440848,0.04321827416666494,1.9898989898989898,-0.6017748486752462,"M1 FE + Exog:B, within (DW)"
1.2991321392965298,0.039418264146066466,2.9797979797979797,-0.6017748486752462,"M1 FE + Exog:B, within (DW)"
1.2924418174525172,0.03594754951429487,3.9696969696969697,-0.6017748486752462,"M1 FE + Exog:B, within (DW)"
1.2857732711577838,0.03288762867799048,4.959595959595959,-0.6017748486752462,"M1 FE + Exog:B, within (DW)"
1.2791319615580703,0.030323872514314787,5.94949494949495,-0.6017748486752462,"M1 FE + Exog:B, within (DW)"
1.272523349799113,0.028334943309382323,6.939393939393939,-0.6017748486752462,"M1 FE + Exog:B, within (DW)"
1.265952897026651,0.026975440014898048,7.929292929292929,-0.6017748486752462,"M1 FE + Exog:B, within (DW)"
1.2594260643864208,0.026256154659075482,8.919191919191919,-0.6017748486752462,"M1 FE + Exog:B, within (DW)"
1.252948313024163,0.0261320435151244,9.909090909090908,-0.6017748486752462,"M1 FE + Exog:B, within (DW)"
1.2465251040856153,0.02650679146621789,10.898989898989898,-0.6017748486752462,"M1 FE + Exog:B, within (DW)"
1.2401618987165144,0.02725238034454832,11.888888888888888,-0.6017748486752462,"M1 FE + Exog:B, within (DW)"
1.2338641580626017,0.02823265839798579,12.878787878787879,-0.6017748486752462,"M1 FE + Exog:B, within (DW)"
1.2276373432696115,0.029320840611633574,13.868686868686869,-0.6017748486752462,"M1 FE + Exog:B, within (DW)"
1.2214869154832846,0.030408053233309657,14.85858585858586,-0.6017748486752462,"M1 FE + Exog:B, within (DW)"
1.21541833584936,0.03140523482751034,15.848484848484848,-0.6017748486752462,"M1 FE + Exog:B, within (DW)"
1.209437065513573,0.03224178414676701,16.838383838383837,-0.6017748486752462,"M1 FE + Exog:B, within (DW)"
1.2035485656216653,0.032863381755526604,17.82828282828283,-0.6017748486752462,"M1 FE + Exog:B, within (DW)"
1.1977582973193723,0.03323028511330349,18.818181818181817,-0.6017748486752462,"M1 FE + Exog:B, within (DW)"
1.192071721752434,0.03331672564151263,19.80808080808081,-0.6017748486752462,"M1 FE + Exog:B, within (DW)"
1.1864918336061958,0.03311603919667554,20.7979797979798,-0.6017748486752462,"M1 FE + Exog:B, within (DW)"
1.181002670352049,0.032669344522893135,21.787878787878785,-0.6017748486752462,"M1 FE + Exog:B, within (DW)"
1.1755794790903504,0.03204366808151431,22.77777777777778,-0.6017748486752462,"M1 FE + Exog:B, within (DW)"
1.170197458759946,0.03131404664613512,23.767676767676768,-0.6017748486752462,"M1 FE + Exog:B, within (DW)"
1.1648318082996836,0.030561170386425904,24.757575757575758,-0.6017748486752462,"M1 FE + Exog:B, within (DW)"
1.159457726648413,0.029868011864433275,25.747474747474747,-0.6017748486752462,"M1 FE + Exog:B, within (DW)"
1.1540504127449815,0.029314682053997645,26.737373737373737,-0.6017748486752462,"M1 FE + Exog:B, within (DW)"
1.1485850655282375,0.02897135531625874,27.727272727272727,-0.6017748486752462,"M1 FE + Exog:B, within (DW)"
1.1430368839370293,0.028890100966814377,28.71717171717172,-0.6017748486752462,"M1 FE + Exog:B, within (DW)"
1.1373810669102045,0.029097615169657164,29.707070707070706,-0.6017748486752462,"M1 FE + Exog:B, within (DW)"
1.1315928133866122,0.029591312548498803,30.696969696969695,-0.6017748486752462,"M1 FE + Exog:B, within (DW)"
1.1256473223050982,0.030340290254710564,31.686868686868685,-0.6017748486752462,"M1 FE + Exog:B, within (DW)"
1.1195197926045135,0.03129069844872703,32.676767676767675,-0.6017748486752462,"M1 FE + Exog:B, within (DW)"
1.1131854232237048,0.03237342017615439,33.666666666666664,-0.6017748486752462,"M1 FE + Exog:B, within (DW)"
1.1066194131015208,0.03351169669179632,34.65656565656566,-0.6017748486752462,"M1 FE + Exog:B, within (DW)"
1.09979696117681,0.0346272060201825,35.64646464646465,-0.6017748486752462,"M1 FE + Exog:B, within (DW)"
1.0926932663884183,0.03564421753767975,36.63636363636363,-0.6017748486752462,"M1 FE + Exog:B, within (DW)"
1.0852835276751964,0.0364921841763437,37.62626262626262,-0.6017748486752462,"M1 FE + Exog:B, within (DW)"
1.0775429439759918,0.037107416175697114,38.61616161616161,-0.6017748486752462,"M1 FE + Exog:B, within (DW)"
1.0694467142296527,0.03743450227842573,39.60606060606061,-0.6017748486752462,"M1 FE + Exog:B, within (DW)"
1.0609736641116432,0.037430637545143454,40.5959595959596,-0.6017748486752462,"M1 FE + Exog:B, within (DW)"
1.05215947482452,0.03710474526399866,41.58585858585859,-0.6017748486752462,"M1 FE + Exog:B, within (DW)"
1.0430849580826869,0.0365085884858859,42.57575757575757,-0.6017748486752462,"M1 FE + Exog:B, within (DW)"
1.0338321680537237,0.03570389709364586,43.56565656565656,-0.6017748486752462,"M1 FE + Exog:B, within (DW)"
1.0244831589052097,0.034759756926564266,44.55555555555556,-0.6017748486752462,"M1 FE + Exog:B, within (DW)"
1.0151199848047232,0.03375090696350506,45.54545454545455,-0.6017748486752462,"M1 FE + Exog:B, within (DW)"
1.0058246999198437,0.03275542212736423,46.535353535353536,-0.6017748486752462,"M1 FE + Exog:B, within (DW)"
0.9966793584181514,0.031851158181702796,47.525252525252526,-0.6017748486752462,"M1 FE + Exog:B, within (DW)"
0.9877660144672239,0.031110526722474344,48.51515151515151,-0.6017748486752462,"M1 FE + Exog:B, within (DW)"
0.9791667222346401,0.03059370362829176,49.505050505050505,-0.6017748486752462,"M1 FE + Exog:B, within (DW)"
0.9709635358879808,0.030341276037343993,50.494949494949495,-0.6017748486752462,"M1 FE + Exog:B, within (DW)"
0.963238509594823,0.030368227389096492,51.48484848484849,-0.6017748486752462,"M1 FE + Exog:B, within (DW)"
0.9560736975227473,0.030661323908763617,52.474747474747474,-0.6017748486752462,"M1 FE + Exog:B, within (DW)"
0.9495511538393322,0.031180942429945294,53.46464646464646,-0.6017748486752462,"M1 FE + Exog:B, within (DW)"
0.9437529327121569,0.031866655754398884,54.45454545454545,-0.6017748486752462,"M1 FE + Exog:B, within (DW)"
0.9387610883088007,0.03264462432918038,55.44444444444444,-0.6017748486752462,"M1 FE + Exog:B, within (DW)"
0.9346576747968424,0.033434753022805665,56.43434343434344,-0.6017748486752462,"M1 FE + Exog:B, within (DW)"
0.9315247463438608,0.03415638450625464,57.42424242424242,-0.6017748486752462,"M1 FE + Exog:B, within (DW)"
0.9294443571174356,0.03473227391196748,58.414141414141405,-0.6017748486752462,"M1 FE + Exog:B, within (DW)"
0.9284985612851456,0.03509123885533455,59.4040404040404,-0.6017748486752462,"M1 FE + Exog:B, within (DW)"
0.9287674498760535,0.03517083733124441,60.39393939393939,-0.6017748486752462,"M1 FE + Exog:B, within (DW)"
0.9302495041552769,0.03494719820013694,61.38383838383839,-0.6017748486752462,"M1 FE + Exog:B, within (DW)"
0.9328340236125894,0.03444670273965784,62.37373737373737,-0.6017748486752462,"M1 FE + Exog:B, within (DW)"
0.9364026833323875,0.033709348521295784,63.36363636363637,-0.6017748486752462,"M1 FE + Exog:B, within (DW)"
0.9408371583990685,0.03278393676394979,64.35353535353535,-0.6017748486752462,"M1 FE + Exog:B, within (DW)"
0.9460191238970294,0.031726624644206614,65.34343434343434,-0.6017748486752462,"M1 FE + Exog:B, within (DW)"
0.9518302549106671,0.030599717047968933,66.33333333333333,-0.6017748486752462,"M1 FE + Exog:B, within (DW)"
0.9581522265243797,0.029470163782542608,67.32323232323232,-0.6017748486752462,"M1 FE + Exog:B, within (DW)"
0.9648667138225634,0.028407176272921997,68.31313131313131,-0.6017748486752462,"M1 FE + Exog:B, within (DW)"
0.9718553918896159,0.027478388590069742,69.3030303030303,-0.6017748486752462,"M1 FE + Exog:B, within (DW)"
0.9789999358099338,0.026744250452317462,70.2929292929293,-0.6017748486752462,"M1 FE + Exog:B, within (DW)"
0.9861820206679153,0.02625103128466396,71.28282828282828,-0.6017748486752462,"M1 FE + Exog:B, within (DW)"
0.9932833215479567,0.026023847237829696,72.27272727272727,-0.6017748486752462,"M1 FE + Exog:B, within (DW)"
1.000185513534455,0.026061904335698122,73.26262626262626,-0.6017748486752462,"M1 FE + Exog:B, within (DW)"
1.006770271711808,0.026337849328265366,74.25252525252525,-0.6017748486752462,"M1 FE + Exog:B, within (DW)"
1.0129192711644124,0.026801564504159735,75.24242424242425,-0.6017748486752462,"M1 FE + Exog:B, within (DW)"
1.0185141869766665,0.027386922674135644,76.23232323232322,-0.6017748486752462,"M1 FE + Exog:B, within (DW)"
1.0234366942329662,0.02801920714045864,77.22222222222221,-0.6017748486752462,"M1 FE + Exog:B, within (DW)"
1.0275684680177082,0.028621394036876125,78.2121212121212,-0.6017748486752462,"M1 FE + Exog:B, within (DW)"
1.030791183415291,0.029118579719137214,79.2020202020202,-0.6017748486752462,"M1 FE + Exog:B, within (DW)"
1.0329867121845542,0.02944078122534283,80.1919191919192,-0.6017748486752462,"M1 FE + Exog:B, within (DW)"
1.0340849057993289,0.02953723172882082,81.18181818181817,-0.6017748486752462,"M1 FE + Exog:B, within (DW)"
1.0341259293530456,0.029396234357803537,82.17171717171718,-0.6017748486752462,"M1 FE + Exog:B, within (DW)"
1.0331653935091405,0.0290216114145521,83.16161616161615,-0.6017748486752462,"M1 FE + Exog:B, within (DW)"
1.0312589089310522,0.028426737494396982,84.15151515151514,-0.6017748486752462,"M1 FE + Exog:B, within (DW)"
1.0284620862822167,0.027633478158139716,85.14141414141415,-0.6017748486752462,"M1 FE + Exog:B, within (DW)"
1.0248305362260721,0.02667209825231918,86.13131313131312,-0.6017748486752462,"M1 FE + Exog:B, within (DW)"
1.0204198694260556,0.025582018589218193,87.12121212121212,-0.6017748486752462,"M1 FE + Exog:B, within (DW)"
1.0152856965456047,0.024413329845277706,88.1111111111111,-0.6017748486752462,"M1 FE + Exog:B, within (DW)"
1.009483628248156,0.023228860948241777,89.1010101010101,-0.6017748486752462,"M1 FE + Exog:B, within (DW)"
1.003069275197147,0.022106220198944607,90.0909090909091,-0.6017748486752462,"M1 FE + Exog:B, within (DW)"
0.9960982480560164,0.021138426956216483,91.08080808080807,-0.6017748486752462,"M1 FE + Exog:B, within (DW)"
0.9886261574882002,0.020430602357424894,92.07070707070707,-0.6017748486752462,"M1 FE + Exog:B, within (DW)"
0.9807086141571356,0.020089637524644634,93.06060606060605,-0.6017748486752462,"M1 FE + Exog:B, within (DW)"
0.9724012287262606,0.020206034625922343,94.05050505050505,-0.6017748486752462,"M1 FE + Exog:B, within (DW)"
0.9637596118590122,0.02083344546862769,95.04040404040404,-0.6017748486752462,"M1 FE + Exog:B, within (DW)"
0.954839374218828,0.021976978389748523,96.03030303030302,-0.6017748486752462,"M1 FE + Exog:B, within (DW)"
0.9456961264691451,0.02359756684045105,97.02020202020202,-0.6017748486752462,"M1 FE + Exog:B, within (DW)"
0.9363854792734009,0.02562828983469368,98.010101010101,-0.6017748486752462,"M1 FE + Exog:B, within (DW)"
0.9269630432950323,0.027992161796979477,99.0,-0.6017748486752462,"M1 FE + Exog:B, within (DW)"
1.2503764218946967,0.05173061746379412,1.0,-0.20762428182761866,"M1 FE + Exog:B, within (DW)"
1.2436493948368288,0.047449023182376225,1.9898989898989898,-0.20762428182761866,"M1 FE + Exog:B, within (DW)"
1.2369436420071072,0.04337910595803335,2.9797979797979797,-0.20762428182761866,"M1 FE + Exog:B, within (DW)"
1.2302698681784672,0.03958163980710303,3.9696969696969697,-0.20762428182761866,"M1 FE + Exog:B, within (DW)"
1.2236387781238396,0.03612510852696858,4.959595959595959,-0.20762428182761866,"M1 FE + Exog:B, within (DW)"
1.21706107661616,0.03308435181868717,5.94949494949495,-0.20762428182761866,"M1 FE + Exog:B, within (DW)"
1.2105474684283608,0.030535717776830902,6.939393939393939,-0.20762428182761866,"M1 FE + Exog:B, within (DW)"
1.2041086583333758,0.02854689185105867,7.929292929292929,-0.20762428182761866,"M1 FE + Exog:B, within (DW)"
1.197755351104139,0.027161310162946883,8.919191919191919,-0.20762428182761866,"M1 FE + Exog:B, within (DW)"
1.191498251513583,0.026381398571677102,9.909090909090908,-0.20762428182761866,"M1 FE + Exog:B, within (DW)"
1.185348064334643,0.026159171510976055,10.898989898989898,-0.20762428182761866,"M1 FE + Exog:B, within (DW)"
1.1793154943402508,0.02640111547194111,11.888888888888888,-0.20762428182761866,"M1 FE + Exog:B, within (DW)"
1.173411246303341,0.026985631638844633,12.878787878787879,-0.20762428182761866,"M1 FE + Exog:B, within (DW)"
1.1676460249968466,0.02778385416020417,13.868686868686869,-0.20762428182761866,"M1 FE + Exog:B, within (DW)"
1.1620305351937028,0.02867541524336498,14.85858585858586,-0.20762428182761866,"M1 FE + Exog:B, within (DW)"
1.1565754816668408,0.02955653639638755,15.848484848484848,-0.20762428182761866,"M1 FE + Exog:B, within (DW)"
1.1512915691891954,0.030342235398918393,16.838383838383837,-0.20762428182761866,"M1 FE + Exog:B, within (DW)"
1.1461895025336992,0.030965539936947038,17.82828282828283,-0.20762428182761866,"M1 FE + Exog:B, within (DW)"
1.1412799864732877,0.03137591201029315,18.818181818181817,-0.20762428182761866,"M1 FE + Exog:B, within (DW)"
1.1365737257808923,0.031538165891555885,19.80808080808081,-0.20762428182761866,"M1 FE + Exog:B, within (DW)"
1.132076892693867,0.03143656065839393,20.7979797979798,-0.20762428182761866,"M1 FE + Exog:B, within (DW)"
1.1277608223822242,0.031101178401413365,21.787878787878785,-0.20762428182761866,"M1 FE + Exog:B, within (DW)"
1.1235806962315391,0.030587551079372458,22.77777777777778,-0.20762428182761866,"M1 FE + Exog:B, within (DW)"
1.1194916071225234,0.029959556230055345,23.767676767676768,-0.20762428182761866,"M1 FE + Exog:B, within (DW)"
1.1154486479358874,0.029287012998691176,24.757575757575758,-0.20762428182761866,"M1 FE + Exog:B, within (DW)"
1.1114069115523433,0.028642737206269923,25.747474747474747,-0.20762428182761866,"M1 FE + Exog:B, within (DW)"
1.1073214908526017,0.028098349526053328,26.737373737373737,-0.20762428182761866,"M1 FE + Exog:B, within (DW)"
1.103147478717374,0.02771856467353024,27.727272727272727,-0.20762428182761866,"M1 FE + Exog:B, within (DW)"
1.098839968027372,0.027554389944283726,28.71717171717172,-0.20762428182761866,"M1 FE + Exog:B, within (DW)"
1.0943540516633057,0.027636573774290733,29.707070707070706,-0.20762428182761866,"M1 FE + Exog:B, within (DW)"
1.089644822505887,0.027971229808368865,30.696969696969695,-0.20762428182761866,"M1 FE + Exog:B, within (DW)"
1.0846673734358288,0.028539187485461966,31.686868686868685,-0.20762428182761866,"M1 FE + Exog:B, within (DW)"
1.0793767973338395,0.029299268550569076,32.676767676767675,-0.20762428182761866,"M1 FE + Exog:B, within (DW)"
1.0737281870806332,0.030194209743359058,33.666666666666664,-0.20762428182761866,"M1 FE + Exog:B, within (DW)"
1.0676766355569185,0.031157310734481594,34.65656565656566,-0.20762428182761866,"M1 FE + Exog:B, within (DW)"
1.0611772356434086,0.032118271271103345,35.64646464646465,-0.20762428182761866,"M1 FE + Exog:B, within (DW)"
1.0541850802208128,0.03300754375502803,36.63636363636363,-0.20762428182761866,"M1 FE + Exog:B, within (DW)"
1.0466552621698446,0.033759267784808485,37.62626262626262,-0.20762428182761866,"M1 FE + Exog:B, within (DW)"
1.0385428743712144,0.034313243727167465,38.61616161616161,-0.20762428182761866,"M1 FE + Exog:B, within (DW)"
1.029803009705634,0.034616521950430613,39.60606060606061,-0.20762428182761866,"M1 FE + Exog:B, within (DW)"
1.0203963542429124,0.03462747174077044,40.5959595959596,-0.20762428182761866,"M1 FE + Exog:B, within (DW)"
1.0103712772093651,0.034351158618459963,41.58585858585859,-0.20762428182761866,"M1 FE + Exog:B, within (DW)"
0.9998457485532766,0.033831688251690126,42.57575757575757,-0.20762428182761866,"M1 FE + Exog:B, within (DW)"
0.9889396543465127,0.033122547742892174,43.56565656565656,-0.20762428182761866,"M1 FE + Exog:B, within (DW)"
0.9777728806609374,0.03228405535156999,44.55555555555556,-0.20762428182761866,"M1 FE + Exog:B, within (DW)"
0.9664653135684175,0.03138171076767716,45.54545454545455,-0.20762428182761866,"M1 FE + Exog:B, within (DW)"
0.9551368391408169,0.030484096458701183,46.535353535353536,-0.20762428182761866,"M1 FE + Exog:B, within (DW)"
0.9439073434500015,0.02965980017626509,47.525252525252526,-0.20762428182761866,"M1 FE + Exog:B, within (DW)"
0.9328967125678366,0.028972987669549727,48.51515151515151,-0.20762428182761866,"M1 FE + Exog:B, within (DW)"
0.9222248325661874,0.028477675781099727,49.505050505050505,-0.20762428182761866,"M1 FE + Exog:B, within (DW)"
0.912011589516919,0.028211467538995602,50.494949494949495,-0.20762428182761866,"M1 FE + Exog:B, within (DW)"
0.9023768694918953,0.02819024688207559,51.48484848484849,-0.20762428182761866,"M1 FE + Exog:B, within (DW)"
0.8934405585629837,0.028405542200408963,52.474747474747474,-0.20762428182761866,"M1 FE + Exog:B, within (DW)"
0.8853225428020484,0.02882555296029089,53.46464646464646,-0.20762428182761866,"M1 FE + Exog:B, within (DW)"
0.8781427082809542,0.029399478111711695,54.45454545454545,-0.20762428182761866,"M1 FE + Exog:B, within (DW)"
0.8720209410715671,0.030063661101990234,55.44444444444444,-0.20762428182761866,"M1 FE + Exog:B, within (DW)"
0.8670771272457519,0.030747832825558995,56.43434343434344,-0.20762428182761866,"M1 FE + Exog:B, within (DW)"
0.8634311528753743,0.031380295694998755,57.42424242424242,-0.20762428182761866,"M1 FE + Exog:B, within (DW)"
0.8612029040322985,0.031891691820527895,58.414141414141405,-0.20762428182761866,"M1 FE + Exog:B, within (DW)"
0.8605122667883903,0.03221759576953736,59.4040404040404,-0.20762428182761866,"M1 FE + Exog:B, within (DW)"
0.8614762453492018,0.032301063481115944,60.39393939393939,-0.20762428182761866,"M1 FE + Exog:B, within (DW)"
0.8640920416610528,0.03211893519323774,61.38383838383839,-0.20762428182761866,"M1 FE + Exog:B, within (DW)"
0.8681965799936497,0.03169234466759524,62.37373737373737,-0.20762428182761866,"M1 FE + Exog:B, within (DW)"
0.8736155920712843,0.031054615667121786,63.36363636363637,-0.20762428182761866,"M1 FE + Exog:B, within (DW)"
0.8801748096182491,0.030246868218766553,64.35353535353535,-0.20762428182761866,"M1 FE + Exog:B, within (DW)"
0.8876999643588365,0.029316598365382873,65.34343434343434,-0.20762428182761866,"M1 FE + Exog:B, within (DW)"
0.8960167880173388,0.028316517041659814,66.33333333333333,-0.20762428182761866,"M1 FE + Exog:B, within (DW)"
0.904951012318048,0.027303218920360257,67.32323232323232,-0.20762428182761866,"M1 FE + Exog:B, within (DW)"
0.9143283689852553,0.026335229556918145,68.31313131313131,-0.20762428182761866,"M1 FE + Exog:B, within (DW)"
0.9239745897432546,0.025469992259843165,69.3030303030303,-0.20762428182761866,"M1 FE + Exog:B, within (DW)"
0.9337154063163375,0.024759532474704308,70.2929292929293,-0.20762428182761866,"M1 FE + Exog:B, within (DW)"
0.9433765504287956,0.024245003534899237,71.28282828282828,-0.20762428182761866,"M1 FE + Exog:B, within (DW)"
0.9527837538049218,0.02395104622967394,72.27272727272727,-0.20762428182761866,"M1 FE + Exog:B, within (DW)"
0.961762748169008,0.023881532661379427,73.26262626262626,-0.20762428182761866,"M1 FE + Exog:B, within (DW)"
0.9701392652453463,0.024018235667441944,74.25252525252525,-0.20762428182761866,"M1 FE + Exog:B, within (DW)"
0.977739036758229,0.024323008124814322,75.24242424242425,-0.20762428182761866,"M1 FE + Exog:B, within (DW)"
0.9843877944319482,0.02474268703866616,76.23232323232322,-0.20762428182761866,"M1 FE + Exog:B, within (DW)"
0.9899112699907973,0.02521507890841145,77.22222222222221,-0.20762428182761866,"M1 FE + Exog:B, within (DW)"
0.9941351951590663,0.025674480603672698,78.2121212121212,-0.20762428182761866,"M1 FE + Exog:B, within (DW)"
0.9968853016610489,0.02605591376370835,79.2020202020202,-0.20762428182761866,"M1 FE + Exog:B, within (DW)"
0.9979876184370134,0.026298050255401374,80.1919191919192,-0.20762428182761866,"M1 FE + Exog:B, within (DW)"
0.9973406817528815,0.026355794085907203,81.18181818181817,-0.20762428182761866,"M1 FE + Exog:B, within (DW)"
0.99500973469101,0.026217637682302293,82.17171717171718,-0.20762428182761866,"M1 FE + Exog:B, within (DW)"
0.9910833618015973,0.025886091086910933,83.16161616161615,-0.20762428182761866,"M1 FE + Exog:B, within (DW)"
0.9856501476348414,0.025372573100339767,84.15151515151514,-0.20762428182761866,"M1 FE + Exog:B, within (DW)"
0.9787986767409395,0.02469643492628072,85.14141414141415,-0.20762428182761866,"M1 FE + Exog:B, within (DW)"
0.9706175336700893,0.023884815843632914,86.13131313131312,-0.20762428182761866,"M1 FE + Exog:B, within (DW)"
0.9611953029724892,0.02297319823585747,87.12121212121212,-0.20762428182761866,"M1 FE + Exog:B, within (DW)"
0.9506205691983367,0.022006525301577984,88.1111111111111,-0.20762428182761866,"M1 FE + Exog:B, within (DW)"
0.938981916897829,0.021040612570505404,89.1010101010101,-0.20762428182761866,"M1 FE + Exog:B, within (DW)"
0.9263679306211647,0.020143237205592857,90.0909090909091,-0.20762428182761866,"M1 FE + Exog:B, within (DW)"
0.9128671949185414,0.019393669837379245,91.08080808080807,-0.20762428182761866,"M1 FE + Exog:B, within (DW)"
0.8985682943401561,0.018878721799792407,92.07070707070707,-0.20762428182761866,"M1 FE + Exog:B, within (DW)"
0.8835598134362078,0.018683461811160765,93.06060606060605,-0.20762428182761866,"M1 FE + Exog:B, within (DW)"
0.8679303367568931,0.018876993322923884,94.05050505050505,-0.20762428182761866,"M1 FE + Exog:B, within (DW)"
0.8517684488524103,0.019498073143242773,95.04040404040404,-0.20762428182761866,"M1 FE + Exog:B, within (DW)"
0.8351627342729572,0.020548047141273597,96.03030303030302,-0.20762428182761866,"M1 FE + Exog:B, within (DW)"
0.8182017775687314,0.021995026362392787,97.02020202020202,-0.20762428182761866,"M1 FE + Exog:B, within (DW)"
0.8009741632899303,0.023785891322063008,98.010101010101,-0.20762428182761866,"M1 FE + Exog:B, within (DW)"
0.7835684759867527,0.025859163067078448,99.0,-0.20762428182761866,"M1 FE + Exog:B, within (DW)"
1.0641449805764738,0.11675250030946396,1.0,0.3782444879889625,"M1 FE + Exog:B, within (DW)"
1.0572391065803426,0.10755380434908811,1.9898989898989898,0.3782444879889625,"M1 FE + Exog:B, within (DW)"
1.0503875634942204,0.09861884299681037,2.9797979797979797,0.3782444879889625,"M1 FE + Exog:B, within (DW)"
1.0436176895628115,0.09002792458739048,3.9696969696969697,0.3782444879889625,"M1 FE + Exog:B, within (DW)"
1.0369568230308182,0.08187105964007438,4.959595959595959,0.3782444879889625,"M1 FE + Exog:B, within (DW)"
1.030432302142943,0.07424975144740387,5.94949494949495,0.3782444879889625,"M1 FE + Exog:B, within (DW)"
1.0240714651438885,0.06727791513873992,6.939393939393939,0.3782444879889625,"M1 FE + Exog:B, within (DW)"
1.0179016502783578,0.06108027749553494,7.929292929292929,0.3782444879889625,"M1 FE + Exog:B, within (DW)"
1.0119501957910528,0.055785456220805725,8.919191919191919,0.3782444879889625,"M1 FE + Exog:B, within (DW)"
1.006244439926677,0.051510266317306465,9.909090909090908,0.3782444879889625,"M1 FE + Exog:B, within (DW)"
1.0008117209299325,0.048333735982315586,10.898989898989898,0.3782444879889625,"M1 FE + Exog:B, within (DW)"
0.9956793770455231,0.04626604986165634,11.888888888888888,0.3782444879889625,"M1 FE + Exog:B, within (DW)"
0.9908747465181507,0.045226674044936424,12.878787878787879,0.3782444879889625,"M1 FE + Exog:B, within (DW)"
0.9864251675925175,0.045047002028552385,13.868686868686869,0.3782444879889625,"M1 FE + Exog:B, within (DW)"
0.9823579785133273,0.045499222222360504,14.85858585858586,0.3782444879889625,"M1 FE + Exog:B, within (DW)"
0.9787005175252822,0.046336303888894224,15.848484848484848,0.3782444879889625,"M1 FE + Exog:B, within (DW)"
0.9754801228730853,0.04732517217690762,16.838383838383837,0.3782444879889625,"M1 FE + Exog:B, within (DW)"
0.9727241328014382,0.04826530547853752,17.82828282828283,0.3782444879889625,"M1 FE + Exog:B, within (DW)"
0.9704598855550454,0.048995052318076125,18.818181818181817,0.3782444879889625,"M1 FE + Exog:B, within (DW)"
0.9687147193786078,0.049391510348630235,19.80808080808081,0.3782444879889625,"M1 FE + Exog:B, within (DW)"
0.967507322644966,0.04937606278830286,20.7979797979798,0.3782444879889625,"M1 FE + Exog:B, within (DW)"
0.9667899008139923,0.048960112151252386,21.787878787878785,0.3782444879889625,"M1 FE + Exog:B, within (DW)"
0.9664838315311951,0.048209417738513255,22.77777777777778,0.3782444879889625,"M1 FE + Exog:B, within (DW)"
0.9665103235397716,0.0472117917771517,23.767676767676768,0.3782444879889625,"M1 FE + Exog:B, within (DW)"
0.9667905855829205,0.04607170814939679,24.757575757575758,0.3782444879889625,"M1 FE + Exog:B, within (DW)"
0.9672458264038396,0.04490533789834028,25.747474747474747,0.3782444879889625,"M1 FE + Exog:B, within (DW)"
0.9677972547457273,0.043834307776143916,26.737373737373737,0.3782444879889625,"M1 FE + Exog:B, within (DW)"
0.9683660793517823,0.04297695790873987,27.727272727272727,0.3782444879889625,"M1 FE + Exog:B, within (DW)"
0.9688735089652012,0.04243676099587891,28.71717171717172,0.3782444879889625,"M1 FE + Exog:B, within (DW)"
0.9692407523291837,0.04228921359511304,29.707070707070706,0.3782444879889625,"M1 FE + Exog:B, within (DW)"
0.9693890181869271,0.04257038692674636,30.696969696969695,0.3782444879889625,"M1 FE + Exog:B, within (DW)"
0.9692395152816298,0.043271025211433084,31.686868686868685,0.3782444879889625,"M1 FE + Exog:B, within (DW)"
0.9687134523564902,0.044338459441548475,32.676767676767675,0.3782444879889625,"M1 FE + Exog:B, within (DW)"
0.9677320381547057,0.0456853841130633,33.666666666666664,0.3782444879889625,"M1 FE + Exog:B, within (DW)"
0.9662164814194752,0.04720202627431886,34.65656565656566,0.3782444879889625,"M1 FE + Exog:B, within (DW)"
0.9640879908939962,0.048767983549220906,35.64646464646465,0.3782444879889625,"M1 FE + Exog:B, within (DW)"
0.9612677753214679,0.05026151694109547,36.63636363636363,0.3782444879889625,"M1 FE + Exog:B, within (DW)"
0.9576770434450872,0.05156586922819079,37.62626262626262,0.3782444879889625,"M1 FE + Exog:B, within (DW)"
0.9532370040080533,0.05257330594662552,38.61616161616161,0.3782444879889625,"M1 FE + Exog:B, within (DW)"
0.9478688657535639,0.05318798963622982,39.60606060606061,0.3782444879889625,"M1 FE + Exog:B, within (DW)"
0.9415015630177481,0.05333261890885197,40.5959595959596,0.3782444879889625,"M1 FE + Exog:B, within (DW)"
0.9341851425042916,0.05300714858713707,41.58585858585859,0.3782444879889625,"M1 FE + Exog:B, within (DW)"
0.9260657869201654,0.052276839227869576,42.57575757575757,0.3782444879889625,"M1 FE + Exog:B, within (DW)"
0.917292325618203,0.05122305545548834,43.56565656565656,0.3782444879889625,"M1 FE + Exog:B, within (DW)"
0.9080135879512365,0.049938893631860146,44.55555555555556,0.3782444879889625,"M1 FE + Exog:B, within (DW)"
0.8983784032720985,0.04852657413346562,45.54545454545455,0.3782444879889625,"M1 FE + Exog:B, within (DW)"
0.8885356009336228,0.04709434800942841,46.535353535353536,0.3782444879889625,"M1 FE + Exog:B, within (DW)"
0.8786340102886414,0.045752004858974286,47.525252525252526,0.3782444879889625,"M1 FE + Exog:B, within (DW)"
0.8688224606899871,0.04460425107038855,48.51515151515151,0.3782444879889625,"M1 FE + Exog:B, within (DW)"
0.8592497814904936,0.04374180229999947,49.505050505050505,0.3782444879889625,"M1 FE + Exog:B, within (DW)"
0.8500648020429931,0.04323113647265965,50.494949494949495,0.3782444879889625,"M1 FE + Exog:B, within (DW)"
0.841416351700318,0.04310517347830918,51.48484848484849,0.3782444879889625,"M1 FE + Exog:B, within (DW)"
0.8334532598153022,0.043357806998159026,52.474747474747474,0.3782444879889625,"M1 FE + Exog:B, within (DW)"
0.8263243557407771,0.04394435218888433,53.46464646464646,0.3782444879889625,"M1 FE + Exog:B, within (DW)"
0.8201784688295763,0.044787782157562475,54.45454545454545,0.3782444879889625,"M1 FE + Exog:B, within (DW)"
0.815164428434533,0.04578850834654354,55.44444444444444,0.3782444879889625,"M1 FE + Exog:B, within (DW)"
0.8114310639084801,0.046834755535458336,56.43434343434344,0.3782444879889625,"M1 FE + Exog:B, within (DW)"
0.809127204604249,0.04781136974721735,57.42424242424242,0.3782444879889625,"M1 FE + Exog:B, within (DW)"
0.8084016798746733,0.04860626363666643,58.414141414141405,0.3782444879889625,"M1 FE + Exog:B, within (DW)"
0.8094033190725869,0.04911479726231648,59.4040404040404,0.3782444879889625,"M1 FE + Exog:B, within (DW)"
0.8122773245791162,0.049243901731067075,60.39393939393939,0.3782444879889625,"M1 FE + Exog:B, within (DW)"
0.8170181216895689,0.04895391653228585,61.38383838383839,0.3782444879889625,"M1 FE + Exog:B, within (DW)"
0.8234184182929474,0.04827566468789049,62.37373737373737,0.3782444879889625,"M1 FE + Exog:B, within (DW)"
0.8312568359046638,0.04725957408866184,63.36363636363637,0.3782444879889625,"M1 FE + Exog:B, within (DW)"
0.8403119960401303,0.04596868465364588,64.35353535353535,0.3782444879889625,"M1 FE + Exog:B, within (DW)"
0.8503625202147588,0.0444764798494022,65.34343434343434,0.3782444879889625,"M1 FE + Exog:B, within (DW)"
0.8611870299439626,0.04286523473925034,66.33333333333333,0.3782444879889625,"M1 FE + Exog:B, within (DW)"
0.8725641467431525,0.041224191479020005,67.32323232323232,0.3782444879889625,"M1 FE + Exog:B, within (DW)"
0.8842724921277413,0.039646804827384544,68.31313131313131,0.3782444879889625,"M1 FE + Exog:B, within (DW)"
0.8960906876131407,0.038226255130908014,69.3030303030303,0.3782444879889625,"M1 FE + Exog:B, within (DW)"
0.9077973547147635,0.03704862720521197,70.2929292929293,0.3782444879889625,"M1 FE + Exog:B, within (DW)"
0.9191711149480227,0.03618387304170021,71.28282828282828,0.3782444879889625,"M1 FE + Exog:B, within (DW)"
0.9299905898283284,0.03567597336489224,72.27272727272727,0.3782444879889625,"M1 FE + Exog:B, within (DW)"
0.9400344008710944,0.035535035830552786,73.26262626262626,0.3782444879889625,"M1 FE + Exog:B, within (DW)"
0.9490811695917319,0.03573428636294246,74.25252525252525,0.3782444879889625,"M1 FE + Exog:B, within (DW)"
0.9569095175056532,0.03621331250432492,75.24242424242425,0.3782444879889625,"M1 FE + Exog:B, within (DW)"
0.9632980661282714,0.036886323856896726,76.23232323232322,0.3782444879889625,"M1 FE + Exog:B, within (DW)"
0.9680254369749984,0.037652444940786865,77.22222222222221,0.3782444879889625,"M1 FE + Exog:B, within (DW)"
0.9708702515612453,0.03840515971730313,78.2121212121212,0.3782444879889625,"M1 FE + Exog:B, within (DW)"
0.9716111314024249,0.039039384655851564,79.2020202020202,0.3782444879889625,"M1 FE + Exog:B, within (DW)"
0.9700270885467148,0.039456134299092414,80.1919191919192,0.3782444879889625,"M1 FE + Exog:B, within (DW)"
0.9659924074656101,0.039582282940270275,81.18181818181817,0.3782444879889625,"M1 FE + Exog:B, within (DW)"
0.959600420323278,0.0393979034008706,82.17171717171718,0.3782444879889625,"M1 FE + Exog:B, within (DW)"
0.9509751292635726,0.03890505538514965,83.16161616161615,0.3782444879889625,"M1 FE + Exog:B, within (DW)"
0.9402405364303486,0.03811950584425105,84.15151515151514,0.3782444879889625,"M1 FE + Exog:B, within (DW)"
0.9275206439674595,0.03706905489151615,85.14141414141415,0.3782444879889625,"M1 FE + Exog:B, within (DW)"
0.9129394540187595,0.035793230360733945,86.13131313131312,0.3782444879889625,"M1 FE + Exog:B, within (DW)"
0.8966209687281032,0.034344169020170484,87.12121212121212,0.3782444879889625,"M1 FE + Exog:B, within (DW)"
0.8786891902393441,0.0327885460786684,88.1111111111111,0.3782444879889625,"M1 FE + Exog:B, within (DW)"
0.859268120696337,0.03121026961956936,89.1010101010101,0.3782444879889625,"M1 FE + Exog:B, within (DW)"
0.838481762242936,0.029713155024502166,90.0909090909091,0.3782444879889625,"M1 FE + Exog:B, within (DW)"
0.8164541170229949,0.028421732537075126,91.08080808080807,0.3782444879889625,"M1 FE + Exog:B, within (DW)"
0.7933091871803675,0.027476815965020572,92.07070707070707,0.3782444879889625,"M1 FE + Exog:B, within (DW)"
0.7691709748589087,0.027021728030279503,93.06060606060605,0.3782444879889625,"M1 FE + Exog:B, within (DW)"
0.7441634822024716,0.027178087254939438,94.05050505050505,0.3782444879889625,"M1 FE + Exog:B, within (DW)"
0.7184107113549124,0.028018452414106654,95.04040404040404,0.3782444879889625,"M1 FE + Exog:B, within (DW)"
0.692036664460083,0.029550534170706102,96.03030303030302,0.3782444879889625,"M1 FE + Exog:B, within (DW)"
0.6651653436618384,0.03172278176887281,97.02020202020202,0.3782444879889625,"M1 FE + Exog:B, within (DW)"
0.6379207511040339,0.03444602877486527,98.010101010101,0.3782444879889625,"M1 FE + Exog:B, within (DW)"
0.6104268889305217,0.03761727547872483,99.0,0.3782444879889625,"M1 FE + Exog:B, within (DW)"
0.7914748302150638,0.34921671268290383,1.0,1.0918307922639543,"M1 FE + Exog:B, within (DW)"
0.7787211254577845,0.3251577941705682,1.9898989898989898,1.0918307922639543,"M1 FE + Exog:B, within (DW)"
0.7662220682926325,0.30151846677791533,2.9797979797979797,1.0918307922639543,"M1 FE + Exog:B, within (DW)"
0.7541057923765863,0.27842920347995115,3.9696969696969697,1.0918307922639543,"M1 FE + Exog:B, within (DW)"
0.742500431366623,0.25602868058474315,4.959595959595959,1.0918307922639543,"M1 FE + Exog:B, within (DW)"
0.7315341189197214,0.2344655453449826,5.94949494949495,1.0918307922639543,"M1 FE + Exog:B, within (DW)"
0.7213349886928595,0.21390029699586496,6.939393939393939,1.0918307922639543,"M1 FE + Exog:B, within (DW)"
0.7120311743430158,0.19450692165636232,7.929292929292929,1.0918307922639543,"M1 FE + Exog:B, within (DW)"
0.7037508095271682,0.17647348861514892,8.919191919191919,1.0918307922639543,"M1 FE + Exog:B, within (DW)"
0.6966220279022933,0.16000017838132136,9.909090909090908,1.0918307922639543,"M1 FE + Exog:B, within (DW)"
0.6907729631253721,0.14529216161045322,10.898989898989898,1.0918307922639543,"M1 FE + Exog:B, within (DW)"
0.6863317488533804,0.13254374004299202,11.888888888888888,1.0918307922639543,"M1 FE + Exog:B, within (DW)"
0.6834265187432967,0.12191038699048712,12.878787878787879,1.0918307922639543,"M1 FE + Exog:B, within (DW)"
0.6821854064521002,0.11346893234998447,13.868686868686869,1.0918307922639543,"M1 FE + Exog:B, within (DW)"
0.6827365456367678,0.10717449630593356,14.85858585858586,1.0918307922639543,"M1 FE + Exog:B, within (DW)"
0.6852080699542785,0.10283222878452393,15.848484848484848,1.0918307922639543,"M1 FE + Exog:B, within (DW)"
0.6897281130616101,0.10010237493381467,16.838383838383837,1.0918307922639543,"M1 FE + Exog:B, within (DW)"
0.6964248086157404,0.09854227435213586,17.82828282828283,1.0918307922639543,"M1 FE + Exog:B, within (DW)"
0.7054262902736473,0.0976687886782115,18.818181818181817,1.0918307922639543,"M1 FE + Exog:B, within (DW)"
0.7168606916923101,0.09701744246454658,19.80808080808081,1.0918307922639543,"M1 FE + Exog:B, within (DW)"
0.730819436596189,0.09619665145913348,20.7979797979798,1.0918307922639543,"M1 FE + Exog:B, within (DW)"
0.7471117961776468,0.095000799506315,21.787878787878785,1.0918307922639543,"M1 FE + Exog:B, within (DW)"
0.7654162088256371,0.09336953546700616,22.77777777777778,1.0918307922639543,"M1 FE + Exog:B, within (DW)"
0.7854103961101288,0.09132429571650623,23.767676767676768,1.0918307922639543,"M1 FE + Exog:B, within (DW)"
0.8067720796010879,0.08894871344823502,24.757575757575758,1.0918307922639543,"M1 FE + Exog:B, within (DW)"
0.8291789808684824,0.0863737289731715,25.747474747474747,1.0918307922639543,"M1 FE + Exog:B, within (DW)"
0.8523088214822804,0.08376484458154866,26.737373737373737,1.0918307922639543,"M1 FE + Exog:B, within (DW)"
0.875839323012449,0.08130891713860203,27.727272727272727,1.0918307922639543,"M1 FE + Exog:B, within (DW)"
0.8994482070289553,0.07919807337799983,28.71717171717172,1.0918307922639543,"M1 FE + Exog:B, within (DW)"
0.9228131951017672,0.07760937820363469,29.707070707070706,1.0918307922639543,"M1 FE + Exog:B, within (DW)"
0.945612008800852,0.07668122450237125,30.696969696969695,1.0918307922639543,"M1 FE + Exog:B, within (DW)"
0.9675223696961783,0.07649066569802064,31.686868686868685,1.0918307922639543,"M1 FE + Exog:B, within (DW)"
0.9882219993577118,0.07703819165932546,32.676767676767675,1.0918307922639543,"M1 FE + Exog:B, within (DW)"
1.0073886193554211,0.07824533097279732,33.666666666666664,1.0918307922639543,"M1 FE + Exog:B, within (DW)"
1.0246999512592745,0.07996571111663414,34.65656565656566,1.0918307922639543,"M1 FE + Exog:B, within (DW)"
1.039833716639237,0.08200495386754007,35.64646464646465,1.0918307922639543,"M1 FE + Exog:B, within (DW)"
1.0524676370652781,0.08414266281445466,36.63636363636363,1.0918307922639543,"M1 FE + Exog:B, within (DW)"
1.0622794341073654,0.08615138487641531,37.62626262626262,1.0918307922639543,"M1 FE + Exog:B, within (DW)"
1.0689468293354656,0.0878106370097877,38.61616161616161,1.0918307922639543,"M1 FE + Exog:B, within (DW)"
1.0721475443195465,0.08891670418425554,39.60606060606061,1.0918307922639543,"M1 FE + Exog:B, within (DW)"
1.0715831456006861,0.08929672739571361,40.5959595959596,1.0918307922639543,"M1 FE + Exog:B, within (DW)"
1.0673290119219638,0.08891211388006623,41.58585858585859,1.0918307922639543,"M1 FE + Exog:B, within (DW)"
1.0597572449112105,0.08784315717908117,42.57575757575757,1.0918307922639543,"M1 FE + Exog:B, within (DW)"
1.0492481150442243,0.08620407561638431,43.56565656565656,1.0918307922639543,"M1 FE + Exog:B, within (DW)"
1.0361818927968023,0.08413344779602475,44.55555555555556,1.0918307922639543,"M1 FE + Exog:B, within (DW)"
1.0209388486447417,0.08178873953027817,45.54545454545455,1.0918307922639543,"M1 FE + Exog:B, within (DW)"
1.0038992530638395,0.07934098000024822,46.535353535353536,1.0918307922639543,"M1 FE + Exog:B, within (DW)"
0.9854433765298939,0.0769679681945548,47.525252525252526,1.0918307922639543,"M1 FE + Exog:B, within (DW)"
0.9659514895187005,0.07484458671110503,48.51515151515151,1.0918307922639543,"M1 FE + Exog:B, within (DW)"
0.9458038625060587,0.07312944478426608,49.505050505050505,1.0918307922639543,"M1 FE + Exog:B, within (DW)"
0.9253807659677644,0.07194852189294937,50.494949494949495,1.0918307922639543,"M1 FE + Exog:B, within (DW)"
0.9050624703796151,0.07137860357852203,51.48484848484849,1.0918307922639543,"M1 FE + Exog:B, within (DW)"
0.885229246217408,0.07143503373784622,52.474747474747474,1.0918307922639543,"M1 FE + Exog:B, within (DW)"
0.8662613639569413,0.07206806259050416,53.46464646464646,1.0918307922639543,"M1 FE + Exog:B, within (DW)"
0.8485390940740112,0.07316926117855667,54.45454545454545,1.0918307922639543,"M1 FE + Exog:B, within (DW)"
0.8324427070444157,0.07458565503567935,55.44444444444444,1.0918307922639543,"M1 FE + Exog:B, within (DW)"
0.8183524733439514,0.07613693102786451,56.43434343434344,1.0918307922639543,"M1 FE + Exog:B, within (DW)"
0.8066486634484163,0.07763141341701275,57.42424242424242,1.0918307922639543,"M1 FE + Exog:B, within (DW)"
0.7977115478336076,0.07887853059693621,58.414141414141405,1.0918307922639543,"M1 FE + Exog:B, within (DW)"
0.7919213969753222,0.07969759878296416,59.4040404040404,1.0918307922639543,"M1 FE + Exog:B, within (DW)"
0.7896512436812236,0.07992561348314914,60.39393939393939,1.0918307922639543,"M1 FE + Exog:B, within (DW)"
0.7909732431679166,0.07948614900607134,61.38383838383839,1.0918307922639543,"M1 FE + Exog:B, within (DW)"
0.7955570210039974,0.07841886547504759,62.37373737373737,1.0918307922639543,"M1 FE + Exog:B, within (DW)"
0.8030440932205314,0.07679703995975033,63.36363636363637,1.0918307922639543,"M1 FE + Exog:B, within (DW)"
0.8130759758485842,0.07471557819171064,64.35353535353535,1.0918307922639543,"M1 FE + Exog:B, within (DW)"
0.8252941849192212,0.0722871044599353,65.34343434343434,1.0918307922639543,"M1 FE + Exog:B, within (DW)"
0.8393402364635079,0.06963915908644898,66.33333333333333,1.0918307922639543,"M1 FE + Exog:B, within (DW)"
0.8548556465125096,0.06691142200574444,67.32323232323232,1.0918307922639543,"M1 FE + Exog:B, within (DW)"
0.8714819310972928,0.0642517881402681,68.31313131313131,1.0918307922639543,"M1 FE + Exog:B, within (DW)"
0.8888606062489218,0.06180999969027951,69.3030303030303,1.0918307922639543,"M1 FE + Exog:B, within (DW)"
0.906633187998463,0.059727703104974245,70.2929292929293,1.0918307922639543,"M1 FE + Exog:B, within (DW)"
0.9244411923769816,0.05812469057838626,71.28282828282828,1.0918307922639543,"M1 FE + Exog:B, within (DW)"
0.9419261354155429,0.057082970347181745,72.27272727272727,1.0918307922639543,"M1 FE + Exog:B, within (DW)"
0.9587295331452133,0.056632617184295256,73.26262626262626,1.0918307922639543,"M1 FE + Exog:B, within (DW)"
0.9744929015970571,0.056744402770113854,74.25252525252525,1.0918307922639543,"M1 FE + Exog:B, within (DW)"
0.9888577568021406,0.057332401365636144,75.24242424242425,1.0918307922639543,"M1 FE + Exog:B, within (DW)"
1.001465614791529,0.05826569009128823,76.23232323232322,1.0918307922639543,"M1 FE + Exog:B, within (DW)"
1.0119579915962884,0.05938475318880038,77.22222222222221,1.0918307922639543,"M1 FE + Exog:B, within (DW)"
1.0199764032474834,0.060517559135136255,78.2121212121212,1.0918307922639543,"M1 FE + Exog:B, within (DW)"
1.02516236577618,0.06149216055638716,79.2020202020202,1.0918307922639543,"M1 FE + Exog:B, within (DW)"
1.0271579954534935,0.06214523824671713,80.1919191919192,1.0918307922639543,"M1 FE + Exog:B, within (DW)"
1.0257518401161112,0.06235402916791467,81.18181818181817,1.0918307922639543,"M1 FE + Exog:B, within (DW)"
1.0210691189632706,0.062080430070623395,82.17171717171718,1.0918307922639543,"M1 FE + Exog:B, within (DW)"
1.013282190261164,0.06132225952010444,83.16161616161615,1.0918307922639543,"M1 FE + Exog:B, within (DW)"
1.0025634122759826,0.06009975329488771,84.15151515151514,1.0918307922639543,"M1 FE + Exog:B, within (DW)"
0.989085143273918,0.05845248644032514,85.14141414141415,1.0918307922639543,"M1 FE + Exog:B, within (DW)"
0.973019741521162,0.056438525575128504,86.13131313131312,1.0918307922639543,"M1 FE + Exog:B, within (DW)"
0.954539565283905,0.05413551955662947,87.12121212121212,1.0918307922639543,"M1 FE + Exog:B, within (DW)"
0.9338169728283404,0.051643545587053155,88.1111111111111,1.0918307922639543,"M1 FE + Exog:B, within (DW)"
0.9110243224206582,0.04908937750048497,89.1010101010101,1.0918307922639543,"M1 FE + Exog:B, within (DW)"
0.8863339723270511,0.046631175719209536,90.0909090909091,1.0918307922639543,"M1 FE + Exog:B, within (DW)"
0.85991828081371,0.04446104138514617,91.08080808080807,1.0918307922639543,"M1 FE + Exog:B, within (DW)"
0.8319496061468264,0.0428003538312974,92.07070707070707,1.0918307922639543,"M1 FE + Exog:B, within (DW)"
0.8026003065925922,0.04188085758136953,93.06060606060605,1.0918307922639543,"M1 FE + Exog:B, within (DW)"
0.7720427404171984,0.041907707154935706,94.05050505050505,1.0918307922639543,"M1 FE + Exog:B, within (DW)"
0.7404492658868377,0.043013463676316636,95.04040404040404,1.0918307922639543,"M1 FE + Exog:B, within (DW)"
0.7079922412677007,0.04522675640029071,96.03030303030302,1.0918307922639543,"M1 FE + Exog:B, within (DW)"
0.6748440248259788,0.04847565883866285,97.02020202020202,1.0918307922639543,"M1 FE + Exog:B, within (DW)"
0.6411769748278644,0.05262105103057341,98.010101010101,1.0918307922639543,"M1 FE + Exog:B, within (DW)"
0.607163449539548,0.057496929011404865,99.0,1.0918307922639543,"M1 FE + Exog:B, within (DW)"
1.2938837585550331,0.054338516889670056,1.0,-0.7008064774239704,"M2 FE ohne Exog:B, within (DW)"
1.2890372788973234,0.04971127617742452,1.9898989898989898,-0.7008064774239704,"M2 FE ohne Exog:B, within (DW)"
1.2841797313801548,0.045358768961365446,2.9797979797979797,-0.7008064774239704,"M2 FE ohne Exog:B, within (DW)"
1.2793055468744592,0.041359511395542455,3.9696969696969697,-0.7008064774239704,"M2 FE ohne Exog:B, within (DW)"
1.2744091562511681,0.03780140200239479,4.959595959595959,-0.7008064774239704,"M2 FE ohne Exog:B, within (DW)"
1.269484990381212,0.034777785535239907,5.94949494949495,-0.7008064774239704,"M2 FE ohne Exog:B, within (DW)"
1.2645274801355237,0.03237744701240234,6.939393939393939,-0.7008064774239704,"M2 FE ohne Exog:B, within (DW)"
1.259531056385036,0.030667150327412053,7.929292929292929,-0.7008064774239704,"M2 FE ohne Exog:B, within (DW)"
1.254490150000678,0.02967001221703265,8.919191919191919,-0.7008064774239704,"M2 FE ohne Exog:B, within (DW)"
1.2493991918533842,0.02934953788312098,9.909090909090908,-0.7008064774239704,"M2 FE ohne Exog:B, within (DW)"
1.2442526128140843,0.029610143872215746,10.898989898989898,-0.7008064774239704,"M2 FE ohne Exog:B, within (DW)"
1.2390448437537125,0.030315516512219233,11.888888888888888,-0.7008064774239704,"M2 FE ohne Exog:B, within (DW)"
1.2337703155431983,0.03131451926087028,12.878787878787879,-0.7008064774239704,"M2 FE ohne Exog:B, within (DW)"
1.2284234590534762,0.03246257071442008,13.868686868686869,-0.7008064774239704,"M2 FE ohne Exog:B, within (DW)"
1.222998705155475,0.03363338915898011,14.85858585858586,-0.7008064774239704,"M2 FE ohne Exog:B, within (DW)"
1.2174904847201278,0.0347226263256268,15.848484848484848,-0.7008064774239704,"M2 FE ohne Exog:B, within (DW)"
1.2118932286183666,0.0356470755060925,16.838383838383837,-0.7008064774239704,"M2 FE ohne Exog:B, within (DW)"
1.2062013677211232,0.03634243768990102,17.82828282828283,-0.7008064774239704,"M2 FE ohne Exog:B, within (DW)"
1.2004093328993284,0.036761361762888294,18.818181818181817,-0.7008064774239704,"M2 FE ohne Exog:B, within (DW)"
1.1945115550239158,0.036872618534712805,19.80808080808081,-0.7008064774239704,"M2 FE ohne Exog:B, within (DW)"
1.18850294998618,0.03666664338472678,20.7979797979798,-0.7008064774239704,"M2 FE ohne Exog:B, within (DW)"
1.1823821615438148,0.036187391870816106,21.787878787878785,-0.7008064774239704,"M2 FE ohne Exog:B, within (DW)"
1.1761495620486455,0.03550795996797894,22.77777777777778,-0.7008064774239704,"M2 FE ohne Exog:B, within (DW)"
1.169805533323282,0.0347105587381462,23.767676767676768,-0.7008064774239704,"M2 FE ohne Exog:B, within (DW)"
1.1633504571903324,0.03388384392177045,24.757575757575758,-0.7008064774239704,"M2 FE ohne Exog:B, within (DW)"
1.156784715472405,0.03311918774168584,25.747474747474747,-0.7008064774239704,"M2 FE ohne Exog:B, within (DW)"
1.1501086899921105,0.032505042659827774,26.737373737373737,-0.7008064774239704,"M2 FE ohne Exog:B, within (DW)"
1.1433227625720555,0.03211919691166154,27.727272727272727,-0.7008064774239704,"M2 FE ohne Exog:B, within (DW)"
1.1364273150348514,0.0320197978988425,28.71717171717172,-0.7008064774239704,"M2 FE ohne Exog:B, within (DW)"
1.129422729203104,0.032237287536550155,29.707070707070706,-0.7008064774239704,"M2 FE ohne Exog:B, within (DW)"
1.1223093868994254,0.03276994095314144,30.696969696969695,-0.7008064774239704,"M2 FE ohne Exog:B, within (DW)"
1.1150876699464218,0.03358472076024458,31.686868686868685,-0.7008064774239704,"M2 FE ohne Exog:B, within (DW)"
1.1077579601667047,0.03462301878935316,32.676767676767675,-0.7008064774239704,"M2 FE ohne Exog:B, within (DW)"
1.10032063938288,0.03580903778990858,33.666666666666664,-0.7008064774239704,"M2 FE ohne Exog:B, within (DW)"
1.0927760894175589,0.03705821226921529,34.65656565656566,-0.7008064774239704,"M2 FE ohne Exog:B, within (DW)"
1.0851246920933486,0.03828398528058427,35.64646464646465,-0.7008064774239704,"M2 FE ohne Exog:B, within (DW)"
1.077366829232859,0.039402481118180725,36.63636363636363,-0.7008064774239704,"M2 FE ohne Exog:B, within (DW)"
1.0695028826586994,0.040335444983766455,37.62626262626262,-0.7008064774239704,"M2 FE ohne Exog:B, within (DW)"
1.0615332341934776,0.0410121506124752,38.61616161616161,-0.7008064774239704,"M2 FE ohne Exog:B, within (DW)"
1.0534582656598026,0.04137101272974315,39.60606060606061,-0.7008064774239704,"M2 FE ohne Exog:B, within (DW)"
1.0452801737583084,0.04136441120561001,40.5959595959596,-0.7008064774239704,"M2 FE ohne Exog:B, within (DW)"
1.037029606620641,0.04100209939899552,41.58585858585859,-0.7008064774239704,"M2 FE ohne Exog:B, within (DW)"
1.0287597964210267,0.04034139022993726,42.57575757575757,-0.7008064774239704,"M2 FE ohne Exog:B, within (DW)"
1.0205245970774774,0.03945070813382635,43.56565656565656,-0.7008064774239704,"M2 FE ohne Exog:B, within (DW)"
1.0123778625080055,0.03840668248981106,44.55555555555556,-0.7008064774239704,"M2 FE ohne Exog:B, within (DW)"
1.0043734466306242,0.03729224540947061,45.54545454545455,-0.7008064774239704,"M2 FE ohne Exog:B, within (DW)"
0.9965652033633446,0.03619403981662535,46.535353535353536,-0.7008064774239704,"M2 FE ohne Exog:B, within (DW)"
0.98900698662418,0.035198441453753095,47.525252525252526,-0.7008064774239704,"M2 FE ohne Exog:B, within (DW)"
0.981752650331144,0.03438571604992534,48.51515151515151,-0.7008064774239704,"M2 FE ohne Exog:B, within (DW)"
0.9748560484022475,0.03382243735564274,49.505050505050505,-0.7008064774239704,"M2 FE ohne Exog:B, within (DW)"
0.968371034755504,0.03355330400992715,50.494949494949495,-0.7008064774239704,"M2 FE ohne Exog:B, within (DW)"
0.9623514633089247,0.033594487036284225,51.48484848484849,-0.7008064774239704,"M2 FE ohne Exog:B, within (DW)"
0.9568511879805243,0.0339308024592688,52.474747474747474,-0.7008064774239704,"M2 FE ohne Exog:B, within (DW)"
0.9519240626883135,0.03451783708457094,53.46464646464646,-0.7008064774239704,"M2 FE ohne Exog:B, within (DW)"
0.9476239413503057,0.03528822667210282,54.45454545454545,-0.7008064774239704,"M2 FE ohne Exog:B, within (DW)"
0.9440046778845135,0.03615989273105121,55.44444444444444,-0.7008064774239704,"M2 FE ohne Exog:B, within (DW)"
0.941120126208949,0.03704397272633925,56.43434343434344,-0.7008064774239704,"M2 FE ohne Exog:B, within (DW)"
0.9390241402416244,0.037851099633479136,57.42424242424242,-0.7008064774239704,"M2 FE ohne Exog:B, within (DW)"
0.937770573900553,0.03849576850041895,58.414141414141405,-0.7008064774239704,"M2 FE ohne Exog:B, within (DW)"
0.9374132811037474,0.03889924011827548,59.4040404040404,-0.7008064774239704,"M2 FE ohne Exog:B, within (DW)"
0.9380046861419047,0.038992486040913855,60.39393939393939,-0.7008064774239704,"M2 FE ohne Exog:B, within (DW)"
0.9395377821720352,0.03874924376218919,61.38383838383839,-0.7008064774239704,"M2 FE ohne Exog:B, within (DW)"
0.9419260522977713,0.03819893371152857,62.37373737373737,-0.7008064774239704,"M2 FE ohne Exog:B, within (DW)"
0.9450774272594837,0.03738603110879159,63.36363636363637,-0.7008064774239704,"M2 FE ohne Exog:B, within (DW)"
0.9488998377975459,0.036364739420984726,64.35353535353535,-0.7008064774239704,"M2 FE ohne Exog:B, within (DW)"
0.9533012146523275,0.0351973896253422,65.34343434343434,-0.7008064774239704,"M2 FE ohne Exog:B, within (DW)"
0.9581894885642012,0.03395309930269545,66.33333333333333,-0.7008064774239704,"M2 FE ohne Exog:B, within (DW)"
0.9634725902735366,0.03270610007358175,67.32323232323232,-0.7008064774239704,"M2 FE ohne Exog:B, within (DW)"
0.9690584505207072,0.031533085644696035,68.31313131313131,-0.7008064774239704,"M2 FE ohne Exog:B, within (DW)"
0.9748550000460826,0.030508947567344746,69.3030303030303,-0.7008064774239704,"M2 FE ohne Exog:B, within (DW)"
0.9807701695900353,0.029700560479725822,70.2929292929293,-0.7008064774239704,"M2 FE ohne Exog:B, within (DW)"
0.9867118898929358,0.02915904557808117,71.28282828282828,-0.7008064774239704,"M2 FE ohne Exog:B, within (DW)"
0.9925880916951563,0.02891207906693416,72.27272727272727,-0.7008064774239704,"M2 FE ohne Exog:B, within (DW)"
0.9983067057370674,0.02895866461318434,73.26262626262626,-0.7008064774239704,"M2 FE ohne Exog:B, within (DW)"
1.003775662759041,0.029268444448639654,74.25252525252525,-0.7008064774239704,"M2 FE ohne Exog:B, within (DW)"
1.008902893501449,0.029785905461139194,75.24242424242425,-0.7008064774239704,"M2 FE ohne Exog:B, within (DW)"
1.013596328704662,0.030437837610574118,76.23232323232322,-0.7008064774239704,"M2 FE ohne Exog:B, within (DW)"
1.0177638991090516,0.03114151676180882,77.22222222222221,-0.7008064774239704,"M2 FE ohne Exog:B, within (DW)"
1.0213135354549892,0.03181162953044455,78.2121212121212,-0.7008064774239704,"M2 FE ohne Exog:B, within (DW)"
1.0241531684828462,0.03236515092389539,79.2020202020202,-0.7008064774239704,"M2 FE ohne Exog:B, within (DW)"
1.0261908821153498,0.032724424154334346,80.1919191919192,-0.7008064774239704,"M2 FE ohne Exog:B, within (DW)"
1.0273721298781424,0.032833000066379354,81.18181818181817,-0.7008064774239704,"M2 FE ohne Exog:B, within (DW)"
1.0277282844433384,0.03267766642810442,82.17171717171718,-0.7008064774239704,"M2 FE ohne Exog:B, within (DW)"
1.0273027484590131,0.03226231721895823,83.16161616161615,-0.7008064774239704,"M2 FE ohne Exog:B, within (DW)"
1.0261389245732404,0.03160132045709837,84.15151515151514,-0.7008064774239704,"M2 FE ohne Exog:B, within (DW)"
1.0242802154340982,0.030718317114482946,85.14141414141415,-0.7008064774239704,"M2 FE ohne Exog:B, within (DW)"
1.0217700236896603,0.02964608580311739,86.13131313131312,-0.7008064774239704,"M2 FE ohne Exog:B, within (DW)"
1.018651751988003,0.028427344245217534,87.12121212121212,-0.7008064774239704,"M2 FE ohne Exog:B, within (DW)"
1.0149688029772006,0.02711640119180561,88.1111111111111,-0.7008064774239704,"M2 FE ohne Exog:B, within (DW)"
1.01076457930533,0.025781468542503058,89.1010101010101,-0.7008064774239704,"M2 FE ohne Exog:B, within (DW)"
1.0060824836204654,0.02450705669391701,90.0909090909091,-0.7008064774239704,"M2 FE ohne Exog:B, within (DW)"
1.0009659185706827,0.02339502296119371,91.08080808080807,-0.7008064774239704,"M2 FE ohne Exog:B, within (DW)"
0.9954582868040569,0.022561541236139307,92.07070707070707,-0.7008064774239704,"M2 FE ohne Exog:B, within (DW)"
0.989602990968664,0.022126438099351237,93.06060606060605,-0.7008064774239704,"M2 FE ohne Exog:B, within (DW)"
0.9834434337125787,0.022193451135386257,94.05050505050505,-0.7008064774239704,"M2 FE ohne Exog:B, within (DW)"
0.9770230176838777,0.022826841055790123,95.04040404040404,-0.7008064774239704,"M2 FE ohne Exog:B, within (DW)"
0.9703851455306352,0.024036734000285925,96.03030303030302,-0.7008064774239704,"M2 FE ohne Exog:B, within (DW)"
0.9635732199009268,0.025782483229108297,97.02020202020202,-0.7008064774239704,"M2 FE ohne Exog:B, within (DW)"
0.9566306434428284,0.027990489042266222,98.010101010101,-0.7008064774239704,"M2 FE ohne Exog:B, within (DW)"
0.9496008188044154,0.03057461229684835,99.0,-0.7008064774239704,"M2 FE ohne Exog:B, within (DW)"
1.3038559528203315,0.04715026396259193,1.0,-0.6017748486752462,"M2 FE ohne Exog:B, within (DW)"
1.298255887208329,0.043076736579288614,1.9898989898989898,-0.6017748486752462,"M2 FE ohne Exog:B, within (DW)"
1.2926574021868746,0.03925778298765463,2.9797979797979797,-0.6017748486752462,"M2 FE ohne Exog:B, within (DW)"
1.2870612930780287,0.03576679884829312,3.9696969696969697,-0.6017748486752462,"M2 FE ohne Exog:B, within (DW)"
1.2814683552038486,0.032685959291854305,4.959595959595959,-0.6017748486752462,"M2 FE ohne Exog:B, within (DW)"
1.275879383886394,0.030101883210910643,5.94949494949495,-0.6017748486752462,"M2 FE ohne Exog:B, within (DW)"
1.2702951744477247,0.02809508150246129,6.939393939393939,-0.6017748486752462,"M2 FE ohne Exog:B, within (DW)"
1.2647165222098975,0.026722282939921505,7.929292929292929,-0.6017748486752462,"M2 FE ohne Exog:B, within (DW)"
1.2591442224949723,0.025995959829352065,8.919191919191919,-0.6017748486752462,"M2 FE ohne Exog:B, within (DW)"
1.2535790706250072,0.025871527714103063,9.909090909090908,-0.6017748486752462,"M2 FE ohne Exog:B, within (DW)"
1.2480218619220618,0.026251711646162162,10.898989898989898,-0.6017748486752462,"M2 FE ohne Exog:B, within (DW)"
1.242473391708194,0.027006646748824987,11.888888888888888,-0.6017748486752462,"M2 FE ohne Exog:B, within (DW)"
1.2369344553054633,0.027998222152539845,12.878787878787879,-0.6017748486752462,"M2 FE ohne Exog:B, within (DW)"
1.2314058480359282,0.029098086545553528,13.868686868686869,-0.6017748486752462,"M2 FE ohne Exog:B, within (DW)"
1.225888365221648,0.03019632594514073,14.85858585858586,-0.6017748486752462,"M2 FE ohne Exog:B, within (DW)"
1.2203828021846805,0.03120328242861436,15.848484848484848,-0.6017748486752462,"M2 FE ohne Exog:B, within (DW)"
1.2148899542470857,0.032048063225500766,16.838383838383837,-0.6017748486752462,"M2 FE ohne Exog:B, within (DW)"
1.209410616730921,0.032676244822048166,17.82828282828283,-0.6017748486752462,"M2 FE ohne Exog:B, within (DW)"
1.2039455849582466,0.033048091311688586,18.818181818181817,-0.6017748486752462,"M2 FE ohne Exog:B, within (DW)"
1.19849565425112,0.03313791234445434,19.80808080808081,-0.6017748486752462,"M2 FE ohne Exog:B, within (DW)"
1.1930600211569926,0.032939206746040825,20.7979797979798,-0.6017748486752462,"M2 FE ohne Exog:B, within (DW)"
1.1876255940420817,0.03249347950147288,21.787878787878785,-0.6017748486752462,"M2 FE ohne Exog:B, within (DW)"
1.1821735833007052,0.03186826004045817,22.77777777777778,-0.6017748486752462,"M2 FE ohne Exog:B, within (DW)"
1.1766851681085984,0.031139141874092637,23.767676767676768,-0.6017748486752462,"M2 FE ohne Exog:B, within (DW)"
1.1711415276414983,0.030387432188578985,24.757575757575758,-0.6017748486752462,"M2 FE ohne Exog:B, within (DW)"
1.1655238410751396,0.02969675717066726,25.747474747474747,-0.6017748486752462,"M2 FE ohne Exog:B, within (DW)"
1.1598132875852605,0.0291478485093845,26.737373737373737,-0.6017748486752462,"M2 FE ohne Exog:B, within (DW)"
1.1539910463475949,0.028811351314718427,27.727272727272727,-0.6017748486752462,"M2 FE ohne Exog:B, within (DW)"
1.1480382965378801,0.02873952050693527,28.71717171717172,-0.6017748486752462,"M2 FE ohne Exog:B, within (DW)"
1.1419362173318517,0.028958861733161402,29.707070707070706,-0.6017748486752462,"M2 FE ohne Exog:B, within (DW)"
1.1356659879052469,0.02946623718407177,30.696969696969695,-0.6017748486752462,"M2 FE ohne Exog:B, within (DW)"
1.129208787433801,0.03022995644572083,31.686868686868685,-0.6017748486752462,"M2 FE ohne Exog:B, within (DW)"
1.1225457950932498,0.031195326218700036,32.676767676767675,-0.6017748486752462,"M2 FE ohne Exog:B, within (DW)"
1.1156581900593308,0.03229248078261056,33.666666666666664,-0.6017748486752462,"M2 FE ohne Exog:B, within (DW)"
1.1085271515077788,0.033444083849292226,34.65656565656566,-0.6017748486752462,"M2 FE ohne Exog:B, within (DW)"
1.1011338586143313,0.03457141339770412,35.64646464646465,-0.6017748486752462,"M2 FE ohne Exog:B, within (DW)"
1.093459490554723,0.03559848135440907,36.63636363636363,-0.6017748486752462,"M2 FE ohne Exog:B, within (DW)"
1.0854852265046901,0.03645457783201102,37.62626262626262,-0.6017748486752462,"M2 FE ohne Exog:B, within (DW)"
1.0771922456399705,0.03707590020722392,38.61616161616161,-0.6017748486752462,"M2 FE ohne Exog:B, within (DW)"
1.0685617271362984,0.03740693868943928,39.60606060606061,-0.6017748486752462,"M2 FE ohne Exog:B, within (DW)"
1.059578221328107,0.03740479277306744,40.5959595959596,-0.6017748486752462,"M2 FE ohne Exog:B, within (DW)"
1.050279127439836,0.03707849585323651,41.58585858585859,-0.6017748486752462,"M2 FE ohne Exog:B, within (DW)"
1.0407437948383103,0.036480068754183935,42.57575757575757,-0.6017748486752462,"M2 FE ohne Exog:B, within (DW)"
1.03105272778724,0.0356714816411201,43.56565656565656,-0.6017748486752462,"M2 FE ohne Exog:B, within (DW)"
1.0212864305503333,0.03472206526739705,44.55555555555556,-0.6017748486752462,"M2 FE ohne Exog:B, within (DW)"
1.0115254073913025,0.03370683645268064,45.54545454545455,-0.6017748486752462,"M2 FE ohne Exog:B, within (DW)"
1.0018501625738536,0.032704207511222,46.535353535353536,-0.6017748486752462,"M2 FE ohne Exog:B, within (DW)"
0.9923412003616997,0.03179244873101932,47.525252525252526,-0.6017748486752462,"M2 FE ohne Exog:B, within (DW)"
0.9830790250185488,0.03104445927251609,48.51515151515151,-0.6017748486752462,"M2 FE ohne Exog:B, within (DW)"
0.9741441408081107,0.03052093654007881,49.505050505050505,-0.6017748486752462,"M2 FE ohne Exog:B, within (DW)"
0.9656170519940959,0.030262946506501156,50.494949494949495,-0.6017748486752462,"M2 FE ohne Exog:B, within (DW)"
0.9575782628402127,0.030285814446795366,51.48484848484849,-0.6017748486752462,"M2 FE ohne Exog:B, within (DW)"
0.9501082776101719,0.030576438901408605,52.474747474747474,-0.6017748486752462,"M2 FE ohne Exog:B, within (DW)"
0.943287600567682,0.03109510341117668,53.46464646464646,-0.6017748486752462,"M2 FE ohne Exog:B, within (DW)"
0.9371967359764541,0.03178110600199862,54.45454545454545,-0.6017748486752462,"M2 FE ohne Exog:B, within (DW)"
0.9319161881001973,0.03256022758197865,55.44444444444444,-0.6017748486752462,"M2 FE ohne Exog:B, within (DW)"
0.9275264612026213,0.03335196271344579,56.43434343434344,-0.6017748486752462,"M2 FE ohne Exog:B, within (DW)"
0.9241080595474352,0.03407526304321564,57.42424242424242,-0.6017748486752462,"M2 FE ohne Exog:B, within (DW)"
0.9217414873983499,0.0346525350166566,58.414141414141405,-0.6017748486752462,"M2 FE ohne Exog:B, within (DW)"
0.9205072490190737,0.035012293259186526,59.4040404040404,-0.6017748486752462,"M2 FE ohne Exog:B, within (DW)"
0.9204839288980606,0.03509183377222194,60.39393939393939,-0.6017748486752462,"M2 FE ohne Exog:B, within (DW)"
0.9216703044168335,0.03486715028336717,61.38383838383839,-0.6017748486752462,"M2 FE ohne Exog:B, within (DW)"
0.9239583828696287,0.034364654903239686,62.37373737373737,-0.6017748486752462,"M2 FE ohne Exog:B, within (DW)"
0.9272327155588287,0.03362442492767824,63.36363636363637,-0.6017748486752462,"M2 FE ohne Exog:B, within (DW)"
0.931377853786818,0.03269538228105711,64.35353535353535,-0.6017748486752462,"M2 FE ohne Exog:B, within (DW)"
0.936278348855979,0.03163385479667335,65.34343434343434,-0.6017748486752462,"M2 FE ohne Exog:B, within (DW)"
0.9418187520686953,0.03050238213558874,66.33333333333333,-0.6017748486752462,"M2 FE ohne Exog:B, within (DW)"
0.9478836147273503,0.029368227529944363,67.32323232323232,-0.6017748486752462,"M2 FE ohne Exog:B, within (DW)"
0.9543574881343271,0.028301000499068717,68.31313131313131,-0.6017748486752462,"M2 FE ohne Exog:B, within (DW)"
0.9611249235920087,0.02736880160630393,69.3030303030303,-0.6017748486752462,"M2 FE ohne Exog:B, within (DW)"
0.9680704724027789,0.026632562314657236,70.2929292929293,-0.6017748486752462,"M2 FE ohne Exog:B, within (DW)"
0.9750786858690207,0.026138955729699608,71.28282828282828,-0.6017748486752462,"M2 FE ohne Exog:B, within (DW)"
0.982034115293118,0.025913313126304665,72.27272727272727,-0.6017748486752462,"M2 FE ohne Exog:B, within (DW)"
0.9888213119774532,0.025954788498779593,73.26262626262626,-0.6017748486752462,"M2 FE ohne Exog:B, within (DW)"
0.99532482722441,0.02623570821047372,74.25252525252525,-0.6017748486752462,"M2 FE ohne Exog:B, within (DW)"
1.0014292123363715,0.026705445208884838,75.24242424242425,-0.6017748486752462,"M2 FE ohne Exog:B, within (DW)"
1.007019018615722,0.02729729028881409,76.23232323232322,-0.6017748486752462,"M2 FE ohne Exog:B, within (DW)"
1.0119787973648435,0.027935970804295333,77.22222222222221,-0.6017748486752462,"M2 FE ohne Exog:B, within (DW)"
1.0161930998861197,0.028543985256066568,78.2121212121212,-0.6017748486752462,"M2 FE ohne Exog:B, within (DW)"
1.0195464774819345,0.0290460381457346,79.2020202020202,-0.6017748486752462,"M2 FE ohne Exog:B, within (DW)"
1.0219236718909288,0.029371819647804935,80.1919191919192,-0.6017748486752462,"M2 FE ohne Exog:B, within (DW)"
1.0232558827305205,0.029470345547208496,81.18181818181817,-0.6017748486752462,"M2 FE ohne Exog:B, within (DW)"
1.02358112427443,0.029329889036490753,82.17171717171718,-0.6017748486752462,"M2 FE ohne Exog:B, within (DW)"
1.0229523664587692,0.028954261955434185,83.16161616161615,-0.6017748486752462,"M2 FE ohne Exog:B, within (DW)"
1.0214225792196507,0.02835681176821909,84.15151515151514,-0.6017748486752462,"M2 FE ohne Exog:B, within (DW)"
1.0190447324931868,0.02755935733709265,85.14141414141415,-0.6017748486752462,"M2 FE ohne Exog:B, within (DW)"
1.0158717962154893,0.026592102539368227,86.13131313131312,-0.6017748486752462,"M2 FE ohne Exog:B, within (DW)"
1.01195674032267,0.025494409775790625,87.12121212121212,-0.6017748486752462,"M2 FE ohne Exog:B, within (DW)"
1.007352534750841,0.02431634998479327,88.1111111111111,-0.6017748486752462,"M2 FE ohne Exog:B, within (DW)"
1.0021121494361152,0.023120838480665127,89.1010101010101,-0.6017748486752462,"M2 FE ohne Exog:B, within (DW)"
0.9962885543146037,0.021985786583384716,90.0909090909091,-0.6017748486752462,"M2 FE ohne Exog:B, within (DW)"
0.9899347193224193,0.021004880580970525,91.08080808080807,-0.6017748486752462,"M2 FE ohne Exog:B, within (DW)"
0.9831036143956738,0.020284393855444314,92.07070707070707,-0.6017748486752462,"M2 FE ohne Exog:B, within (DW)"
0.9758482094704793,0.019932798859582136,93.06060606060605,-0.6017748486752462,"M2 FE ohne Exog:B, within (DW)"
0.9682214744829479,0.02004221200955609,94.05050505050505,-0.6017748486752462,"M2 FE ohne Exog:B, within (DW)"
0.960276379369192,0.020667282855892786,95.04040404040404,-0.6017748486752462,"M2 FE ohne Exog:B, within (DW)"
0.9520658940653234,0.021813057802609965,96.03030303030302,-0.6017748486752462,"M2 FE ohne Exog:B, within (DW)"
0.9436429885074539,0.02343949714281493,97.02020202020202,-0.6017748486752462,"M2 FE ohne Exog:B, within (DW)"
0.9350606326316963,0.02547835299498733,98.010101010101,-0.6017748486752462,"M2 FE ohne Exog:B, within (DW)"
0.9263717963741626,0.027851453233228927,99.0,-0.6017748486752462,"M2 FE ohne Exog:B, within (DW)"
1.273420239654995,0.051074738243290084,1.0,-0.20762428182761866,"M2 FE ohne Exog:B, within (DW)"
1.265807023270554,0.04674817527178178,1.9898989898989898,-0.20762428182761866,"M2 FE ohne Exog:B, within (DW)"
1.2582210207987443,0.04262858005044104,2.9797979797979797,-0.20762428182761866,"M2 FE ohne Exog:B, within (DW)"
1.250675925744846,0.0387772302550829,3.9696969696969697,-0.20762428182761866,"M2 FE ohne Exog:B, within (DW)"
1.2431854316141309,0.035264053011809855,4.959595959595959,-0.20762428182761866,"M2 FE ohne Exog:B, within (DW)"
1.2357632319118779,0.0321667873646283,5.94949494949495,-0.20762428182761866,"M2 FE ohne Exog:B, within (DW)"
1.228423020143361,0.029566547328060706,6.939393939393939,-0.20762428182761866,"M2 FE ohne Exog:B, within (DW)"
1.2211784898138585,0.02753745770506994,7.929292929292929,-0.20762428182761866,"M2 FE ohne Exog:B, within (DW)"
1.2140433344286445,0.026129664192310678,8.919191919191919,-0.20762428182761866,"M2 FE ohne Exog:B, within (DW)"
1.2070312474929965,0.025350012033063238,9.909090909090908,-0.20762428182761866,"M2 FE ohne Exog:B, within (DW)"
1.2001559225121894,0.025150373779308698,10.898989898989898,-0.20762428182761866,"M2 FE ohne Exog:B, within (DW)"
1.1934310529915004,0.02543243978394768,11.888888888888888,-0.20762428182761866,"M2 FE ohne Exog:B, within (DW)"
1.1868703324362042,0.02606736425451429,12.878787878787879,-0.20762428182761866,"M2 FE ohne Exog:B, within (DW)"
1.1804874543515775,0.02691925396509646,13.868686868686869,-0.20762428182761866,"M2 FE ohne Exog:B, within (DW)"
1.1742961122428972,0.027862469968731454,14.85858585858586,-0.20762428182761866,"M2 FE ohne Exog:B, within (DW)"
1.1683099996154387,0.028789957003776196,15.848484848484848,-0.20762428182761866,"M2 FE ohne Exog:B, within (DW)"
1.1625428099744783,0.029615009103018924,16.838383838383837,-0.20762428182761866,"M2 FE ohne Exog:B, within (DW)"
1.1570082368252919,0.030269912536957114,17.82828282828283,-0.20762428182761866,"M2 FE ohne Exog:B, within (DW)"
1.1517199736731547,0.030703915784312946,18.818181818181817,-0.20762428182761866,"M2 FE ohne Exog:B, within (DW)"
1.1466917140233446,0.0308818560261632,19.80808080808081,-0.20762428182761866,"M2 FE ohne Exog:B, within (DW)"
1.141931923644412,0.03078820232679974,20.7979797979798,-0.20762428182761866,"M2 FE ohne Exog:B, within (DW)"
1.1374088879217679,0.03045404075367172,21.787878787878785,-0.20762428182761866,"M2 FE ohne Exog:B, within (DW)"
1.1330722607859478,0.02993624768390623,22.77777777777778,-0.20762428182761866,"M2 FE ohne Exog:B, within (DW)"
1.1288715940877356,0.029300125505487773,23.767676767676768,-0.20762428182761866,"M2 FE ohne Exog:B, within (DW)"
1.1247564396779108,0.028617114966699265,24.757575757575758,-0.20762428182761866,"M2 FE ohne Exog:B, within (DW)"
1.1206763494072565,0.02796191705663716,25.747474747474747,-0.20762428182761866,"M2 FE ohne Exog:B, within (DW)"
1.1165808751265538,0.02740826059067968,26.737373737373737,-0.20762428182761866,"M2 FE ohne Exog:B, within (DW)"
1.1124195686865854,0.027022989778791796,27.727272727272727,-0.20762428182761866,"M2 FE ohne Exog:B, within (DW)"
1.1081419819381315,0.02685889907448248,28.71717171717172,-0.20762428182761866,"M2 FE ohne Exog:B, within (DW)"
1.1036976667319753,0.02694776075706904,29.707070707070706,-0.20762428182761866,"M2 FE ohne Exog:B, within (DW)"
1.0990361749188973,0.027295666052694633,30.696969696969695,-0.20762428182761866,"M2 FE ohne Exog:B, within (DW)"
1.0941070583496806,0.027882394871606497,31.686868686868685,-0.20762428182761866,"M2 FE ohne Exog:B, within (DW)"
1.0888598688751054,0.028665010917978035,32.676767676767675,-0.20762428182761866,"M2 FE ohne Exog:B, within (DW)"
1.0832441583459547,0.02958423295382629,33.666666666666664,-0.20762428182761866,"M2 FE ohne Exog:B, within (DW)"
1.0772094786130102,0.030571462529548152,34.65656565656566,-0.20762428182761866,"M2 FE ohne Exog:B, within (DW)"
1.0707053815270524,0.03155482928333267,35.64646464646465,-0.20762428182761866,"M2 FE ohne Exog:B, within (DW)"
1.0636814189388655,0.03246358796774828,36.63636363636363,-0.20762428182761866,"M2 FE ohne Exog:B, within (DW)"
1.0560871426992284,0.03323099519889311,37.62626262626262,-0.20762428182761866,"M2 FE ohne Exog:B, within (DW)"
1.0478721046589237,0.03379618377221469,38.61616161616161,-0.20762428182761866,"M2 FE ohne Exog:B, within (DW)"
1.0389858566687342,0.0341056497522508,39.60606060606061,-0.20762428182761866,"M2 FE ohne Exog:B, within (DW)"
1.029383877641696,0.034117275940115044,40.5959595959596,-0.20762428182761866,"M2 FE ohne Exog:B, within (DW)"
1.019114563701045,0.03383625162333218,41.58585858585859,-0.20762428182761866,"M2 FE ohne Exog:B, within (DW)"
1.0083000663544242,0.033307285409904276,42.57575757575757,-0.20762428182761866,"M2 FE ohne Exog:B, within (DW)"
0.9970645676118481,0.0325845126530198,43.56565656565656,-0.20762428182761866,"M2 FE ohne Exog:B, within (DW)"
0.9855322494833321,0.03172901670358363,44.55555555555556,-0.20762428182761866,"M2 FE ohne Exog:B, within (DW)"
0.9738272939788924,0.030807272822259285,45.54545454545455,-0.20762428182761866,"M2 FE ohne Exog:B, within (DW)"
0.9620738831085431,0.029889130359818203,46.535353535353536,-0.20762428182761866,"M2 FE ohne Exog:B, within (DW)"
0.9503961988823008,0.029044764864480186,47.525252525252526,-0.20762428182761866,"M2 FE ohne Exog:B, within (DW)"
0.9389184233101799,0.02834017559860648,48.51515151515151,-0.20762428182761866,"M2 FE ohne Exog:B, within (DW)"
0.9277647384021964,0.027831234868409258,49.505050505050505,-0.20762428182761866,"M2 FE ohne Exog:B, within (DW)"
0.917059326168365,0.027557065381333047,50.494949494949495,-0.20762428182761866,"M2 FE ohne Exog:B, within (DW)"
0.9069263686187017,0.02753435428511551,51.48484848484849,-0.20762428182761866,"M2 FE ohne Exog:B, within (DW)"
0.8974900477632209,0.027754487149536104,52.474747474747474,-0.20762428182761866,"M2 FE ohne Exog:B, within (DW)"
0.8888745456119392,0.02818461837302473,53.46464646464646,-0.20762428182761866,"M2 FE ohne Exog:B, within (DW)"
0.8812040441748712,0.028772288424798544,54.45454545454545,-0.20762428182761866,"M2 FE ohne Exog:B, within (DW)"
0.8746027254620334,0.029451948985689435,55.44444444444444,-0.20762428182761866,"M2 FE ohne Exog:B, within (DW)"
0.8691947714834392,0.030151517305355358,56.43434343434344,-0.20762428182761866,"M2 FE ohne Exog:B, within (DW)"
0.8651043642491056,0.030797726703865002,57.42424242424242,-0.20762428182761866,"M2 FE ohne Exog:B, within (DW)"
0.8624556857690474,0.03131992561572425,58.414141414141405,-0.20762428182761866,"M2 FE ohne Exog:B, within (DW)"
0.8613729180532795,0.03165261395614441,59.4040404040404,-0.20762428182761866,"M2 FE ohne Exog:B, within (DW)"
0.8619773176659578,0.03173790739671735,60.39393939393939,-0.20762428182761866,"M2 FE ohne Exog:B, within (DW)"
0.8642685272636925,0.031552237126565325,61.38383838383839,-0.20762428182761866,"M2 FE ohne Exog:B, within (DW)"
0.8680834881094004,0.0311170058221549,62.37373737373737,-0.20762428182761866,"M2 FE ohne Exog:B, within (DW)"
0.8732477796670479,0.030465873631672732,63.36363636363637,-0.20762428182761866,"M2 FE ohne Exog:B, within (DW)"
0.8795869814006012,0.02964035645094947,64.35353535353535,-0.20762428182761866,"M2 FE ohne Exog:B, within (DW)"
0.8869266727740263,0.028688476733348053,65.34343434343434,-0.20762428182761866,"M2 FE ohne Exog:B, within (DW)"
0.8950924332512897,0.02766369912365185,66.33333333333333,-0.20762428182761866,"M2 FE ohne Exog:B, within (DW)"
0.9039098422963567,0.026623708900767627,67.32323232323232,-0.20762428182761866,"M2 FE ohne Exog:B, within (DW)"
0.9132044793731943,0.02562855086355541,68.31313131313131,-0.20762428182761866,"M2 FE ohne Exog:B, within (DW)"
0.9228019239457679,0.024737632552239448,69.3030303030303,-0.20762428182761866,"M2 FE ohne Exog:B, within (DW)"
0.9325277554780449,0.024005252625160897,70.2929292929293,-0.20762428182761866,"M2 FE ohne Exog:B, within (DW)"
0.9422075534339904,0.02347480433617743,71.28282828282828,-0.20762428182761866,"M2 FE ohne Exog:B, within (DW)"
0.9516668972775706,0.023172629507079098,72.27272727272727,-0.20762428182761866,"M2 FE ohne Exog:B, within (DW)"
0.9607313664727521,0.02310327572210474,73.26262626262626,-0.20762428182761866,"M2 FE ohne Exog:B, within (DW)"
0.9692265404835007,0.023247941541485115,74.25252525252525,-0.20762428182761866,"M2 FE ohne Exog:B, within (DW)"
0.976977998773783,0.023566818901831578,75.24242424242425,-0.20762428182761866,"M2 FE ohne Exog:B, within (DW)"
0.9838113208075647,0.024004446393453865,76.23232323232322,-0.20762428182761866,"M2 FE ohne Exog:B, within (DW)"
0.9895520860488123,0.02449619166802646,77.22222222222221,-0.20762428182761866,"M2 FE ohne Exog:B, within (DW)"
0.9940258739614916,0.024974122181871016,78.2121212121212,-0.20762428182761866,"M2 FE ohne Exog:B, within (DW)"
0.9970582640095688,0.025371381748832106,79.2020202020202,-0.20762428182761866,"M2 FE ohne Exog:B, within (DW)"
0.9984751312457288,0.02562509296702178,80.1919191919192,-0.20762428182761866,"M2 FE ohne Exog:B, within (DW)"
0.9981744610705094,0.025689117922793325,81.18181818181817,-0.20762428182761866,"M2 FE ohne Exog:B, within (DW)"
0.9962200329806304,0.025551712428209736,82.17171717171718,-0.20762428182761866,"M2 FE ohne Exog:B, within (DW)"
0.992698840146051,0.025215311693155648,83.16161616161615,-0.20762428182761866,"M2 FE ohne Exog:B, within (DW)"
0.987697875736733,0.024691270964915565,84.15151515151514,-0.20762428182761866,"M2 FE ohne Exog:B, within (DW)"
0.9813041329226369,0.02399888702138371,85.14141414141415,-0.20762428182761866,"M2 FE ohne Exog:B, within (DW)"
0.9736046048737228,0.02316530662122543,86.13131313131312,-0.20762428182761866,"M2 FE ohne Exog:B, within (DW)"
0.9646862847599516,0.022226203128710313,87.12121212121212,-0.20762428182761866,"M2 FE ohne Exog:B, within (DW)"
0.9546361657512835,0.021227112562549805,88.1111111111111,-0.20762428182761866,"M2 FE ohne Exog:B, within (DW)"
0.9435412410176801,0.020225189235749643,89.1010101010101,-0.20762428182761866,"M2 FE ohne Exog:B, within (DW)"
0.9314885037291017,0.019290753284232635,90.0909090909091,-0.20762428182761866,"M2 FE ohne Exog:B, within (DW)"
0.9185649470555092,0.018507247328515514,91.08080808080807,-0.20762428182761866,"M2 FE ohne Exog:B, within (DW)"
0.9048575641668625,0.01796727057572759,92.07070707070707,-0.20762428182761866,"M2 FE ohne Exog:B, within (DW)"
0.8904533482331228,0.017762247998457745,93.06060606060605,-0.20762428182761866,"M2 FE ohne Exog:B, within (DW)"
0.8754392924242509,0.01796595111641844,94.05050505050505,-0.20762428182761866,"M2 FE ohne Exog:B, within (DW)"
0.8599023899102068,0.018617768684918604,95.04040404040404,-0.20762428182761866,"M2 FE ohne Exog:B, within (DW)"
0.8439296338609522,0.019715138278470438,96.03030303030302,-0.20762428182761866,"M2 FE ohne Exog:B, within (DW)"
0.8276080174464467,0.021219615838089602,97.02020202020202,-0.20762428182761866,"M2 FE ohne Exog:B, within (DW)"
0.8110245338366517,0.023071549544347918,98.010101010101,-0.20762428182761866,"M2 FE ohne Exog:B, within (DW)"
0.7942661762015275,0.025204615029677087,99.0,-0.20762428182761866,"M2 FE ohne Exog:B, within (DW)"
1.0952413238029037,0.11658211389714428,1.0,0.3782444879889625,"M2 FE ohne Exog:B, within (DW)"
1.085557759023549,0.10734551687443311,1.9898989898989898,0.3782444879889625,"M2 FE ohne Exog:B, within (DW)"
1.0759492514758329,0.09837216362818935,2.9797979797979797,0.3782444879889625,"M2 FE ohne Exog:B, within (DW)"
1.066453568481615,0.08974272664224017,3.9696969696969697,0.3782444879889625,"M2 FE ohne Exog:B, within (DW)"
1.0571084773627544,0.0815478063728926,4.959595959595959,0.3782444879889625,"M2 FE ohne Exog:B, within (DW)"
1.0479517454411122,0.07388985910724472,5.94949494949495,0.3782444879889625,"M2 FE ohne Exog:B, within (DW)"
1.0390211400385452,0.06688429844202735,6.939393939393939,0.3782444879889625,"M2 FE ohne Exog:B, within (DW)"
1.0303544284769135,0.06065808355634812,7.929292929292929,0.3782444879889625,"M2 FE ohne Exog:B, within (DW)"
1.021989378078078,0.055342866044838394,8.919191919191919,0.3782444879889625,"M2 FE ohne Exog:B, within (DW)"
1.013963756163895,0.051058995292914425,9.909090909090908,0.3782444879889625,"M2 FE ohne Exog:B, within (DW)"
1.0063153300562275,0.04788860828964879,10.898989898989898,0.3782444879889625,"M2 FE ohne Exog:B, within (DW)"
0.9990818670769319,0.045843141023436895,11.888888888888888,0.3782444879889625,"M2 FE ohne Exog:B, within (DW)"
0.9923011345478682,0.04484035188140485,12.878787878787879,0.3782444879889625,"M2 FE ohne Exog:B, within (DW)"
0.9860108997908967,0.04470721421916372,13.868686868686869,0.3782444879889625,"M2 FE ohne Exog:B, within (DW)"
0.9802489301278753,0.045210355075800866,14.85858585858586,0.3782444879889625,"M2 FE ohne Exog:B, within (DW)"
0.9750529928806642,0.04609776898117394,15.848484848484848,0.3782444879889625,"M2 FE ohne Exog:B, within (DW)"
0.9704608553711228,0.04713288619357454,16.838383838383837,0.3782444879889625,"M2 FE ohne Exog:B, within (DW)"
0.9665102849211097,0.048113183906405045,17.82828282828283,0.3782444879889625,"M2 FE ohne Exog:B, within (DW)"
0.9632390488524852,0.04887609939667754,18.818181818181817,0.3782444879889625,"M2 FE ohne Exog:B, within (DW)"
0.9606849144871069,0.049298471436467504,19.80808080808081,0.3782444879889625,"M2 FE ohne Exog:B, within (DW)"
0.958874818422017,0.04930183967136689,20.7979797979798,0.3782444879889625,"M2 FE ohne Exog:B, within (DW)"
0.9577524523060171,0.0488984879759591,21.787878787878785,0.3782444879889625,"M2 FE ohne Exog:B, within (DW)"
0.9572229074965488,0.048155289585843225,22.77777777777778,0.3782444879889625,"M2 FE ohne Exog:B, within (DW)"
0.9571910638641679,0.04716111534066741,23.767676767676768,0.3782444879889625,"M2 FE ohne Exog:B, within (DW)"
0.9575618012794348,0.0460214811675175,24.757575757575758,0.3782444879889625,"M2 FE ohne Exog:B, within (DW)"
0.958239999612907,0.04485362009604626,25.747474747474747,0.3782444879889625,"M2 FE ohne Exog:B, within (DW)"
0.959130538735142,0.04378025357808051,26.737373737373737,0.3782444879889625,"M2 FE ohne Exog:B, within (DW)"
0.960138298516698,0.0429208166829797,27.727272727272727,0.3782444879889625,"M2 FE ohne Exog:B, within (DW)"
0.9611681588281333,0.04237978441776437,28.71717171717172,0.3782444879889625,"M2 FE ohne Exog:B, within (DW)"
0.9621249995400063,0.04223342016510931,29.707070707070706,0.3782444879889625,"M2 FE ohne Exog:B, within (DW)"
0.9629137005228744,0.04251818405189505,30.696969696969695,0.3782444879889625,"M2 FE ohne Exog:B, within (DW)"
0.963439141647296,0.0432247615247184,31.686868686868685,0.3782444879889625,"M2 FE ohne Exog:B, within (DW)"
0.9636062027838291,0.04430002258833546,32.676767676767675,0.3782444879889625,"M2 FE ohne Exog:B, within (DW)"
0.9633197638030314,0.04565593536960806,33.666666666666664,0.3782444879889625,"M2 FE ohne Exog:B, within (DW)"
0.9624847045754615,0.04718189446953184,34.65656565656566,0.3782444879889625,"M2 FE ohne Exog:B, within (DW)"
0.9610059049716777,0.04875668081516267,35.64646464646465,0.3782444879889625,"M2 FE ohne Exog:B, within (DW)"
0.9587882448622377,0.050257818178825256,36.63636363636363,0.3782444879889625,"M2 FE ohne Exog:B, within (DW)"
0.9557366041176991,0.05156790809496452,37.62626262626262,0.3782444879889625,"M2 FE ohne Exog:B, within (DW)"
0.9517558626086209,0.05257866139194057,38.61616161616161,0.3782444879889625,"M2 FE ohne Exog:B, within (DW)"
0.9467509002055607,0.05319375494497296,39.60606060606061,0.3782444879889625,"M2 FE ohne Exog:B, within (DW)"
0.9406351633843212,0.05333548133996446,40.5959595959596,0.3782444879889625,"M2 FE ohne Exog:B, within (DW)"
0.9334563953474782,0.053003825509154195,41.58585858585859,0.3782444879889625,"M2 FE ohne Exog:B, within (DW)"
0.9253689407193036,0.05226444913706223,42.57575757575757,0.3782444879889625,"M2 FE ohne Exog:B, within (DW)"
0.9165300788852634,0.051199206198943,43.56565656565656,0.3782444879889625,"M2 FE ohne Exog:B, within (DW)"
0.9070970892308191,0.04990178173526716,44.55555555555556,0.3782444879889625,"M2 FE ohne Exog:B, within (DW)"
0.8972272511414376,0.048475110168917576,45.54545454545455,0.3782444879889625,"M2 FE ohne Exog:B, within (DW)"
0.8870778440025806,0.04702830334953293,46.535353535353536,0.3782444879889625,"M2 FE ohne Exog:B, within (DW)"
0.8768061471997135,0.0456721569050932,47.525252525252526,0.3782444879889625,"M2 FE ohne Exog:B, within (DW)"
0.8665694401183001,0.04451247926639042,48.51515151515151,0.3782444879889625,"M2 FE ohne Exog:B, within (DW)"
0.8565250021438042,0.04364106603103022,49.505050505050505,0.3782444879889625,"M2 FE ohne Exog:B, within (DW)"
0.8468301126616897,0.04312526988404872,50.494949494949495,0.3782444879889625,"M2 FE ohne Exog:B, within (DW)"
0.8376420510574213,0.04299848129499549,51.48484848484849,0.3782444879889625,"M2 FE ohne Exog:B, within (DW)"
0.829118096716463,0.04325452953885471,52.474747474747474,0.3782444879889625,"M2 FE ohne Exog:B, within (DW)"
0.8214155290242786,0.04384813532524025,53.46464646464646,0.3782444879889625,"M2 FE ohne Exog:B, within (DW)"
0.8146916273663316,0.0447012854967477,54.45454545454545,0.3782444879889625,"M2 FE ohne Exog:B, within (DW)"
0.8091036711280875,0.04571321413339613,55.44444444444444,0.3782444879889625,"M2 FE ohne Exog:B, within (DW)"
0.8048089396950089,0.04677095677462599,56.43434343434344,0.3782444879889625,"M2 FE ohne Exog:B, within (DW)"
0.8019647124525608,0.0477582691105768,57.42424242424242,0.3782444879889625,"M2 FE ohne Exog:B, within (DW)"
0.8007282687862072,0.048562112721846996,58.414141414141405,0.3782444879889625,"M2 FE ohne Exog:B, within (DW)"
0.8012568880814114,0.04907702772753574,59.4040404040404,0.3782444879889625,"M2 FE ohne Exog:B, within (DW)"
0.8037041210174698,0.04920923253878776,60.39393939393939,0.3782444879889625,"M2 FE ohne Exog:B, within (DW)"
0.8080685119775728,0.04891876062532545,61.38383838383839,0.3782444879889625,"M2 FE ohne Exog:B, within (DW)"
0.8141412298817187,0.04823664565559507,62.37373737373737,0.3782444879889625,"M2 FE ohne Exog:B, within (DW)"
0.8216989621616635,0.04721361435344639,63.36363636363637,0.3782444879889625,"M2 FE ohne Exog:B, within (DW)"
0.8305183962491617,0.04591306351585273,64.35353535353535,0.3782444879889625,"M2 FE ohne Exog:B, within (DW)"
0.8403762195759683,0.04440891021005753,65.34343434343434,0.3782444879889625,"M2 FE ohne Exog:B, within (DW)"
0.8510491195738382,0.042783971388257895,66.33333333333333,0.3782444879889625,"M2 FE ohne Exog:B, within (DW)"
0.8623137836745265,0.04112817782293903,67.32323232323232,0.3782444879889625,"M2 FE ohne Exog:B, within (DW)"
0.8739468993097878,0.03953585228241808,68.31313131313131,0.3782444879889625,"M2 FE ohne Exog:B, within (DW)"
0.8857251539113772,0.03810122556266717,69.3030303030303,0.3782444879889625,"M2 FE ohne Exog:B, within (DW)"
0.8974252349110495,0.03691155521412716,70.2929292929293,0.3782444879889625,"M2 FE ohne Exog:B, within (DW)"
0.90882382974056,0.03603793787657202,71.28282828282828,0.3782444879889625,"M2 FE ohne Exog:B, within (DW)"
0.9196976258316636,0.03552524246591765,72.27272727272727,0.3782444879889625,"M2 FE ohne Exog:B, within (DW)"
0.9298233106161149,0.035383977940062546,73.26262626262626,0.3782444879889625,"M2 FE ohne Exog:B, within (DW)"
0.9389775715256691,0.0355871644987857,74.25252525252525,0.3782444879889625,"M2 FE ohne Exog:B, within (DW)"
0.9469370959920811,0.036073634659530104,75.24242424242425,0.3782444879889625,"M2 FE ohne Exog:B, within (DW)"
0.9534785714471057,0.03675649358870559,76.23232323232322,0.3782444879889625,"M2 FE ohne Exog:B, within (DW)"
0.9583786853224981,0.03753364751942601,77.22222222222221,0.3782444879889625,"M2 FE ohne Exog:B, within (DW)"
0.9614141250500128,0.03829742605967267,78.2121212121212,0.3782444879889625,"M2 FE ohne Exog:B, within (DW)"
0.9623615780614049,0.038941742466461066,79.2020202020202,0.3782444879889625,"M2 FE ohne Exog:B, within (DW)"
0.9609981238114191,0.03936677258985222,80.1919191919192,0.3782444879889625,"M2 FE ohne Exog:B, within (DW)"
0.9571964777260159,0.039498828416383025,81.18181818181817,0.3782444879889625,"M2 FE ohne Exog:B, within (DW)"
0.9510492387829861,0.039317861283917004,82.17171717171718,0.3782444879889625,"M2 FE ohne Exog:B, within (DW)"
0.9426797929726931,0.038825948229277665,83.16161616161615,0.3782444879889625,"M2 FE ohne Exog:B, within (DW)"
0.9322115262855004,0.03803893303442941,84.15151515151514,0.3782444879889625,"M2 FE ohne Exog:B, within (DW)"
0.9197678247117724,0.03698474024653171,85.14141414141415,0.3782444879889625,"M2 FE ohne Exog:B, within (DW)"
0.9054720742418719,0.03570307818704651,86.13131313131312,0.3782444879889625,"M2 FE ohne Exog:B, within (DW)"
0.8894476608661633,0.03424634978236019,87.12121212121212,0.3782444879889625,"M2 FE ohne Exog:B, within (DW)"
0.8718179705750091,0.03268163788124002,88.1111111111111,0.3782444879889625,"M2 FE ohne Exog:B, within (DW)"
0.852706389358774,0.03109348729063036,89.1010101010101,0.3782444879889625,"M2 FE ohne Exog:B, within (DW)"
0.8322363032078209,0.029586694127877487,90.0909090909091,0.3782444879889625,"M2 FE ohne Exog:B, within (DW)"
0.8105310981125139,0.028287216528829217,91.08080808080807,0.3782444879889625,"M2 FE ohne Exog:B, within (DW)"
0.7877141600632163,0.02733772647348299,92.07070707070707,0.3782444879889625,"M2 FE ohne Exog:B, within (DW)"
0.7639088750502918,0.026883529554668214,93.06060606060605,0.3782444879889625,"M2 FE ohne Exog:B, within (DW)"
0.7392386290641036,0.027047690849412276,94.05050505050505,0.3782444879889625,"M2 FE ohne Exog:B, within (DW)"
0.7138268080950164,0.02790297056051112,95.04040404040404,0.3782444879889625,"M2 FE ohne Exog:B, within (DW)"
0.687796798133393,0.029455871754815812,96.03030303030302,0.3782444879889625,"M2 FE ohne Exog:B, within (DW)"
0.6612719851695968,0.03165281096416891,97.02020202020202,0.3782444879889625,"M2 FE ohne Exog:B, within (DW)"
0.6343757551939924,0.03440259561340834,98.010101010101,0.3782444879889625,"M2 FE ohne Exog:B, within (DW)"
0.6072314941969419,0.03760071375958738,99.0,0.3782444879889625,"M2 FE ohne Exog:B, within (DW)"
0.7720323929360722,0.3546880697034484,1.0,1.0918307922639543,"M2 FE ohne Exog:B, within (DW)"
0.7573494064599023,0.33020768190810423,1.9898989898989898,1.0918307922639543,"M2 FE ohne Exog:B, within (DW)"
0.7429411586420597,0.3061480597096013,2.9797979797979797,1.0918307922639543,"M2 FE ohne Exog:B, within (DW)"
0.7289458925686492,0.28264096272396166,3.9696969696969697,1.0918307922639543,"M2 FE ohne Exog:B, within (DW)"
0.7155018513257754,0.25982640976182525,4.959595959595959,1.0918307922639543,"M2 FE ohne Exog:B, within (DW)"
0.7027472779995416,0.23785450736163394,5.94949494949495,1.0918307922639543,"M2 FE ohne Exog:B, within (DW)"
0.690820415676054,0.216887434850857,6.939393939393939,1.0918307922639543,"M2 FE ohne Exog:B, within (DW)"
0.6798595074414164,0.19710125026994743,7.929292929292929,1.0918307922639543,"M2 FE ohne Exog:B, within (DW)"
0.6700027963817337,0.17868675333635364,8.919191919191919,1.0918307922639543,"M2 FE ohne Exog:B, within (DW)"
0.6613885255831087,0.1618478954047588,9.909090909090908,1.0918307922639543,"M2 FE ohne Exog:B, within (DW)"
0.6541549381316483,0.14679512653484336,10.898989898989898,1.0918307922639543,"M2 FE ohne Exog:B, within (DW)"
0.6484402771134551,0.133729934777012,11.888888888888888,1.0918307922639543,"M2 FE ohne Exog:B, within (DW)"
0.6443827856146346,0.12281684110866904,12.878787878787879,1.0918307922639543,"M2 FE ohne Exog:B, within (DW)"
0.6421207067212911,0.11414254106466741,13.868686868686869,1.0918307922639543,"M2 FE ohne Exog:B, within (DW)"
0.6417922835195294,0.10767047071210822,14.85858585858586,1.0918307922639543,"M2 FE ohne Exog:B, within (DW)"
0.6435357590954537,0.10320946398369983,15.848484848484848,1.0918307922639543,"M2 FE ohne Exog:B, within (DW)"
0.6474893765351679,0.10041669671171226,16.838383838383837,1.0918307922639543,"M2 FE ohne Exog:B, within (DW)"
0.6537913789247776,0.09883999855950902,17.82828282828283,1.0918307922639543,"M2 FE ohne Exog:B, within (DW)"
0.6625800093503864,0.09798280422802504,18.818181818181817,1.0918307922639543,"M2 FE ohne Exog:B, within (DW)"
0.6739935108980998,0.09736639754270784,19.80808080808081,1.0918307922639543,"M2 FE ohne Exog:B, within (DW)"
0.6881312100601077,0.09658657985263815,20.7979797979798,1.0918307922639543,"M2 FE ohne Exog:B, within (DW)"
0.7047933203975643,0.09542925733520635,21.787878787878785,1.0918307922639543,"M2 FE ohne Exog:B, within (DW)"
0.7236413582109167,0.09382932722634367,22.77777777777778,1.0918307922639543,"M2 FE ohne Exog:B, within (DW)"
0.7443360798931024,0.09180583858954354,23.767676767676768,1.0918307922639543,"M2 FE ohne Exog:B, within (DW)"
0.7665382418370582,0.08944172138114714,24.757575757575758,1.0918307922639543,"M2 FE ohne Exog:B, within (DW)"
0.7899086004357222,0.08686844625310262,25.747474747474747,1.0918307922639543,"M2 FE ohne Exog:B, within (DW)"
0.8141079120820309,0.08425299833378612,26.737373737373737,1.0918307922639543,"M2 FE ohne Exog:B, within (DW)"
0.8387969331689228,0.08178448711956122,27.727272727272727,1.0918307922639543,"M2 FE ohne Exog:B, within (DW)"
0.863636420089334,0.0796578980528126,28.71717171717172,1.0918307922639543,"M2 FE ohne Exog:B, within (DW)"
0.8882871292362021,0.07805353154618366,29.707070707070706,1.0918307922639543,"M2 FE ohne Exog:B, within (DW)"
0.9124098170024652,0.07711303326757656,30.696969696969695,1.0918307922639543,"M2 FE ohne Exog:B, within (DW)"
0.9356652397810596,0.07691624352203368,31.686868686868685,1.0918307922639543,"M2 FE ohne Exog:B, within (DW)"
0.957714153964923,0.07746548166306397,32.676767676767675,1.0918307922639543,"M2 FE ohne Exog:B, within (DW)"
0.978217315946993,0.07868282905701236,33.666666666666664,1.0918307922639543,"M2 FE ohne Exog:B, within (DW)"
0.9968354821202072,0.08042116455775708,34.65656565656566,1.0918307922639543,"M2 FE ohne Exog:B, within (DW)"
1.013229408877502,0.08248430350638647,35.64646464646465,1.0918307922639543,"M2 FE ohne Exog:B, within (DW)"
1.0270598526118153,0.08464935685316581,36.63636363636363,1.0918307922639543,"M2 FE ohne Exog:B, within (DW)"
1.0379875697160836,0.08668604739169294,37.62626262626262,1.0918307922639543,"M2 FE ohne Exog:B, within (DW)"
1.045673316583246,0.08837099779347407,38.61616161616161,1.0918307922639543,"M2 FE ohne Exog:B, within (DW)"
1.0497778496062378,0.08949768984598669,39.60606060606061,1.0918307922639543,"M2 FE ohne Exog:B, within (DW)"
1.0499865403934876,0.08989072086871039,40.5959595959596,1.0918307922639543,"M2 FE ohne Exog:B, within (DW)"
1.0463706477017891,0.08951044145307148,41.58585858585859,1.0918307922639543,"M2 FE ohne Exog:B, within (DW)"
1.0393077379666054,0.08843747377829307,42.57575757575757,1.0918307922639543,"M2 FE ohne Exog:B, within (DW)"
1.0291838103429047,0.08678676451745904,43.56565656565656,1.0918307922639543,"M2 FE ohne Exog:B, within (DW)"
1.0163848639856539,0.08469791152969887,44.55555555555556,1.0918307922639543,"M2 FE ohne Exog:B, within (DW)"
1.001296898049821,0.08232965458602541,45.54545454545455,1.0918307922639543,"M2 FE ohne Exog:B, within (DW)"
0.9843059116903747,0.07985454099933488,46.535353535353536,1.0918307922639543,"M2 FE ohne Exog:B, within (DW)"
0.9657979040622817,0.07745212533905807,47.525252525252526,1.0918307922639543,"M2 FE ohne Exog:B, within (DW)"
0.9461588743205106,0.07529925195921647,48.51515151515151,1.0918307922639543,"M2 FE ohne Exog:B, within (DW)"
0.9257748216200288,0.07355660721798038,49.505050505050505,1.0918307922639543,"M2 FE ohne Exog:B, within (DW)"
0.9050317451158038,0.07235218399306931,50.494949494949495,1.0918307922639543,"M2 FE ohne Exog:B, within (DW)"
0.8843156439628035,0.0717644547751473,51.48484848484849,1.0918307922639543,"M2 FE ohne Exog:B, within (DW)"
0.8640125173159957,0.07180983905037137,52.474747474747474,1.0918307922639543,"M2 FE ohne Exog:B, within (DW)"
0.8445083643303484,0.07243884792003855,53.46464646464646,1.0918307922639543,"M2 FE ohne Exog:B, within (DW)"
0.8261891841608289,0.07354246146223058,54.45454545454545,1.0918307922639543,"M2 FE ohne Exog:B, within (DW)"
0.8094409759624059,0.07496639740396088,55.44444444444444,1.0918307922639543,"M2 FE ohne Exog:B, within (DW)"
0.7946497388900455,0.07652855365019046,56.43434343434344,1.0918307922639543,"M2 FE ohne Exog:B, within (DW)"
0.782201472098717,0.07803522792793563,57.42424242424242,1.0918307922639543,"M2 FE ohne Exog:B, within (DW)"
0.7724821747433877,0.0792937744949698,58.414141414141405,1.0918307922639543,"M2 FE ohne Exog:B, within (DW)"
0.765877845979025,0.0801215075348921,59.4040404040404,1.0918307922639543,"M2 FE ohne Exog:B, within (DW)"
0.7627672567507084,0.08035356881352691,60.39393939393939,1.0918307922639543,"M2 FE ohne Exog:B, within (DW)"
0.7632286936018146,0.07991242809569178,61.38383838383839,1.0918307922639543,"M2 FE ohne Exog:B, within (DW)"
0.7669384394568274,0.07883768362660976,62.37373737373737,1.0918307922639543,"M2 FE ohne Exog:B, within (DW)"
0.7735447044364775,0.07720287389032769,63.36363636363637,1.0918307922639543,"M2 FE ohne Exog:B, within (DW)"
0.7826956986614986,0.07510337309420327,64.35353535353535,1.0918307922639543,"M2 FE ohne Exog:B, within (DW)"
0.7940396322526215,0.07265245140434631,65.34343434343434,1.0918307922639543,"M2 FE ohne Exog:B, within (DW)"
0.8072247153305788,0.0699784692595731,66.33333333333333,1.0918307922639543,"M2 FE ohne Exog:B, within (DW)"
0.8218991580161026,0.0672221162191438,67.32323232323232,1.0918307922639543,"M2 FE ohne Exog:B, within (DW)"
0.8377111704299247,0.06453250885945987,68.31313131313131,1.0918307922639543,"M2 FE ohne Exog:B, within (DW)"
0.8543089626927775,0.0620608325186982,69.3030303030303,1.0918307922639543,"M2 FE ohne Exog:B, within (DW)"
0.8713407449253927,0.05995036143709096,70.2929292929293,1.0918307922639543,"M2 FE ohne Exog:B, within (DW)"
0.888454727248502,0.05832257780494392,71.28282828282828,1.0918307922639543,"M2 FE ohne Exog:B, within (DW)"
0.9052991197828383,0.057261014961055325,72.27272727272727,1.0918307922639543,"M2 FE ohne Exog:B, within (DW)"
0.9215221326491326,0.05679681537300141,73.26262626262626,1.0918307922639543,"M2 FE ohne Exog:B, within (DW)"
0.9367719759681177,0.05690111004439135,74.25252525252525,1.0918307922639543,"M2 FE ohne Exog:B, within (DW)"
0.9506968598605258,0.05748753236264793,75.24242424242425,1.0918307922639543,"M2 FE ohne Exog:B, within (DW)"
0.9629449944470883,0.05842402503304182,76.23232323232322,1.0918307922639543,"M2 FE ohne Exog:B, within (DW)"
0.9731645898485374,0.059549482321759266,77.22222222222221,1.0918307922639543,"M2 FE ohne Exog:B, within (DW)"
0.9810038561856056,0.060690083617160856,78.2121212121212,1.0918307922639543,"M2 FE ohne Exog:B, within (DW)"
0.986111003579024,0.06167208713332394,79.2020202020202,1.0918307922639543,"M2 FE ohne Exog:B, within (DW)"
0.9881348285255513,0.062330483250598916,80.1919191919192,1.0918307922639543,"M2 FE ohne Exog:B, within (DW)"
0.9868671768893745,0.06254120094422119,81.18181818181817,1.0918307922639543,"M2 FE ohne Exog:B, within (DW)"
0.9824287896418071,0.062265595363563506,82.17171717171718,1.0918307922639543,"M2 FE ohne Exog:B, within (DW)"
0.9749864580281065,0.06150126482964211,83.16161616161615,1.0918307922639543,"M2 FE ohne Exog:B, within (DW)"
0.964706973293531,0.06026840613041544,84.15151515151514,1.0918307922639543,"M2 FE ohne Exog:B, within (DW)"
0.9517571266833396,0.05860669965903818,85.14141414141415,1.0918307922639543,"M2 FE ohne Exog:B, within (DW)"
0.9363037094427907,0.05657445605295501,86.13131313131312,1.0918307922639543,"M2 FE ohne Exog:B, within (DW)"
0.9185135128171419,0.054249733495309274,87.12121212121212,1.0918307922639543,"M2 FE ohne Exog:B, within (DW)"
0.898553328051653,0.051733250050968245,88.1111111111111,1.0918307922639543,"M2 FE ohne Exog:B, within (DW)"
0.8765899463915803,0.049152768650174684,89.1010101010101,1.0918307922639543,"M2 FE ohne Exog:B, within (DW)"
0.8527901590821838,0.04666795788010118,90.0909090909091,1.0918307922639543,"M2 FE ohne Exog:B, within (DW)"
0.8273207573687213,0.0444731372422755,91.08080808080807,1.0918307922639543,"M2 FE ohne Exog:B, within (DW)"
0.8003485324964511,0.04279269865450236,92.07070707070707,1.0918307922639543,"M2 FE ohne Exog:B, within (DW)"
0.772040275710632,0.041861916435758234,93.06060606060605,1.0918307922639543,"M2 FE ohne Exog:B, within (DW)"
0.7425627782565218,0.04188912840311351,94.05050505050505,1.0918307922639543,"M2 FE ohne Exog:B, within (DW)"
0.7120828313793796,0.04300851615531545,95.04040404040404,1.0918307922639543,"M2 FE ohne Exog:B, within (DW)"
0.680767226324463,0.04524805518350581,96.03030303030302,1.0918307922639543,"M2 FE ohne Exog:B, within (DW)"
0.6487827543370306,0.04853333720734542,97.02020202020202,1.0918307922639543,"M2 FE ohne Exog:B, within (DW)"
0.6162962066623411,0.05272211339572658,98.010101010101,1.0918307922639543,"M2 FE ohne Exog:B, within (DW)"
0.5834743745456522,0.057645590349696046,99.0,1.0918307922639543,"M2 FE ohne Exog:B, within (DW)"
