pctl,beta_1,se,B,half
1.0,1.1989137106260828,0.07224159702363459,1xBet,early
1.9898989898989898,1.1976157560868486,0.07128814896232705,1xBet,early
2.9797979797979797,1.1963178051009808,0.0703388796255056,1xBet,early
3.9696969696969697,1.1950198615099201,0.06939396203781475,1xBet,early
4.959595959595959,1.1937219302825341,0.0684535770665486,1xBet,early
5.94949494949495,1.1924240172976914,0.06751791320604907,1xBet,early
6.939393939393939,1.191126129133988,0.06658716651052646,1xBet,early
7.929292929292929,1.1898282728680143,0.06566154068873842,1xBet,early
8.919191919191919,1.1885304558826486,0.0647412473690547,1xBet,early
9.909090909090908,1.1872326856869355,0.06382650653717947,1xBet,early
10.898989898989898,1.1859349697490844,0.06291754714185437,1xBet,early
11.888888888888888,1.184637315344068,0.062014607856852005,1xBet,early
12.878787878787879,1.183339729417192,0.061117937981070486,1xBet,early
13.868686868686869,1.1820422184648358,0.060227798453050804,1xBet,early
14.85858585858586,1.180744788433382,0.059344462952160164,1xBet,early
15.848484848484848,1.179447444637098,0.058468219056287254,1xBet,early
16.838383838383837,1.1781501916954948,0.05759936942532177,1xBet,early
17.82828282828283,1.1768530334903875,0.056738232980936186,1xBet,early
18.818181818181817,1.1755559731425937,0.055885146056113215,1xBet,early
19.80808080808081,1.1742590130079036,0.05504046349219674,1xBet,early
20.7979797979798,1.1729621546916427,0.05420455966661073,1xBet,early
21.787878787878785,1.1716653990808619,0.05337782944032542,1xBet,early
22.77777777777778,1.1703687463928896,0.05256068902014031,1xBet,early
23.767676767676768,1.1690721962387285,0.051753576736367955,1xBet,early
24.757575757575758,1.1677757476995239,0.05095695374102939,1xBet,early
25.747474747474747,1.1664793994141291,0.05017130463475511,1xBet,early
26.737373737373737,1.1651831496756082,0.04939713803185947,1xBet,early
27.727272727272727,1.1638869965343777,0.048634987072267044,1xBet,early
28.71717171717172,1.1625909379055943,0.04788540988600602,1xBet,early
29.707070707070706,1.1612949716783332,0.04714899001088145,1xBet,early
30.696969696969695,1.159999095824095,0.04642633675689144,1xBet,early
31.686868686868685,1.1587033085022171,0.045718085502292206,1xBet,early
32.676767676767675,1.1574076081598328,0.04502489789642759,1xBet,early
33.666666666666664,1.1561119936241628,0.04434746193410172,1xBet,early
34.65656565656566,1.1548164641850676,0.04368649185605953,1xBet,early
35.64646464646465,1.1535210196660126,0.04304272782076568,1xBet,early
36.63636363636363,1.1522256604818164,0.04241693528486701,1xBet,early
37.62626262626262,1.1509303876818389,0.04180990402418645,1xBet,early
38.61616161616161,1.1496352029775456,0.04122244672446251,1xBet,early
39.60606060606061,1.14834010875371,0.040655397071848134,1xBet,early
40.5959595959596,1.1470451080628337,0.040109607277816754,1xBet,early
41.58585858585859,1.1457502046027126,0.03958594498182467,1xBet,early
42.57575757575757,1.1444554026774063,0.039085289487903165,1xBet,early
43.56565656565656,1.1431607071422039,0.03860852730815005,1xBet,early
44.55555555555556,1.1418661233335103,0.038156547006500376,1xBet,early
45.54545454545455,1.1405716569848736,0.0377302333596044,1xBet,early
46.535353535353536,1.1392773141306607,0.037330460877342646,1xBet,early
47.525252525252526,1.1379831009991503,0.03695808675248141,1xBet,early
48.51515151515151,1.1366890238970262,0.03661394333606513,1xBet,early
49.505050505050505,1.1353950890874467,0.03629883026107228,1xBet,early
50.494949494949495,1.1341013026640037,0.03601350636027072,1xBet,early
51.48484848484849,1.1328076704229941,0.035758681543735044,1xBet,early
52.474747474747474,1.131514197736474,0.03553500881585225,1xBet,early
53.46464646464646,1.1302208894285777,0.03534307661973833,1xBet,early
54.45454545454545,1.12892774965755,0.03518340169798778,1xBet,early
55.44444444444444,1.1276347818058414,0.03505642265211266,1xBet,early
56.43434343434344,1.1263419883805024,0.034962494368864165,1xBet,early
57.42424242424242,1.1250493709259257,0.034901883460305164,1xBet,early
58.414141414141405,1.1237569299507797,0.03487476483692077,1xBet,early
59.4040404040404,1.122464664870725,0.034881219500541544,1xBet,early
60.39393939393939,1.1211725739682241,0.03492123360805996,1xBet,early
61.38383838383839,1.1198806543704511,0.034994698819690896,1xBet,early
62.37373737373737,1.1185889020459752,0.03510141390874974,1xBet,early
63.36363636363637,1.1172973118205534,0.03524108757537168,1xBet,early
64.35353535353535,1.1160058774120167,0.03541334237579513,1xBet,early
65.34343434343434,1.1147145914838772,0.0356177196529418,1xBet,early
66.33333333333333,1.1134234457169379,0.035853685333787765,1xBet,early
67.32323232323232,1.11213243089785,0.03612063644474206,1xBet,early
68.31313131313131,1.1108415370232392,0.03641790818784538,1xBet,early
69.3030303030303,1.1095507534177218,0.03674478141766281,1xBet,early
70.2929292929293,1.108260068863873,0.03710049036063459,1xBet,early
71.28282828282828,1.1069694717419594,0.03748423042460684,1xBet,early
72.27272727272727,1.1056789501770568,0.03789516595550117,1xBet,early
73.26262626262626,1.1043884921910203,0.03833243780985175,1xBet,early
74.25252525252525,1.1030980858566513,0.038795170625595066,1xBet,early
75.24242424242425,1.1018077194513487,0.03928247968850958,1xBet,early
76.23232323232322,1.1005173816075031,0.03979347730765997,1xBet,early
77.22222222222221,1.0992270614569295,0.04032727862978795,1xBet,early
78.2121212121212,1.0979367487667036,0.040883006839558346,1xBet,early
79.2020202020202,1.0966464340638826,0.041459797709696364,1xBet,early
80.1919191919192,1.0953561087467691,0.04205680348211235,1xBet,early
81.18181818181817,1.094065765180559,0.04267319607784923,1xBet,early
82.17171717171718,1.0927753967754694,0.043308169649805654,1xBet,early
83.16161616161615,1.0914849980457015,0.04396094250733488,1xBet,early
84.15151515151514,1.090194564647887,0.044630758455614095,1xBet,early
85.14141414141415,1.0889040933979846,0.045316887604715916,1xBet,early
86.13131313131312,1.0876135822659108,0.046018626713202164,1xBet,early
87.12121212121212,1.086323030347527,0.04673529913844948,1xBet,early
88.1111111111111,1.0850324378139273,0.04746625447052849,1xBet,early
89.1010101010101,1.0837418058382942,0.048210867928122354,1xBet,early
90.0909090909091,1.0824511365009,0.04896853959363891,1xBet,early
91.08080808080807,1.0811604326730972,0.04973869356044651,1xBet,early
92.07070707070707,1.0798696978814109,0.05052077705829476,1xBet,early
93.06060606060605,1.0785789361530418,0.05131425961387234,1xBet,early
94.05050505050505,1.0772881518442752,0.05211863229264117,1xBet,early
95.04040404040404,1.0759973494533939,0.052933407056224985,1xBet,early
96.03030303030302,1.0747065334197763,0.053758116257466716,1xBet,early
97.02020202020202,1.0734157079108517,0.05459231228360445,1xBet,early
98.010101010101,1.0721248765985332,0.05543556734768026,1xBet,early
99.0,1.0708340424266207,0.05628747342011268,1xBet,early
1.0,0.76971753874659,0.0816805595753687,1xBet,late
1.9898989898989898,0.7682128558586647,0.08061322905017478,1xBet,late
2.9797979797979797,0.7667081712749273,0.07955036966014017,1xBet,late
3.9696969696969697,0.7652034827603144,0.0784921645940275,1xBet,late
4.959595959595959,0.7636987873090219,0.07743880567982162,1xBet,late
5.94949494949495,0.7621940812882537,0.07639049323590567,1xBet,late
6.939393939393939,0.7606893605738966,0.07534743605581605,1xBet,late
7.929292929292929,0.7591846206783094,0.0743098515397576,1xBet,late
8.919191919191919,0.7576798568704262,0.07327796598214156,1xBet,late
9.909090909090908,0.756175064288354,0.07225201501909939,1xBet,late
10.898989898989898,0.7546702380446517,0.07123224423382038,1xBet,late
11.888888888888888,0.753165373324452,0.07021890991123621,1xBet,late
12.878787878787879,0.7516604654765873,0.06921227992756852,1xBet,late
13.868686868686869,0.7501555100978535,0.0682126347550355,1xBet,late
14.85858585858586,0.7486505031105367,0.06722026855796565,1xBet,late
15.848484848484848,0.7471454408332994,0.06623549035396786,1xBet,late
16.838383838383837,0.7456403200455102,0.06525862521281368,1xBet,late
17.82828282828283,0.7441351380450765,0.06429001546633,1xBet,late
18.818181818181817,0.7426298926998193,0.06333002190478085,1xBet,late
19.80808080808081,0.7411245824924114,0.0623790249387181,1xBet,late
20.7979797979798,0.7396192065588864,0.061437425709781564,1xBet,late
21.787878787878785,0.7381137647207038,0.06050564713902747,1xBet,late
22.77777777777778,0.7366082575103552,0.059584134906600736,1xBet,late
23.767676767676768,0.735102686190481,0.05867335836146171,1xBet,late
24.757575757575758,0.7335970527664699,0.05777381136396048,1xBet,late
25.747474747474747,0.732091359992514,0.05688601306689137,1xBet,late
26.737373737373737,0.7305856113711039,0.056010508641903343,1xBet,late
27.727272727272727,0.729079811145957,0.05514786995753084,1xBet,late
28.71717171717172,0.7275739642883978,0.054298696212509746,1xBet,late
29.707070707070706,0.726068076477231,0.05346361452345205,1xBet,late
30.696969696969695,0.7245621540721823,0.052643280459507946,1xBet,late
31.686868686868685,0.7230562040810165,0.05183837850861877,1xBet,late
32.676767676767675,0.7215502341204889,0.05104962245075746,1xBet,late
33.666666666666664,0.7200442523713269,0.05027775560367115,1xBet,late
34.65656565656566,0.7185382675274965,0.049523550896671736,1xBet,late
35.64646464646465,0.7170322887400568,0.048787810718606404,1xBet,late
36.63636363636363,0.7155263255559643,0.048071366477945424,1xBet,late
37.62626262626262,0.7140203878522481,0.047375077806600795,1xBet,late
38.61616161616161,0.7125144857660317,0.046699831335244586,1xBet,late
39.60606060606061,0.7110086296209348,0.04604653896706478,1xBet,late
40.5959595959596,0.7095028298504477,0.04541613557951053,1xBet,late
41.58585858585859,0.7079970969189163,0.04480957608994773,1xBet,late
42.57575757575757,0.7064914412408282,0.04422783183143008,1xBet,late
43.56565656565656,0.7049858730991307,0.04367188619899691,1xBet,late
44.55555555555556,0.7034804025633483,0.0431427295448636,1xBet,late
45.54545454545455,0.701975039408292,0.04264135332222536,1xBet,late
46.535353535353536,0.7004697930341771,0.04216874350161032,1xBet,late
47.525252525252526,0.6989646723889755,0.04172587331006941,1xBet,late
48.51515151515151,0.6974596858938239,0.041313695371070915,1xBet,late
49.505050505050505,0.6959548413723086,0.04093313335070435,1xBet,late
50.494949494949495,0.6944501459844196,0.04058507324247904,1xBet,late
51.48484848484849,0.6929456061659385,0.040270354447315825,1xBet,late
52.474747474747474,0.691441227573982,0.039989760825927714,1xBet,late
53.46464646464646,0.6899370150393709,0.039744011916352344,1xBet,late
54.45454545454545,0.6884329725264271,0.0395337545187498,1xBet,late
55.44444444444444,0.6869291031007353,0.03935955485175312,1xBet,late
56.43434343434344,0.6854254089053149,0.03922189147901701,1xBet,late
57.42424242424242,0.6839218911455663,0.03912114919092629,1xBet,late
58.414141414141405,0.6824185500832511,0.039057614004940476,1xBet,late
59.4040404040404,0.6809153850396669,0.03903146941949994,1xBet,late
60.39393939393939,0.679412394408069,0.03904279402200748,1xBet,late
61.38383838383839,0.6779095756752791,0.0390915605127328,1xBet,late
62.37373737373737,0.6764069254523077,0.039177636165455214,1xBet,late
63.36363636363637,0.6749044395137108,0.039300784704292366,1xBet,late
64.35353535353535,0.6734021128452794,0.03946066953646274,1xBet,late
65.34343434343434,0.6718999396995647,0.039656858244520476,1xBet,late
66.33333333333333,0.6703979136586299,0.03988882821039048,1xBet,late
67.32323232323232,0.6688960277033258,0.04015597321841668,1xBet,late
68.31313131313131,0.6673942742882997,0.04045761086626225,1xBet,late
69.3030303030303,0.6658926454218653,0.04079299060105839,1xBet,late
70.2929292929293,0.6643911327497907,0.04116130219348155,1xBet,late
71.28282828282828,0.6628897276420052,0.04156168446391404,1xBet,late
72.27272727272727,0.661388421281178,0.041993234081755475,1xBet,late
73.26262626262626,0.6598872047520893,0.042455014270416876,1xBet,late
74.25252525252525,0.6583860691306916,0.04294606326562652,1xBet,late
75.24242424242425,0.6568850055717596,0.043465402392514854,1xBet,late
76.23232323232322,0.655384005394023,0.04401204364671022,1xBet,late
77.22222222222221,0.6538830601617126,0.04458499668565306,1xBet,late
78.2121212121212,0.6523821617614691,0.04518327515790271,1xBet,late
79.2020202020202,0.6508813024736243,0.04580590231984084,1xBet,late
80.1919191919192,0.6493804750369118,0.046451915910403124,1xBet,late
81.18181818181817,0.6478796727057454,0.04712037227487737,1xBet,late
82.17171717171718,0.64637888929927,0.04781034974800185,1xBet,late
83.16161616161615,0.6448781192414883,0.04852095132420471,1xBet,late
84.15151515151514,0.6433773575918521,0.049251306658484234,1xBet,late
85.14141414141415,0.6418766000658118,0.05000057345479764,1xBet,late
86.13131313131312,0.6403758430449125,0.05076793830959857,1xBet,late
87.12121212121212,0.6388750835761347,0.0515526170860867,1xBet,late
88.1111111111111,0.6373743193602744,0.052353854899629855,1xBet,late
89.1010101010101,0.6358735487292585,0.053170925796612145,1xBet,late
90.0909090909091,0.6343727706123811,0.05400313220768334,1xBet,late
91.08080808080807,0.6328719844915422,0.05484980425219926,1xBet,late
92.07070707070707,0.6313711903456343,0.05571029896384359,1xBet,late
93.06060606060605,0.6298703885843016,0.05658399949843273,1xBet,late
94.05050505050505,0.6283695799713404,0.05747031437426733,1xBet,late
95.04040404040404,0.6268687655380555,0.058368676783747714,1xBet,late
96.03030303030302,0.6253679464869019,0.05927854400303246,1xBet,late
97.02020202020202,0.6238671240857527,0.06019939691504893,1xBet,late
98.010101010101,0.6223662995531133,0.06113073965094553,1xBet,late
99.0,0.6208654739345675,0.062072099346873785,1xBet,late
1.0,1.1284489998715097,0.08616737181675774,GGBET,early
1.9898989898989898,1.127036628412995,0.08505309066243925,GGBET,early
2.9797979797979797,1.1256242560250738,0.08394415263554578,GGBET,early
3.9696969696969697,1.124211881629137,0.08284077437430959,GGBET,early
4.959595959595959,1.122799503773555,0.0817431821353414,GGBET,early
5.94949494949495,1.1213871206692714,0.08065161149416043,GGBET,early
6.939393939393939,1.1199747302238694,0.0795663072198234,GGBET,early
7.929292929292929,1.118562330073987,0.07848752333927782,GGBET,early
8.919191919191919,1.1171499176159523,0.07741552340117937,GGBET,early
9.909090909090908,1.115737490034491,0.07635058094136686,GGBET,early
10.898989898989898,1.1143250443293884,0.07529298014377758,GGBET,early
11.888888888888888,1.1129125773399655,0.07424301668207067,GGBET,early
12.878787878787879,1.1115000857672792,0.07320099871931181,GGBET,early
13.868686868686869,1.1100875661939495,0.07216724803636163,GGBET,early
14.85858585858586,1.1086750151015674,0.07114210125459201,GGBET,early
15.848484848484848,1.1072624288856479,0.07012591111556102,GGBET,early
16.838383838383837,1.1058498038681404,0.06911904777948713,GGBET,early
17.82828282828283,1.1044371363075398,0.06812190010577576,GGBET,early
18.818181818181817,1.1030244224066723,0.06713487688230342,GGBET,early
19.80808080808081,1.1016116583182836,0.06615840797533767,GGBET,early
20.7979797979798,1.100198840148575,0.06519294537841253,GGBET,early
21.787878787878785,1.0987859639588842,0.06423896414563882,GGBET,early
22.77777777777778,1.0973730257657315,0.0632969632021956,GGBET,early
23.767676767676768,1.0959600215394902,0.06236746603148848,GGBET,early
24.757575757575758,1.0945469472019556,0.06145102124407191,GGBET,early
25.747474747474747,1.0931337986231215,0.060548203037376194,GGBET,early
26.737373737373737,1.0917205716174843,0.059659611557133535,GGBET,early
27.727272727272727,1.0903072619401981,0.05878587317087617,GGBET,early
28.71717171717172,1.0888938652834317,0.05792764066087187,GGBET,early
29.707070707070706,1.08748037727325,0.057085593338436644,GGBET,early
30.696969696969695,1.086066793467358,0.05626043707397693,GGBET,early
31.686868686868685,1.084653109354019,0.0554529042277996,GGBET,early
32.676767676767675,1.0832393203524469,0.05466375345627857,GGBET,early
33.666666666666664,1.081825421814939,0.05389376935710106,GGBET,early
34.65656565656566,1.080411409030995,0.053143761906840704,GGBET,early
35.64646464646465,1.0789972772336214,0.05241456563486615,GGBET,early
36.63636363636363,1.0775830216079834,0.05170703847042852,GGBET,early
37.62626262626262,1.0761686373025323,0.05102206019545545,GGBET,early
38.61616161616161,1.0747541194426649,0.05036053043477489,GGBET,early
39.60606060606061,1.0733394631469482,0.049723366118703545,GGBET,early
40.5959595959596,1.071924663545873,0.049111498360467555,GGBET,early
41.58585858585859,1.0705097158030543,0.04852586870285411,GGBET,early
42.57575757575757,1.069094615138749,0.04796742470465,GGBET,early
43.56565656565656,1.0676793568555027,0.047437114857376984,GGBET,early
44.55555555555556,1.0662639363656987,0.04693588284590512,GGBET,early
45.54545454545455,1.0648483492207286,0.04646466119180183,GGBET,early
46.535353535353536,1.0634325911414764,0.0460243643446473,GGBET,early
47.525252525252526,1.0620166580497572,0.045615881312760294,GGBET,early
48.51515151515151,1.060600546100332,0.04524006794949116,GGBET,early
49.505050505050505,1.0591842517130952,0.04489773903309941,GGBET,early
50.494949494949495,1.0577677716050058,0.04458966029596487,GGBET,early
51.48484848484849,1.0563511028213373,0.04431654057136799,GGBET,early
52.474747474747474,1.0549342427658,0.0440790242324476,GGBET,early
53.46464646464646,1.0535171892291118,0.04387768409765282,GGBET,early
54.45454545454545,1.052099940415587,0.043713014969879824,GGBET,early
55.44444444444444,1.0506824949673508,0.043585427962753456,GGBET,early
56.43434343434344,1.0492648519857888,0.04349524574781569,GGBET,early
57.42424242424242,1.0478470110498985,0.04344269883171109,GGBET,early
58.414141414141405,1.046428972231225,0.04342792294410082,GGBET,early
59.4040404040404,1.0450107361051202,0.04345095758646124,GGBET,early
60.39393939393939,1.0435923037581087,0.04351174576066899,GGBET,early
61.38383838383839,1.0421736767911929,0.04361013486581997,GGBET,early
62.37373737373737,1.0407548573189846,0.043745878723381725,GGBET,early
63.36363636363637,1.0393358479646133,0.04391864066557791,GGBET,early
64.35353535353535,1.0379166518504046,0.04412799760057156,GGBET,early
65.34343434343434,1.0364972725844006,0.04437344495092967,GGBET,early
66.33333333333333,1.0350777142428236,0.04465440234907731,GGBET,early
67.32323232323232,1.0336579813486655,0.04497021996478055,GGBET,early
68.31313131313131,1.032238078846615,0.04532018533473753,GGBET,early
69.3030303030303,1.0308180120745984,0.045703530562606204,GGBET,early
70.2929292929293,1.0293977867322368,0.04611943975873196,GGBET,early
71.28282828282828,1.0279774088465754,0.04656705659198275,GGBET,early
72.27272727272727,1.0265568847354571,0.04704549183107021,GGBET,early
73.26262626262626,1.025136220968948,0.04755383075927023,GGBET,early
74.25252525252525,1.0237154243292337,0.04809114035440537,GGBET,early
75.24242424242425,1.0222945017694112,0.048656476135262,GGBET,early
76.23232323232322,1.0208734603716176,0.04924888858628804,GGBET,early
77.22222222222221,1.0194523073049098,0.04986742908447073,GGBET,early
78.2121212121212,1.0180310497833205,0.05051115526570773,GGBET,early
79.2020202020202,1.016609695024472,0.05117913578267272,GGBET,early
80.1919191919192,1.0151882502091225,0.05187045442194806,GGBET,early
81.18181818181817,1.0137667224419702,0.052584213564747885,GGBET,early
82.17171717171718,1.0123451187140142,0.05331953699246777,GGBET,early
83.16161616161615,1.01092344586672,0.05407557205505175,GGBET,early
84.15151515151514,1.009501710558189,0.05485149123617449,GGBET,early
85.14141414141415,1.0080799192314887,0.055646493163867876,GGBET,early
86.13131313131312,1.006658078085236,0.05645980312786046,GGBET,early
87.12121212121212,1.0052361930464844,0.057290673174981405,GGBET,early
88.1111111111111,1.003814269745901,0.05813838186104071,GGBET,early
89.1010101010101,1.0023923134951784,0.05900223374131049,GGBET,early
90.0909090909091,1.0009703292665675,0.05988155868193623,GGBET,early
91.08080808080807,0.9995483216743755,0.06077571107133717,GGBET,early
92.07070707070707,0.9981262949582388,0.06168406900413937,GGBET,early
93.06060606060605,0.9967042529679293,0.0626060335008511,GGBET,early
94.05050505050505,0.995282199149445,0.06354102781494206,GGBET,early
95.04040404040404,0.9938601365320981,0.06448849686598562,GGBET,early
96.03030303030302,0.9924380677163149,0.0654479068239468,GGBET,early
97.02020202020202,0.991015994861852,0.06641874485650615,GGBET,early
98.010101010101,0.9895939196761497,0.06740051903950371,GGBET,early
99.0,0.9881718434025552,0.06839275842116664,GGBET,early
1.0,0.6215161378068188,0.29992602703026067,GGBET,late
1.9898989898989898,0.6300920125769545,0.28755228476938266,GGBET,late
2.9797979797979797,0.6386679282050935,0.2753783715252464,GGBET,late
3.9696969696969697,0.6472440786733127,0.26343627516294477,GGBET,late
4.959595959595959,0.6558208479726202,0.2517661866213478,GGBET,late
5.94949494949495,0.6643987212250424,0.24041466969018827,GGBET,late
6.939393939393939,0.6729781459777258,0.22943231713215465,GGBET,late
7.929292929292929,0.6815593644892647,0.21887130127020332,GGBET,late
8.919191919191919,0.6901422244697535,0.20878285598861324,GGBET,late
9.909090909090908,0.6987259764720001,0.19921475277779924,GGBET,late
10.898989898989898,0.7073090666201565,0.19020886491704309,GGBET,late
11.888888888888888,0.7158889335401322,0.1817989463636918,GGBET,late
12.878787878787879,0.7244618182403987,0.1740087793304873,GGBET,late
13.868686868686869,0.7330225953042017,0.166850857639203,GGBET,late
14.85858585858586,0.7415646331179907,0.16032576118065386,GGBET,late
15.848484848484848,0.7500796900041139,0.15442233206339417,GGBET,late
16.838383838383837,0.7585578520774372,0.14911868431188285,GGBET,late
17.82828282828283,0.766987517438459,0.14438397590812463,GGBET,late
18.818181818181817,0.7753554299832629,0.14018076447770159,GGBET,late
19.80808080808081,0.7836467646889657,0.13646768097288856,GGBET,late
20.7979797979798,0.7918452647584311,0.13320211086829153,GGBET,late
21.787878787878785,0.7999334295164123,0.1303425801538637,GGBET,late
22.77777777777778,0.8078927504770086,0.12785060019209166,GGBET,late
23.767676767676768,0.8157039915846948,0.12569181636648932,GGBET,late
24.757575757575758,0.8233475083013477,0.1238364104781378,GGBET,late
25.747474747474747,0.8308035990011283,0.12225880751683443,GGBET,late
26.737373737373737,0.8380528810719597,0.12093682028794296,GGBET,late
27.727272727272727,0.8450766832317418,0.11985042262345924,GGBET,late
28.71717171717172,0.8518574448707121,0.11898037018883545,GGBET,late
29.707070707070706,0.8583791127451876,0.11830688692828933,GGBET,late
30.696969696969695,0.8646275250851454,0.11780860722434097,GGBET,late
31.686868686868685,0.8705907731461149,0.11746191388473155,GGBET,late
32.676767676767675,0.8762595304376615,0.11724074800154632,GGBET,late
33.666666666666664,0.8816273402940256,0.11711689859133224,GGBET,late
34.65656565656566,0.8866908531103198,0.1170607180990549,GGBET,late
35.64646464646465,0.8914500054380127,0.11704216274833965,GGBET,late
36.63636363636363,0.8959081342000779,0.11703202897787322,GGBET,late
37.62626262626262,0.9000720205283415,0.1170032490890093,GGBET,late
38.61616161616161,0.9039518591188256,0.11693211743458266,GGBET,late
39.60606060606061,0.9075611505176366,0.11679933777213103,GGBET,late
40.5959595959596,0.9109165153592752,0.11659080740595848,GGBET,late
41.58585858585859,0.9140374312488194,0.11629808022218452,GGBET,late
42.57575757575757,0.9169458946745396,0.11591847617990414,GGBET,late
43.56565656565656,0.9196660120233136,0.11545482842249323,GGBET,late
44.55555555555556,0.9222235254121441,0.11491488125137786,GGBET,late
45.54545454545455,0.9246452806106024,0.11431037358957509,GGBET,late
46.535353535353536,0.92695864577728,0.11365586387976555,GGBET,late
47.525252525252526,0.9291908910370642,0.11296737343366374,GGBET,late
48.51515151515151,0.9313685400557743,0.11226094470056697,GGBET,late
49.505050505050505,0.933516705698863,0.11155122611652885,GGBET,late
50.494949494949495,0.9356584225688925,0.11085020262084025,GGBET,late
51.48484848484849,0.9378139896844202,0.11016618706803716,GGBET,late
52.474747474747474,0.9400003367771281,0.1095031703017902,GGBET,late
53.46464646464646,0.942230427635606,0.10886059662421894,GGBET,late
54.45454545454545,0.9445127136096074,0.10823358978591323,GGBET,late
55.44444444444444,0.9468506498089514,0.10761360807255801,GGBET,late
56.43434343434344,0.9492422856933173,0.10698946255744264,GGBET,late
57.42424242424242,0.9516799406642874,0.10634859663193798,GGBET,late
58.414141414141405,0.9541499739557985,0.10567850189098656,GGBET,late
59.4040404040404,0.956632656594491,0.10496813672489556,GGBET,late
60.39393939393939,0.959102151492568,0.1042092181548025,GGBET,late
61.38383838383839,0.9615266058716926,0.10339727140461671,GGBET,late
62.37373737373737,0.9638683582292387,0.10253234191614857,GGBET,late
63.36363636363637,0.9660842599826973,0.1016192983028835,GGBET,late
64.35353535353535,0.9681261098009435,0.10066768092018176,GGBET,late
65.34343434343434,0.9699411964904219,0.09969107965679472,GGBET,late
66.33333333333333,0.97147294418873,0.09870605752056913,GGBET,late
67.32323232323232,0.9726616515657152,0.09773067474672366,GGBET,late
68.31313131313131,0.973445314780899,0.09678271110106541,GGBET,late
69.3030303030303,0.9737605221312908,0.09587772851738773,GGBET,late
70.2929292929293,0.973543406679042,0.09502715542648871,GGBET,late
71.28282828282828,0.972730641704506,0.09423659857224767,GGBET,late
72.27272727272727,0.9712604626138427,0.09350458800761154,GGBET,late
73.26262626262626,0.9690736979642199,0.09282193019746354,GGBET,late
74.25252525252525,0.9661147915719541,0.092171783908391,GGBET,late
75.24242424242425,0.9623327972529131,0.0915304937172149,GGBET,late
76.23232323232322,0.9576823276179152,0.09086913287554735,GGBET,late
77.22222222222221,0.9521244385110994,0.09015563847218654,GGBET,late
78.2121212121212,0.9456274311333468,0.08935738012877258,GGBET,late
79.2020202020202,0.9381675546267487,0.08844399306918074,GGBET,late
80.1919191919192,0.9297295928958917,0.08739032271079754,GGBET,late
81.18181818181817,0.9203073206875718,0.08617936009503907,GGBET,late
82.17171717171718,0.9099038154182066,0.08480508186883728,GGBET,late
83.16161616161615,0.898531612898303,0.08327513104579229,GGBET,late
84.15151515151514,0.8862126969229289,0.08161327125061932,GGBET,late
85.14141414141415,0.8729783146387384,0.07986150251064857,GGBET,late
86.13131313131312,0.8588686116223573,0.0780816251552778,GGBET,late
87.12121212121212,0.8439320826691313,0.07635586935165216,GGBET,late
88.1111111111111,0.8282248363507893,0.0747859836365943,GGBET,late
89.1010101010101,0.8118096734112542,0.07348996737176827,GGBET,late
90.0909090909091,0.7947549809847066,0.07259561070283353,GGBET,late
91.08080808080807,0.7771334463944923,0.07223043803333899,GGBET,late
92.07070707070707,0.7590205958806937,0.07250874672200926,GGBET,late
93.06060606060605,0.7404931649648536,0.0735180092129813,GGBET,late
94.05050505050505,0.7216273082518978,0.07530813867003658,GGBET,late
95.04040404040404,0.7024966572523252,0.07788690829117043,GGBET,late
96.03030303030302,0.6831702352472797,0.08122283673991326,GGBET,late
97.02020202020202,0.663710238281735,0.08525417829558395,GGBET,late
98.010101010101,0.6441696910276498,0.08990093235043656,GGBET,late
99.0,0.6245899854833488,0.09507677029623315,GGBET,late
1.0,0.9144269085452654,0.11217521010631994,Marathonbet,early
1.9898989898989898,0.9340551681785114,0.10483644829780303,Marathonbet,early
2.9797979797979797,0.9536612291809023,0.09789441124785414,Marathonbet,early
3.9696969696969697,0.9732202515877992,0.09144200854488897,Marathonbet,early
4.959595959595959,0.9926993019532208,0.08558198874748094,Marathonbet,early
5.94949494949495,1.0120583377159673,0.08041912169117395,Marathonbet,early
6.939393939393939,1.031251153148785,0.07604897536209819,Marathonbet,early
7.929292929292929,1.0502262883681022,0.07254368110406058,Marathonbet,early
8.919191919191919,1.068927902904052,0.06993695845947083,Marathonbet,early
9.909090909090908,1.0872966152956014,0.0682126521953387,Marathonbet,early
10.898989898989898,1.1052703100917824,0.06730145766977023,Marathonbet,early
11.888888888888888,1.1227849135072958,0.06708811488592749,Marathonbet,early
12.878787878787879,1.1397751388050217,0.06742711075537683,Marathonbet,early
13.868686868686869,1.1561752022644454,0.06816174000418188,Marathonbet,early
14.85858585858586,1.1719195103501905,0.0691412417934865,Marathonbet,early
15.848484848484848,1.1869433184250928,0.07023297910437586,Marathonbet,early
16.838383838383837,1.2011833610651947,0.07132919980992815,Marathonbet,early
17.82828282828283,1.2145784537363489,0.07234945242613039,Marathonbet,early
18.818181818181817,1.2270700652927995,0.07324012017374971,Marathonbet,early
19.80808080808081,1.238602860465,0.07397228303583832,Marathonbet,early
20.7979797979798,1.2491252112240758,0.07453868733208073,Marathonbet,early
21.787878787878785,1.2585896756521255,0.07495023593773276,Marathonbet,early
22.77777777777778,1.2669534427184503,0.07523217732502799,Marathonbet,early
23.767676767676768,1.2741787411684666,0.0754200591437792,Marathonbet,early
24.757575757575758,1.2802332105809253,0.07555549380577616,Marathonbet,early
25.747474747474747,1.285090232545611,0.07568183148416678,Marathonbet,early
26.737373737373737,1.288729219862414,0.07583992232279811,Marathonbet,early
27.727272727272727,1.2911358616661075,0.07606424191527669,Marathonbet,early
28.71717171717172,1.2923023224461854,0.07637971422452373,Marathonbet,early
29.707070707070706,1.2922273930528867,0.07679955880317708,Marathonbet,early
30.696969696969695,1.2909165919632917,0.07732439708859905,Marathonbet,early
31.686868686868685,1.288382215323487,0.07794268900940184,Marathonbet,early
32.676767676767675,1.284643334581364,0.07863237943777782,Marathonbet,early
33.666666666666664,1.2797257408768472,0.07936346979898705,Marathonbet,early
34.65656565656566,1.2736618357572898,0.08010113631993106,Marathonbet,early
35.64646464646465,1.266490468230337,0.08080900612529916,Marathonbet,early
36.63636363636363,1.2582567186462144,0.08145225922678889,Marathonbet,early
37.62626262626262,1.249011630413119,0.08200031611885904,Marathonbet,early
38.61616161616161,1.2388118910804304,0.08242896554442625,Marathonbet,early
39.60606060606061,1.2277194648671879,0.08272186434978361,Marathonbet,early
40.5959595959596,1.2158011792600532,0.08287139361770585,Marathonbet,early
41.58585858585859,1.2031282688448213,0.08287888473128455,Marathonbet,early
42.57575757575757,1.1897758800593512,0.08275424320303211,Marathonbet,early
43.56565656565656,1.1758225410538654,0.08251500609530023,Marathonbet,early
44.55555555555556,1.1613496013077607,0.08218487911854987,Marathonbet,early
45.54545454545455,1.1464406460710224,0.08179181857587134,Marathonbet,early
46.535353535353536,1.1311808910657666,0.08136575475226936,Marathonbet,early
47.525252525252526,1.1156565631913407,0.08093609626220073,Marathonbet,early
48.51515151515151,1.0999542732170893,0.08052920272196751,Marathonbet,early
49.505050505050505,1.0841603866164662,0.08016605351997957,Marathonbet,early
50.494949494949495,1.0683603987892933,0.07986035746330848,Marathonbet,early
51.48484848484849,1.052638320932555,0.07961732742102362,Marathonbet,early
52.474747474747474,1.0370760827522254,0.07943328001321007,Marathonbet,early
53.46464646464646,1.0217529580586846,0.07929612062929828,Marathonbet,early
54.45454545454545,1.0067450190570753,0.07918665925197223,Marathonbet,early
55.44444444444444,0.9921246248348233,0.07908059931373536,Marathonbet,early
56.43434343434344,0.9779599491619374,0.07895097242815688,Marathonbet,early
57.42424242424242,0.9643145522640356,0.07877076629873926,Marathonbet,early
58.414141414141405,0.9512470007075451,0.07851550724806967,Marathonbet,early
59.4040404040404,0.9388105389586211,0.07816559856795868,Marathonbet,early
60.39393939393939,0.9270528155504756,0.07770826432242989,Marathonbet,early
61.38383838383839,0.9160156661267652,0.07713899150282892,Marathonbet,early
62.37373737373737,0.9057349549317568,0.07646239388888604,Marathonbet,early
63.36363636363637,0.8962404756007114,0.07569243757609997,Marathonbet,early
64.35353535353535,0.8875559113791854,0.07485197555476547,Marathonbet,early
65.34343434343434,0.8796988541751999,0.07397154620139879,Marathonbet,early
66.33333333333333,0.872680881136465,0.07308741064789842,Marathonbet,early
67.32323232323232,0.8665076867582788,0.07223885049732273,Marathonbet,early
68.31313131313131,0.8611792678740361,0.0714648306986256,Marathonbet,early
69.3030303030303,0.8566901582704434,0.07080025215693395,Marathonbet,early
70.2929292929293,0.8530297091127859,0.0702721551772952,Marathonbet,early
71.28282828282828,0.8501824108697813,0.06989634617428982,Marathonbet,early
72.27272727272727,0.8481282519999034,0.06967495225886117,Marathonbet,early
73.26262626262626,0.8468431093079363,0.0695953208989226,Marathonbet,early
74.25252525252525,0.8462991646063038,0.06963047706123442,Marathonbet,early
75.24242424242425,0.8464653421221695,0.06974108354225642,Marathonbet,early
76.23232323232322,0.8473077609840712,0.06987860825185756,Marathonbet,early
77.22222222222221,0.8487901970979028,0.0699892594067756,Marathonbet,early
78.2121212121212,0.8508745487817307,0.07001823317667283,Marathonbet,early
79.2020202020202,0.8535213006695486,0.06991390451956409,Marathonbet,early
80.1919191919192,0.8566899806115104,0.06963172915314887,Marathonbet,early
81.18181818181817,0.8603396045874794,0.06913776242158412,Marathonbet,early
82.17171717171718,0.8644291050047215,0.06841180668757002,Marathonbet,early
83.16161616161615,0.8689177381618199,0.06745025862538938,Marathonbet,early
84.15151515151514,0.8737654671201269,0.0662687360723727,Marathonbet,early
85.14141414141415,0.8789333167222799,0.06490451243330511,Marathonbet,early
86.13131313131312,0.8843836980228217,0.06341865417118776,Marathonbet,early
87.12121212121212,0.890080699938341,0.06189750925902237,Marathonbet,early
88.1111111111111,0.895990346471818,0.06045280260665086,Marathonbet,early
89.1010101010101,0.9020808184061033,0.05921909691739081,Marathonbet,early
90.0909090909091,0.9083226388829504,0.05834700215031108,Marathonbet,early
91.08080808080807,0.9146888227745207,0.057990796751817585,Marathonbet,early
92.07070707070707,0.9211549902018716,0.058290738191868884,Marathonbet,early
93.06060606060605,0.9276994449488082,0.059353337472936515,Marathonbet,early
94.05050505050505,0.9343032188492827,0.06123566401562908,Marathonbet,early
95.04040404040404,0.940950083480192,0.06393961267133139,Marathonbet,early
96.03030303030302,0.9476265306613381,0.06741802556459932,Marathonbet,early
97.02020202020202,0.9543217233411935,0.07158934501490428,Marathonbet,early
98.010101010101,0.9610274184225587,0.07635493154058563,Marathonbet,early
99.0,0.9677378629502127,0.08161427418455407,Marathonbet,early
1.0,0.5057893398130975,0.2705931982573175,Marathonbet,late
1.9898989898989898,0.5318452210981318,0.25363010936157276,Marathonbet,late
2.9797979797979797,0.5578661463865651,0.2371059347341277,Marathonbet,late
3.9696969696969697,0.5837903804660781,0.2211378077342518,Marathonbet,late
4.959595959595959,0.6095295713044495,0.20586791669699891,Marathonbet,late
5.94949494949495,0.6349737433092003,0.1914580339111365,Marathonbet,late
6.939393939393939,0.6599959773546338,0.17808203855610844,Marathonbet,late
7.929292929292929,0.684456782960136,0.16591543858595853,Marathonbet,late
8.919191919191919,0.7082081677681918,0.15512100514535548,Marathonbet,late
9.909090909090908,0.7310974092931111,0.1458303903494845,Marathonbet,late
10.898989898989898,0.7529705337791645,0.13812331644001116,Marathonbet,late
11.888888888888888,0.7736755069155448,0.13200838176762883,Marathonbet,late
12.878787878787879,0.793065141099358,0.12741147495798394,Marathonbet,late
13.868686868686869,0.8109997239115052,0.12417727916732026,Marathonbet,late
14.85858585858586,0.8273493724750457,0.12208546926964248,Marathonbet,late
15.848484848484848,0.8419961183998079,0.12087772035962073,Marathonbet,late
16.838383838383837,0.8548357280826724,0.12028803309803994,Marathonbet,late
17.82828282828283,0.8657792632332723,0.12006916710682855,Marathonbet,late
18.818181818181817,0.8747543866335667,0.12001111755732957,Marathonbet,late
19.80808080808081,0.8817064183211486,0.11995105232546766,Marathonbet,late
20.7979797979798,0.886599147615585,0.11977626488137082,Marathonbet,late
21.787878787878785,0.889415406689141,0.11942230366113865,Marathonbet,late
22.77777777777778,0.8901574117229534,0.11886811740455706,Marathonbet,late
23.767676767676768,0.8888468780909209,0.11812943871921941,Marathonbet,late
24.757575757575758,0.8855249164800588,0.11725108019916501,Marathonbet,late
25.747474747474747,0.8802517173886912,0.11629847378498258,Marathonbet,late
26.737373737373737,0.8731060320447798,0.11534866073761314,Marathonbet,late
27.727272727272727,0.8641844584537608,0.11448100540288501,Marathonbet,late
28.71717171717172,0.8536005420162934,0.11376810254222057,Marathonbet,late
29.707070707070706,0.8414837009461269,0.11326758444999037,Marathonbet,late
30.696969696969695,0.8279779875607368,0.11301568869138057,Marathonbet,late
31.686868686868685,0.813240697402624,0.11302340108933347,Marathonbet,late
32.676767676767675,0.7974408390676577,0.11327568678639276,Marathonbet,late
33.666666666666664,0.7807574785544954,0.11373382405991161,Marathonbet,late
34.65656565656566,0.7633779728921906,0.11434032273240038,Marathonbet,late
35.64646464646465,0.7454961087351203,0.11502552437722248,Marathonbet,late
36.63636363636363,0.7273101625172904,0.11571485225990331,Marathonbet,late
37.62626262626262,0.7090208996138404,0.11633579353149093,Marathonbet,late
38.61616161616161,0.6908295307458356,0.11682395602705348,Marathonbet,late
39.60606060606061,0.6729356445656871,0.1171278297411548,Marathonbet,late
40.5959595959596,0.6555351359544376,0.11721211579605394,Marathonbet,late
41.58585858585859,0.6388181500286128,0.11705963128552246,Marathonbet,late
42.57575757575757,0.6229670621748279,0.11667186360568174,Marathonbet,late
43.56565656565656,0.6081545145861689,0.11606825899337153,Marathonbet,late
44.55555555555556,0.5945415297495883,0.1152843178098313,Marathonbet,late
45.54545454545455,0.582275721113332,0.11436856203347312,Marathonbet,late
46.535353535353536,0.5714896207355576,0.11337846207094968,Marathonbet,late
47.525252525252526,0.5622991430703069,0.11237547705490297,Marathonbet,late
48.51515151515151,0.5548022031780229,0.11141948010631386,Marathonbet,late
49.505050505050505,0.5490775065512884,0.11056299296890135,Marathonbet,late
50.494949494949495,0.5451835264225344,0.10984580320754217,Marathonbet,late
51.48484848484849,0.5431576828724777,0.10929062135197526,Marathonbet,late
52.474747474747474,0.5430157362932533,0.10890039462570686,Marathonbet,late
53.46464646464646,0.5447514057890998,0.10865770069630346,Marathonbet,late
54.45454545454545,0.5483362209347817,0.10852633029860027,Marathonbet,late
55.44444444444444,0.5537196129757529,0.10845481801312953,Marathonbet,late
56.43434343434344,0.5608292490651362,0.10838140028727265,Marathonbet,late
57.42424242424242,0.5695716105164745,0.10823974173273003,Marathonbet,late
58.414141414141405,0.5798328133340217,0.1079647866684678,Marathonbet,late
59.4040404040404,0.5914796664949664,0.10749822019585673,Marathonbet,late
60.39393939393939,0.6043609606316015,0.10679319553981048,Marathonbet,late
61.38383838383839,0.6183089769300725,0.1058181434300792,Marathonbet,late
62.37373737373737,0.633141203260233,0.10455959014893676,Marathonbet,late
63.36363636363637,0.6486622418138805,0.10302396239231036,Marathonbet,late
64.35353535353535,0.6646658898914284,0.10123835363050353,Marathonbet,late
65.34343434343434,0.680937372974502,0.0992501803643073,Marathonbet,late
66.33333333333333,0.6972557068881158,0.09712558500455185,Marathonbet,late
67.32323232323232,0.7133961637227509,0.09494637142953942,Marathonbet,late
68.31313131313131,0.729132814283729,0.0928052322467685,Marathonbet,late
69.3030303030303,0.7442411181899024,0.0907991064820286,Marathonbet,late
70.2929292929293,0.7585005313798965,0.08902076397107025,Marathonbet,late
71.28282828282828,0.7716970997219177,0.08754918313122309,Marathonbet,late
72.27272727272727,0.7836260066786102,0.08643989747305916,Marathonbet,late
73.26262626262626,0.7940940425639198,0.08571699678263955,Marathonbet,late
74.25252525252525,0.8029219628500924,0.08536854521035027,Marathonbet,late
75.24242424242425,0.8099467032435704,0.08534660114556741,Marathonbet,late
76.23232323232322,0.8150234198441653,0.08557192360328145,Marathonbet,late
77.22222222222221,0.8180273236250699,0.08594230540924591,Marathonbet,late
78.2121212121212,0.8188552797087045,0.08634280159351575,Marathonbet,late
79.2020202020202,0.8174271434464265,0.08665612846331314,Marathonbet,late
80.1919191919192,0.8136868071154933,0.08677201922179824,Marathonbet,late
81.18181818181817,0.8076029330973643,0.08659498898519416,Marathonbet,late
82.17171717171718,0.7991693516635341,0.08605051289540695,Marathonbet,late
83.16161616161615,0.7884051039335729,0.08508995241414286,Marathonbet,late
84.15151515151514,0.7753541131448938,0.08369469893392872,Marathonbet,late
85.14141414141415,0.7600844700410637,0.08188000168407393,Marathonbet,late
86.13131313131312,0.7426873209001713,0.0796988429309825,Marathonbet,late
87.12121212121212,0.723275349439449,0.07724598763515501,Marathonbet,late
88.1111111111111,0.7019808464959733,0.07466185045924163,Marathonbet,late
89.1010101010101,0.6789533639474534,0.0721348931029842,Marathonbet,late
90.0909090909091,0.6543569517493258,0.06989973413450482,Marathonbet,late
91.08080808080807,0.6283669791745814,0.0682263417095512,Marathonbet,late
92.07070707070707,0.6011665433000274,0.06739519494689446,Marathonbet,late
93.06060606060605,0.5729424694389595,0.06765726330150827,Marathonbet,late
94.05050505050505,0.543880909525501,0.06918771137959956,Marathonbet,late
95.04040404040404,0.5141625453668358,0.0720524412081909,Marathonbet,late
96.03030303030302,0.4839574041494725,0.07620459446157365,Marathonbet,late
97.02020202020202,0.45341929357524136,0.08151131829328419,Marathonbet,late
98.010101010101,0.4226798634712339,0.08779482902974028,Marathonbet,late
99.0,0.3918422996278609,0.09487013282003721,Marathonbet,late
1.0,1.5502592215665154,0.088593566534371,VOBET,early
1.9898989898989898,1.5438620989277283,0.08745539365087708,VOBET,early
2.9797979797979797,1.5374649748278915,0.08632293509948237,VOBET,early
3.9696969696969697,1.5310678476174282,0.08519642055055013,VOBET,early
4.959595959595959,1.524670715116447,0.08407608955892122,VOBET,early
5.94949494949495,1.5182735746913592,0.0829621912262467,VOBET,early
6.939393939393939,1.5118764233304955,0.08185498404932032,VOBET,early
7.929292929292929,1.505479257718541,0.08075473597096167,VOBET,early
8.919191919191919,1.4990820743095914,0.07966172464351844,VOBET,early
9.909090909090908,1.4926848693986194,0.07857623790679055,VOBET,early
10.898989898989898,1.4862876391911257,0.07749857447299455,VOBET,early
11.888888888888888,1.4798903798707446,0.07642904480211243,VOBET,early
12.878787878787879,1.4734930876645695,0.0753679721423691,VOBET,early
13.868686868686869,1.4670957589059654,0.07431569370331173,VOBET,early
14.85858585858586,1.4606983900946313,0.07327256192355057,VOBET,early
15.848484848484848,1.4543009779536975,0.07223894579202457,VOBET,early
16.838383838383837,1.4479035194836332,0.07121523218086459,VOBET,early
17.82828282828283,1.4415060120127623,0.07020182714953899,VOBET,early
18.818181818181817,1.435108453244201,0.06919915718380198,VOBET,early
19.80808080808081,1.4287108412990372,0.06820767033867287,VOBET,early
20.7979797979798,1.4223131747555962,0.06722783726176143,VOBET,early
21.787878787878785,1.4159154526846565,0.06626015208112823,VOBET,early
22.77777777777778,1.409517674680498,0.06530513314985636,VOBET,early
23.767676767676768,1.4031198408876795,0.06436332364694043,VOBET,early
24.757575757575758,1.396721952023482,0.0634352920403111,VOBET,early
25.747474747474747,1.390324009395953,0.06252163242224015,VOBET,early
26.737373737373737,1.383926014917533,0.061622964729559346,VOBET,early
27.727272727272727,1.3775279711142474,0.060739934860781476,VOBET,early
28.71717171717172,1.3711298811304842,0.05987321469922643,VOBET,early
29.707070707070706,1.3647317487293924,0.059023502045716374,VOBET,early
30.696969696969695,1.3583335782889614,0.05819152045660801,VOBET,early
31.686868686868685,1.351935374793853,0.057378018973355906,VOBET,early
32.676767676767675,1.3455371438230965,0.056583771719103934,VOBET,early
33.666666666666664,1.3391388915337519,0.05580957732676271,VOBET,early
34.65656565656566,1.332740624640684,0.05505625815252193,VOBET,early
35.64646464646465,1.3263423503925993,0.05432465921967054,VOBET,early
36.63636363636363,1.3199440765445085,0.053615646830838845,VOBET,early
37.62626262626262,1.3135458113267993,0.05293010678313254,VOBET,early
38.61616161616161,1.3071475634111194,0.05226894212076518,VOBET,early
39.60606060606061,1.3007493418732659,0.05163307036418505,VOBET,early
40.5959595959596,1.29435115615331,0.05102342016358215,VOBET,early
41.58585858585859,1.2879530160131794,0.05044092733803236,VOBET,early
42.57575757575757,1.2815549314919328,0.049886530279096564,VOBET,early
43.56565656565656,1.2751569128589748,0.04936116471886647,VOBET,early
44.55555555555556,1.2687589705654605,0.048865757886398735,VOBET,early
45.54545454545455,1.2623611151941385,0.04840122210213216,VOBET,early
46.535353535353536,1.255963357407905,0.04796844788598696,VOBET,early
47.525252525252526,1.24956570789732,0.04756829668002984,VOBET,early
48.51515151515151,1.2431681773273602,0.04720159330944855,VOBET,early
49.505050505050505,1.2367707762836777,0.04686911832476417,VOBET,early
50.494949494949495,1.23037351521863,0.04657160038251394,VOBET,early
51.48484848484849,1.2239764043973564,0.04630970883010095,VOBET,early
52.474747474747474,1.2175794538441764,0.046084046662488186,VOBET,early
53.46464646464646,1.211182673289572,0.045895144013655076,VOBET,early
54.45454545454545,1.2047860721180346,0.0457434523343943,VOBET,early
55.44444444444444,1.198389659317042,0.04562933939067944,VOBET,early
56.43434343434344,1.1919934434274344,0.04555308519443334,VOBET,early
57.42424242424242,1.1855974324954521,0.04551487895232947,VOBET,early
58.414141414141405,1.1792016340267069,0.04551481708972144,VOBET,early
59.4040404040404,1.1728060549423334,0.04555290237745177,VOBET,early
60.39393939393939,1.1664107015375915,0.045629044160618804,VOBET,early
61.38383838383839,1.160015579443158,0.04574305966168239,VOBET,early
62.37373737373737,1.1536206935893625,0.04589467630659586,VOBET,early
63.36363636363637,1.1472260481736047,0.046083535002655766,VOBET,early
64.35353535353535,1.1408316466311905,0.046309194280799854,VOBET,early
65.34343434343434,1.1344374916098077,0.046571135203155166,VOBET,early
66.33333333333333,1.1280435849478698,0.04686876692845965,VOBET,early
67.32323232323232,1.1216499276569312,0.047201432823070315,VOBET,early
68.31313131313131,1.1152565199083773,0.04756841700304527,VOBET,early
69.3030303030303,1.1088633610245828,0.04796895119265,VOBET,early
70.2929292929293,1.1024704494747155,0.048402221786071814,VOBET,early
71.28282828282828,1.0960777828753534,0.048867377001736725,VOBET,early
72.27272727272727,1.0896853579960704,0.049363534022186344,VOBET,early
73.26262626262626,1.0832931707701363,0.04988978601691899,VOBET,early
74.25252525252525,1.076901216310452,0.05044520895101062,VOBET,early
75.24242424242425,1.0705094889308382,0.05102886808887621,VOBET,early
76.23232323232322,1.0641179821727709,0.05163982411042941,VOBET,early
77.22222222222221,1.0577266888376469,0.05227713876634589,VOBET,early
78.2121212121212,1.0513356010246477,0.05293988001026331,VOBET,early
79.2020202020202,1.0449447101742422,0.05362712655857203,VOBET,early
80.1919191919192,1.0385540071173673,0.054337971842835404,VOBET,early
81.18181818181817,1.0321634821303007,0.0550715273355388,VOBET,early
82.17171717171718,1.0257731249952209,0.05582692524636412,VOBET,early
83.16161616161615,1.0193829250664435,0.05660332060294952,VOBET,early
84.15151515151514,1.012992871342295,0.05739989274645974,VOBET,early
85.14141414141415,1.0066029525425824,0.0582158462875417,VOBET,early
86.13131313131312,1.0002131571915949,0.05905041158166074,VOBET,early
87.12121212121212,0.9938234737065642,0.059902844793743304,VOBET,early
88.1111111111111,0.9874338904915005,0.06077242762993826,VOBET,early
89.1010101010101,0.9810443960363078,0.06165846681874662,VOBET,early
90.0909090909091,0.974654979021077,0.06256029342453943,VOBET,early
91.08080808080807,0.968265628425448,0.06347726207357743,VOBET,early
92.07070707070707,0.9618763336429296,0.06440875016627316,VOBET,early
93.06060606060605,0.9554870846000578,0.06535415714002524,VOBET,early
94.05050505050505,0.9490978718802867,0.06631290383512954,VOBET,early
95.04040404040404,0.9427086868524942,0.06728443200283472,VOBET,early
96.03030303030302,0.9363195218040006,0.06826820398049165,VOBET,early
97.02020202020202,0.9299303700780048,0.0692637025449742,VOBET,early
98.010101010101,0.9235412262153542,0.07027043094319815,VOBET,early
99.0,0.9171520861005724,0.07128791308871171,VOBET,early
1.0,1.0783496972254354,0.29490397095431,VOBET,late
1.9898989898989898,1.0539279068664154,0.2776161354322989,VOBET,late
2.9797979797979797,1.0295338511556553,0.2607435260804318,VOBET,late
3.9696969696969697,1.0052308493888087,0.24438889085534124,VOBET,late
4.959595959595959,0.9811153496034875,0.22867792414616894,VOBET,late
5.94949494949495,0.9573107565457522,0.21375407488658088,VOBET,late
6.939393939393939,0.9339614437608912,0.19977193455406894,VOBET,late
7.929292929292929,0.9112269797102683,0.1868886087802707,VOBET,late
8.919191919191919,0.8892766023888008,0.17525256054570765,VOBET,late
9.909090909090908,0.8682839798247748,0.16498983918058935,VOBET,late
10.898989898989898,0.8484222951660163,0.15618854191026948,VOBET,late
11.888888888888888,0.8298596948810608,0.14888374083485661,VOBET,late
12.878787878787879,0.8127551370387998,0.14304643412239945,VOBET,late
13.868686868686869,0.7972546737893358,0.1385803864667334,VOBET,late
14.85858585858586,0.783488198185136,0.13532920703856366,VOBET,late
15.848484848484848,0.7715666804951957,0.13309294228686738,VOBET,late
16.838383838383837,0.7615799133282757,0.13165038000988355,VOBET,late
17.82828282828283,0.7535947783550334,0.13078188596784102,VOBET,late
18.818181818181817,0.7476540403694878,0.13028841638497307,VOBET,late
19.80808080808081,0.7437756670281099,0.1300044464665454,VOBET,late
20.7979797979798,0.7419526650233097,0.12980460238363029,VOBET,late
21.787878787878785,0.7421534158569063,0.1296050181492897,VOBET,late
22.77777777777778,0.7443224869468068,0.12936082061020399,VOBET,late
23.767676767676768,0.74838188668696,0.1290610058172658,VOBET,late
24.757575757575758,0.7542327254385138,0.12872165460239127,VOBET,late
25.747474747474747,0.7617572383994333,0.12837815971288352,VOBET,late
26.737373737373737,0.7708211210066441,0.128076986574965,VOBET,late
27.727272727272727,0.7812761230797312,0.12786746426466003,VOBET,late
28.71717171717172,0.7929628444104749,0.12779415351322687,VOBET,late
29.707070707070706,0.805713672011511,0.12789039113251754,VOBET,late
30.696969696969695,0.819355797812607,0.12817359010630686,VOBET,late
31.686868686868685,0.8337142552656314,0.12864273276421972,VOBET,late
32.676767676767675,0.8486149140991082,0.1292782325532242,VOBET,late
33.666666666666664,0.8638873743373905,0.13004401527068551,VOBET,late
34.65656565656566,0.8793677036348921,0.13089137257381964,VOBET,late
35.64646464646465,0.8949009659172549,0.13176394870635985,VOBET,late
36.63636363636363,0.9103434941954807,0.13260317080443348,VOBET,late
37.62626262626262,0.9255648661331218,0.13335350673438862,VOBET,late
38.61616161616161,0.9404495473929183,0.1339670813789671,VOBET,late
39.60606060606061,0.9548981748447456,0.1344073464815235,VOBET,late
40.5959595959596,0.9688284592475049,0.1346516401228067,VOBET,late
41.58585858585859,0.9821756948804539,0.13469257196523507,VOBET,late
42.57575757575757,0.9948928716441003,0.1345382310751731,VOBET,late
43.56565656565656,1.0069503932249542,0.13421124747930063,VOBET,late
44.55555555555556,1.0183354128675397,0.13374676420145326,VOBET,late
45.54545454545455,1.0290508059703682,0.13318941048931793,VOBET,late
46.535353535353536,1.039113805973852,0.1325894222294735,VOBET,late
47.525252525252526,1.048554336699684,0.13199813720386297,VOBET,late
48.51515151515151,1.0574130803054307,0.13146319403308634,VOBET,late
49.505050505050505,1.065739325221783,0.13102386321035858,VOBET,late
50.494949494949495,1.0735886427434733,0.13070700328193965,VOBET,late
51.48484848484849,1.0810204442677223,0.13052412924161058,VOBET,late
52.474747474747474,1.088095473452998,0.13046998118533007,VOBET,late
53.46464646464646,1.094873288763313,0.1305227950752654,VOBET,late
54.45454545454545,1.101409791947485,0.13064624224214966,VOBET,late
55.44444444444444,1.1077548569775972,0.13079277817421023,VOBET,late
56.43434343434344,1.1139501118571704,0.13090797879660127,VOBET,late
57.42424242424242,1.1200269225480766,0.1309353732754011,VOBET,late
58.414141414141405,1.1260046241176132,0.13082130285425905,VOBET,late
59.4040404040404,1.1318890391530771,0.13051941678707749,VOBET,late
60.39393939393939,1.1376713176281008,0.1299945216094325,VOBET,late
61.38383838383839,1.1433271258458348,0.12922559693801342,VOBET,late
62.37373737373737,1.1488162049542012,0.12820786080994176,VOBET,late
63.36363636363637,1.1540823119656327,0.12695380486125277,VOBET,late
64.35353535353535,1.1590535483618676,0.12549312954425104,VOBET,late
65.34343434343434,1.1636430733751162,0.1238715047672356,VOBET,late
66.33333333333333,1.1677501910622818,0.12214808033975905,VOBET,late
67.32323232323232,1.1712617924822106,0.12039169685706992,VOBET,late
68.31313131313131,1.1740541267962126,0.1186758267639665,VOBET,late
69.3030303030303,1.175994868082122,0.11707242728472408,VOBET,late
70.2929292929293,1.176945438216891,0.1156451114904372,VOBET,late
71.28282828282828,1.1767635404634817,0.11444230324436432,VOBET,late
72.27272727272727,1.1753058535044687,0.11349125345382863,VOBET,late
73.26262626262626,1.1724308316886427,0.11279385128797571,VOBET,late
74.25252525252525,1.1680015542735132,0.11232498455420908,VOBET,late
75.24242424242425,1.161888564510435,0.1120337959413229,VOBET,late
76.23232323232322,1.1539726385650588,0.11184766274973192,VOBET,late
77.22222222222221,1.1441474245071395,0.11167827347281889,VOBET,late
78.2121212121212,1.1323218929320489,0.11142892953158358,VOBET,late
79.2020202020202,1.1184225431615538,0.11100220767539672,VOBET,late
80.1919191919192,1.1023953123621977,0.11030731874782296,VOBET,late
81.18181818181817,1.0842071392443768,0.10926678375247456,VOBET,late
82.17171717171718,1.0638471391729984,0.10782232205435126,VOBET,late
83.16161616161615,1.041327353422321,0.10594005460416762,VOBET,late
84.15151515151514,1.0166830418194752,0.10361525095923842,VOBET,late
85.14141414141415,0.9899724950034947,0.10087689162134406,VOBET,late
86.13131313131312,0.9612763498308365,0.09779226309178247,VOBET,late
87.12121212121212,0.9306963989240344,0.09447159762564543,VOBET,late
88.1111111111111,0.8983538928231991,0.09107229432345942,VOBET,late
89.1010101010101,0.8643873404894324,0.08780133682862555,VOBET,late
90.0909090909091,0.828949820856715,0.08491304541776158,VOBET,late
91.08080808080807,0.7922058245640782,0.08269762595764282,VOBET,late
92.07070707070707,0.7543276507583001,0.08145563459655675,VOBET,late
93.06060606060605,0.7154913887810666,0.08145729412883937,VOBET,late
94.05050505050505,0.6758725184933143,0.08289506363022216,VOBET,late
95.04040404040404,0.6356411658022878,0.08584779886560494,VOBET,late
96.03030303030302,0.5949570515176856,0.09027401782961676,VOBET,late
97.02020202020202,0.553964171854108,0.09603658043572381,VOBET,late
98.010101010101,0.5127852476172763,0.10294445761489684,VOBET,late
99.0,0.47151597627100794,0.11079350568539906,VOBET,late
1.0,1.5625289861308957,0.09639380691566853,Alphabet,early
1.9898989898989898,1.5555733237973002,0.09448651788929871,Alphabet,early
2.9797979797979797,1.548617831572349,0.09262322011131062,Alphabet,early
3.9696969696969697,1.5416626988164006,0.09080685838591226,Alphabet,early
4.959595959595959,1.5347081732939432,0.08904035126243826,Alphabet,early
5.94949494949495,1.5277545519448015,0.08732644610423027,Alphabet,early
6.939393939393939,1.5208021724418335,0.0856675929934149,Alphabet,early
7.929292929292929,1.5138514055211632,0.08406584201112216,Alphabet,early
8.919191919191919,1.5069026480709635,0.08252276767184684,Alphabet,early
9.909090909090908,1.4999563169642576,0.0810394230407962,Alphabet,early
10.898989898989898,1.4930128436202625,0.07961632444218725,Alphabet,early
11.888888888888888,1.486072669277434,0.0782534658270974,Alphabet,early
12.878787878787879,1.4791362409596585,0.07695035998917532,Alphabet,early
13.868686868686869,1.4722040081150416,0.07570610208167264,Alphabet,early
14.85858585858586,1.4652764199044697,0.07451944947496762,Alphabet,early
15.848484848484848,1.458353923114665,0.07338891104334673,Alphabet,early
16.838383838383837,1.4514369606678486,0.07231283857810111,Alphabet,early
17.82828282828283,1.4445259706974143,0.07128951322720203,Alphabet,early
18.818181818181817,1.437621386156284,0.07031722063572687,Alphabet,early
19.80808080808081,1.430723634921878,0.06939430972728214,Alphabet,early
20.7979797979798,1.4238331403589835,0.0685192317037051,Alphabet,early
21.787878787878785,1.4169503222992517,0.06769055769930822,Alphabet,early
22.77777777777778,1.410075598393697,0.06690697544523935,Alphabet,early
23.767676767676768,1.403209385792402,0.06616726711877524,Alphabet,early
24.757575757575758,1.3963521031037505,0.06547027212410558,Alphabet,early
25.747474747474747,1.3895041725839166,0.0648148397506256,Alphabet,early
26.737373737373737,1.3826660225060756,0.06419977738826234,Alphabet,early
27.727272727272727,1.375838089657937,0.0636238001911715,Alphabet,early
28.71717171717172,1.369020821915695,0.06308548775944169,Alphabet,early
29.707070707070706,1.3622146808424471,0.06258325258826891,Alphabet,early
30.696969696969695,1.3554201442594784,0.06211532379660477,Alphabet,early
31.686868686868685,1.3486377087396406,0.06167974811401733,Alphabet,early
32.676767676767675,1.3418678919733116,0.06127440842587538,Alphabet,early
33.666666666666664,1.335111234959129,0.06089705851643677,Alphabet,early
34.65656565656566,1.3283683039738587,0.06054537116514658,Alphabet,early
35.64646464646465,1.3216396922783147,0.060216995578549856,Alphabet,early
36.63636363636363,1.3149260215192655,0.0599096193766164,Alphabet,early
37.62626262626262,1.308227942790618,0.05962103005008321,Alphabet,early
38.61616161616161,1.3015461373209072,0.05934917096948093,Alphabet,early
39.60606060606061,1.2948813167581779,0.05909218761837558,Alphabet,early
40.5959595959596,1.2882342230276802,0.058848460669932524,Alphabet,early
41.58585858585859,1.2816056277423993,0.05861662373011987,Alphabet,early
42.57575757575757,1.2749963311512185,0.05839556492233605,Alphabet,early
43.56565656565656,1.2684071606144776,0.058184412872761944,Alphabet,early
44.55555555555556,1.2618389686017373,0.05798250896280107,Alphabet,early
45.54545454545455,1.2552926302116858,0.05778936884401314,Alphabet,early
46.535353535353536,1.2487690402192753,0.0576046370760146,Alphabet,early
47.525252525252526,1.2422691096602578,0.05742803928250668,Alphabet,early
48.51515151515151,1.2357937619683375,0.05725933638243904,Alphabet,early
49.505050505050505,1.2293439286850356,0.0570982852277986,Alphabet,early
50.494949494949495,1.222920544767117,0.05694460938301595,Alphabet,early
51.48484848484849,1.2165245435209295,0.05679798286147924,Alphabet,early
52.474747474747474,1.210156851197301,0.05665802846929591,Alphabet,early
53.46464646464646,1.2038183812846257,0.05652433109566357,Alphabet,early
54.45454545454545,1.1975100285414628,0.05639646494757038,Alphabet,early
55.44444444444444,1.1912326628133283,0.05627403247168692,Alphabet,early
56.43434343434344,1.1849871226813415,0.056156711647007494,Alphabet,early
57.42424242424242,1.178774208993022,0.05604430755801732,Alphabet,early
58.414141414141405,1.172594678327759,0.05593680373325081,Alphabet,early
59.4040404040404,1.1664492364513221,0.0558344086908677,Alphabet,early
60.39393939393939,1.1603385318152248,0.05573759347306275,Alphabet,early
61.38383838383839,1.1542631491577946,0.055647116647634394,Alphabet,early
62.37373737373737,1.1482236032644701,0.0555640342557319,Alphabet,early
63.36363636363637,1.14222033294512,0.05548969341679388,Alphabet,early
64.35353535353535,1.1362536952860958,0.055425709675621555,Alphabet,early
65.34343434343434,1.1303239602342692,0.05537392959024676,Alphabet,early
66.33333333333333,1.1244313055695516,0.05533638140187751,Alphabet,early
67.32323232323232,1.1185758123213017,0.055315217785493725,Alphabet,early
68.31313131313131,1.1127574606826605,0.055312655540809115,Alphabet,early
69.3030303030303,1.1069761264752374,0.055330917550524196,Alphabet,early
70.2929292929293,1.1012315782146977,0.05537218233257217,Alphabet,early
71.28282828282828,1.095523474825761,0.055438546007974425,Alphabet,early
72.27272727272727,1.089851364052864,0.05553200050450956,Alphabet,early
73.26262626262626,1.0842146816104097,0.05565443037864593,Alphabet,early
74.25252525252525,1.0786127511139867,0.05580762887467349,Alphabet,early
75.24242424242425,1.0730447848313815,0.0559933319031814,Alphabet,early
76.23232323232322,1.0675098852895888,0.056213266690815486,Alphabet,early
77.22222222222221,1.0620070477713368,0.056469210117607624,Alphabet,early
78.2121212121212,1.0565351637320017,0.05676305039340092,Alphabet,early
79.2020202020202,1.0510930251651143,0.057096844878280824,Alphabet,early
80.1919191919192,1.0456793299420728,0.057472866628641595,Alphabet,early
81.18181818181817,1.0402926881491323,0.05789363270586763,Alphabet,early
82.17171717171718,1.034931629442287,0.05836190841993602,Alphabet,early
83.16161616161615,1.0295946114383328,0.058880683441662515,Alphabet,early
84.15151515151514,1.024280029158143,0.059453117995361314,Alphabet,early
85.14141414141415,1.0189862255361315,0.060082459974120546,Alphabet,early
86.13131313131312,1.0137115030079475,0.06077193658847207,Alphabet,early
87.12121212121212,1.008454136186693,0.06152462681190406,Alphabet,early
88.1111111111111,1.0032123856363862,0.06234332314984415,Alphabet,early
89.1010101010101,0.9979845127500243,0.06323039286966589,Alphabet,early
90.0909090909091,0.9927687957384588,0.06418764957420679,Alphabet,early
91.08080808080807,0.9875635467353623,0.06521624575460494,Alphabet,early
92.07070707070707,0.9823671300228973,0.06631659571286166,Alphabet,early
93.06060606060605,0.9771779813822659,0.06748833612399292,Alphabet,early
94.05050505050505,0.9719946285731955,0.06873032875411503,Alphabet,early
95.04040404040404,0.966815712946562,0.07004070678988451,Alphabet,early
96.03030303030302,0.9616400121948118,0.0714169632243795,Alphabet,early
97.02020202020202,0.9564664642456526,0.07285607712118747,Alphabet,early
98.010101010101,0.951294192305624,0.07435467161301237,Alphabet,early
99.0,0.9461225310616888,0.07590919636387367,Alphabet,early
1.0,0.8234178674821182,0.29203434825926144,Alphabet,late
1.9898989898989898,0.8108600460548043,0.2751732950529585,Alphabet,late
2.9797979797979797,0.7983206708730626,0.258713193123991,Alphabet,late
3.9696969696969697,0.785843655673325,0.24275143382115952,Alphabet,late
4.959595959595959,0.7734965601664368,0.22740720051206784,Alphabet,late
5.94949494949495,0.7613661211239227,0.2128164700700068,Alphabet,late
6.939393939393939,0.7495538806067095,0.19912572081525998,Alphabet,late
7.929292929292929,0.7381719395967923,0.18648382941364375,Alphabet,late
8.919191919191919,0.7273388694638601,0.17503172295516303,Alphabet,late
9.909090909090908,0.7171758163619637,0.16488972904048393,Alphabet,late
10.898989898989898,0.7078028348741421,0.15614337146509855,Alphabet,late
11.888888888888888,0.6993354870867483,0.14882954872433368,Alphabet,late
12.878787878787879,0.6918817418727061,0.1429261871091473,Alphabet,late
13.868686868686869,0.6855392066012682,0.1383487860641928,Alphabet,late
14.85858585858586,0.6803927198877091,0.13495607073216648,Alphabet,late
15.848484848484848,0.6765123294801212,0.13256437885687664,Alphabet,late
16.838383838383837,0.6739516740897021,0.13096766170470295,Alphabet,late
17.82828282828283,0.6727467820534712,0.1299585602113234,Alphabet,late
18.818181818181817,0.6729152933262147,0.12934649939223292,Alphabet,late
19.80808080808081,0.6744561045895009,0.1289704750642467,Alphabet,late
20.7979797979798,0.6773494303968839,0.12870605998421805,Alphabet,late
21.787878787878785,0.6815572664049294,0.12846738200108274,Alphabet,late
22.77777777777778,0.6870242340220921,0.12820529642746534,Alphabet,late
23.767676767676768,0.693678779390913,0.12790293278959938,Alphabet,late
24.757575757575758,0.7014346936424586,0.1275695471885853,Alphabet,late
25.747474747474747,0.7101929159549318,0.12723336458355755,Alphabet,late
26.737373737373737,0.7198435762263444,0.1269339437823127,Alphabet,late
27.727272727272727,0.7302682302358474,0.12671455266671597,Alphabet,late
28.71717171717172,0.7413422371034453,0.12661506473217604,Alphabet,late
29.707070707070706,0.7529372267306319,0.12666591906545027,Alphabet,late
30.696969696969695,0.7649236037612249,0.12688366067857657,Alphabet,late
31.686868686868685,0.7771730344707675,0.1272684539059871,Alphabet,late
32.676767676767675,0.7895608638800493,0.12780373683167862,Alphabet,late
33.666666666666664,0.8019684122810671,0.12845790402703727,Alphabet,late
34.65656565656566,0.8142851032284,0.12918764110037378,Alphabet,late
35.64646464646465,0.8264103788321677,0.12994235566513418,Alphabet,late
36.63636363636363,0.8382553628206477,0.13066908919445872,Alphabet,late
37.62626262626262,0.8497442372322057,0.13131734364267592,Alphabet,late
38.61616161616161,0.8608153046453925,0.13184337615054284,Alphabet,late
39.60606060606061,0.8714217144466571,0.13221365730541923,Alphabet,late
40.5959595959596,0.8815318386401594,0.1324073166989369,Alphabet,late
41.58585858585859,0.8911292899887854,0.13241749577599043,Alphabet,late
42.57575757575757,0.900212582698656,0.13225159099715716,Alphabet,late
43.56565656565656,0.9087944432772771,0.13193041000697095,Alphabet,late
44.55555555555556,0.9169007864638674,0.13148629462183814,Alphabet,late
45.54545454545455,0.9245693781078566,0.13096030197151087,Alphabet,late
46.535353535353536,0.9318482134215432,0.13039859031944467,Alphabet,late
47.525252525252526,0.9387936450272568,0.12984823290442804,Alphabet,late
48.51515151515151,0.9454683005398538,0.12935277474088838,Alphabet,late
49.505050505050505,0.951938833967035,0.12894793423779244,Alphabet,late
50.494949494949495,0.9582735588814767,0.12865790425397305,Alphabet,late
51.48484848484849,0.9645400140469164,0.1284926951587814,Alphabet,late
52.474747474747474,0.970802513908015,0.12844686755299017,Alphabet,late
53.46464646464646,0.9771197370443624,0.12849983139692045,Alphabet,late
54.45454545454545,0.9835424053249447,0.12861767588187276,Alphabet,late
55.44444444444444,0.9901111050829496,0.12875629149474294,Alphabet,late
56.43434343434344,0.9968542991855991,0.12886539969403776,Alphabet,late
57.42424242424242,1.003786575441408,0.12889304185549333,Alphabet,late
58.414141414141405,1.0109071724300276,0.1287900946609851,Alphabet,late
59.4040404040404,1.0181988186362587,0.1285144492326058,Alphabet,late
60.39393939393939,1.0256269148160582,0.12803458345141164,Alphabet,late
61.38383838383839,1.0331390829277287,0.12733234301989502,Alphabet,late
62.37373737373737,1.0406650978491225,0.12640481010615132,Alphabet,late
63.36363636363637,1.0481172106033745,0.12526517405629384,Alphabet,late
64.35353535353535,1.0553908640723515,0.123942531689528,Alphabet,late
65.34343434343434,1.062365794332759,0.12248054732744784,Alphabet,late
66.33333333333333,1.0689075029528396,0.12093491264195418,Alphabet,late
67.32323232323232,1.0748690779832883,0.11936958510809294,Alphabet,late
68.31313131313131,1.0800933341086307,0.11785187283720854,Alphabet,late
69.3030303030303,1.0844152356302899,0.11644658615226362,Alphabet,late
70.2929292929293,1.0876645597594101,0.11520968447559342,Alphabet,late
71.28282828282828,1.0896687522214674,0.11418206884493169,Alphabet,late
72.27272727272727,1.0902559225195851,0.11338432856843397,Alphabet,late
73.26262626262626,1.0892579224567438,0.11281325644015722,Alphabet,late
74.25252525252525,1.0865134487480037,0.11244074671136917,Alphabet,late
75.24242424242425,1.0818711088145156,0.11221530936387528,Alphabet,late
76.23232323232322,1.0751923881724792,0.11206598410932442,Alphabet,late
77.22222222222221,1.0663544582225533,0.11190806535965644,Alphabet,late
78.2121212121212,1.0552527646995689,0.11164986464316484,Alphabet,late
79.2020202020202,1.0418033395262483,0.11119976298387017,Alphabet,late
80.1919191919192,1.0259447822774046,0.1104729866740794,Alphabet,late
81.18181818181817,1.007639861831565,0.10939778581562906,Alphabet,late
82.17171717171718,0.9868766939738143,0.10792092856646236,Alphabet,late
83.16161616161615,0.963669456612931,0.10601260185408347,Alphabet,late
84.15151515151514,0.9380586107613413,0.10367091766995173,Alphabet,late
85.14141414141415,0.9101106023664359,0.10092625983504844,Alphabet,late
86.13131313131312,0.8799170273261945,0.09784565348365781,Alphabet,late
87.12121212121212,0.8475932494175611,0.09453714606615644,Alphabet,late
88.1111111111111,0.81327646824999,0.09115374563024864,Alphabet,late
89.1010101010101,0.7771232415627709,0.087895612457218,Alphabet,late
90.0909090909091,0.7393064730486523,0.08500785156766713,Alphabet,late
91.08080808080807,0.7000118832400324,0.08276973636836,Alphabet,late
92.07070707070707,0.659433986678192,0.0814708757487894,Alphabet,late
93.06060606060605,0.6177716034442577,0.08137323929273461,Alphabet,late
94.05050505050505,0.5752229370156576,0.08266647619463936,Alphabet,late
95.04040404040404,0.5319802531852473,0.08543319170918348,Alphabet,late
96.03030303030302,0.48822419631681835,0.0896407523408149,Alphabet,late
97.02020202020202,0.44411777939406205,0.09516284423258904,Alphabet,late
98.010101010101,0.3998000830492834,0.10181835329711687,Alphabet,late
99.0,0.3553796959428448,0.10941061484221522,Alphabet,late
1.0,1.3831917717911193,0.0879298236395058,Lasbet,early
1.9898989898989898,1.3785550757188412,0.08680278628365387,Lasbet,early
2.9797979797979797,1.3739183798648047,0.08568134750684134,Lasbet,early
3.9696969696969697,1.369281684471276,0.08456573047857492,Lasbet,early
4.959595959595959,1.3646449898583952,0.08345616880013898,Lasbet,early
5.94949494949495,1.36000829641356,0.08235290683508953,Lasbet,early
6.939393939393939,1.3553716045807982,0.08125620010627396,Lasbet,early
7.929292929292929,1.350734914850255,0.08016631576375474,Lasbet,early
8.919191919191919,1.3460982277479265,0.07908353312622554,Lasbet,early
9.909090909090908,1.341461543825785,0.07800814429624398,Lasbet,early
10.898989898989898,1.3368248636524367,0.07694045484708349,Lasbet,early
11.888888888888888,1.33218818780444,0.0758807845764267,Lasbet,early
12.878787878787879,1.3275515168584173,0.07482946831967029,Lasbet,early
13.868686868686869,1.3229148513840683,0.07378685681344295,Lasbet,early
14.85858585858586,1.3182781919381814,0.07275331759817638,Lasbet,early
15.848484848484848,1.3136415390597207,0.0717292359472966,Lasbet,early
16.838383838383837,1.30900489326604,0.0707150158098543,Lasbet,early
17.82828282828283,1.3043682550502618,0.06971108075317978,Lasbet,early
18.818181818181817,1.2997316248798219,0.06871787489237151,Lasbet,early
19.80808080808081,1.2950950031961654,0.06773586379401267,Lasbet,early
20.7979797979798,1.290458390415554,0.06676553534232074,Lasbet,early
21.787878787878785,1.2858217869309114,0.06580740055681676,Lasbet,early
22.77777777777778,1.281185193114622,0.06486199435137707,Lasbet,early
23.767676767676768,1.2765486093221734,0.06392987622502881,Lasbet,early
24.757575757575758,1.2719120358965055,0.06301163087490817,Lasbet,early
25.747474747474747,1.2672754731729257,0.062107868721278166,Lasbet,early
26.737373737373737,1.2626389214844287,0.061219226333301215,Lasbet,early
27.727272727272727,1.258002381167247,0.060346366742326435,Lasbet,early
28.71717171717172,1.2533658525664582,0.05948997962678718,Lasbet,early
29.707070707070706,1.2487293360414677,0.05865078134947506,Lasbet,early
30.696969696969695,1.2440928319711888,0.05782951482409379,Lasbet,early
31.686868686868685,1.2394563407587398,0.05702694918379352,Lasbet,early
32.676767676767675,1.2348198628355018,0.05624387922009743,Lasbet,early
33.666666666666664,1.230183398664375,0.05548112455656396,Lasbet,early
34.65656565656566,1.2255469487420967,0.05473952851802704,Lasbet,early
35.64646464646465,1.2209105136005063,0.05401995665369639,Lasbet,early
36.63636363636363,1.2162740938066527,0.05332329487116603,Lasbet,early
37.62626262626262,1.2116376899616752,0.05265044713884589,Lasbet,early
38.61616161616161,1.2070013026984074,0.05200233271684569,Lasbet,early
39.60606060606061,1.2023649326776857,0.05137988288119318,Lasbet,early
40.5959595959596,1.1977285805833657,0.050784037113679015,Lasbet,early
41.58585858585859,1.1930922471160916,0.050215738739702066,Lasbet,early
42.57575757575757,1.1884559329858748,0.04967593000923631,Lasbet,early
43.56565656565656,1.183819638903579,0.04916554663130132,Lasbet,early
44.55555555555556,1.1791833655714343,0.04868551178978142,Lasbet,early
45.54545454545455,1.174547113672716,0.048236729687619946,Lasbet,early
46.535353535353536,1.1699108838607626,0.04782007868665886,Lasbet,early
47.525252525252526,1.165274676747515,0.04743640413088257,Lasbet,early
48.51515151515151,1.1606384928917792,0.047086510960600694,Lasbet,early
49.505050505050505,1.1560023327874238,0.046771156243114564,Lasbet,early
50.494949494949495,1.1513661968517432,0.04649104176055833,Lasbet,early
51.48484848484849,1.1467300854142053,0.04624680680682055,Lasbet,early
52.474747474747474,1.142093998705816,0.046039021351774415,Lasbet,early
53.46464646464646,1.137457936849322,0.0458681797317087,Lasbet,early
54.45454545454545,1.1328218998504695,0.04573469501936326,Lasbet,early
55.44444444444444,1.1281858875905173,0.04563889421517906,Lasbet,early
56.43434343434344,1.1235498998201925,0.04558101438350461,Lasbet,early
57.42424242424242,1.1189139361552531,0.04556119983418262,Lasbet,early
58.414141414141405,1.1142779960737956,0.045579500422169635,Lasbet,early
59.4040404040404,1.1096420789154255,0.045635871006923415,Lasbet,early
60.39393939393939,1.1050061838823702,0.04573017208074989,Lasbet,early
61.38383838383839,1.1003703100425863,0.04586217154275562,Lasbet,early
62.37373737373737,1.0957344563348816,0.04603154756409823,Lasbet,early
63.36363636363637,1.0910986215760328,0.04623789246230939,Lasbet,early
64.35353535353535,1.0864628044698441,0.046480717478770466,Lasbet,early
65.34343434343434,1.0818270036180664,0.04675945833480724,Lasbet,early
66.33333333333333,1.0771912175330502,0.04707348142881892,Lasbet,early
67.32323232323232,1.0725554446519803,0.047422090529478565,Lasbet,early
68.31313131313131,1.0679196833525069,0.04780453381810491,Lasbet,early
69.3030303030303,1.0632839319695644,0.048220011136294476,Lasbet,early
70.2929292929293,1.0586481888131334,0.04866768130210164,Lasbet,early
71.28282828282828,1.0540124521866916,0.049146669368623476,Lasbet,early
72.27272727272727,1.0493767204060773,0.04965607371190862,Lasbet,early
73.26262626262626,1.0447409918184691,0.05019497284981635,Lasbet,early
74.25252525252525,1.040105264821191,0.05076243190903564,Lasbet,early
75.24242424242425,1.035469537880032,0.051357508673283286,Lasbet,early
76.23232323232322,1.0308338095467815,0.05197925916121073,Lasbet,early
77.22222222222221,1.02619807847568,0.05262674269737169,Lasbet,early
78.2121212121212,1.0215623434384997,0.053299026453458326,Lasbet,early
79.2020202020202,1.0169266033379796,0.053995189449727594,Lasbet,early
80.1919191919192,1.0122908572193579,0.0547143260180061,Lasbet,early
81.18181818181817,1.0076551042797726,0.05545554873782876,Lasbet,early
82.17171717171718,1.0030193438753217,0.0562179908661131,Lasbet,early
83.16161616161615,0.9983835755255996,0.057000808288290496,Lasbet,early
84.15151515151514,0.993747798915572,0.05780318102500957,Lasbet,early
85.14141414141415,0.989112013894662,0.05862431433339693,Lasbet,early
86.13131313131312,0.9844762204729793,0.059463439445410646,Lasbet,early
87.12121212121212,0.9798404188146345,0.06031981398806426,Lasbet,early
88.1111111111111,0.9752046092281323,0.06119272213125345,Lasbet,early
89.1010101010101,0.9705687921538639,0.06208147450862967,Lasbet,early
90.0909090909091,0.9659329681487457,0.06298540795550021,Lasbet,early
91.08080808080807,0.9612971378680897,0.06390388510519558,Lasbet,early
92.07070707070707,0.9566613020448076,0.06483629388186599,Lasbet,early
93.06060606060605,0.9520254614660789,0.06578204692342302,Lasbet,early
94.05050505050505,0.9473896169476245,0.0667405809635338,Lasbet,early
95.04040404040404,0.9427537693057466,0.06771135619643834,Lasbet,early
96.03030303030302,0.9381179193272925,0.06869385564315365,Lasbet,early
97.02020202020202,0.9334820677377115,0.06968758453262079,Lasbet,early
98.010101010101,0.9288462151673555,0.07069206970681893,Lasbet,early
99.0,0.9242103621161712,0.07170685905508749,Lasbet,early
1.0,1.2019743461476167,0.2746500660013809,Lasbet,late
1.9898989898989898,1.1828743743468306,0.26011942913305625,Lasbet,late
2.9797979797979797,1.1637896024838998,0.24593106351790608,Lasbet,late
3.9696969696969697,1.1447548184627898,0.23215952771639087,Lasbet,late
4.959595959595959,1.1258231676555075,0.21889413063427965,Lasbet,late
5.94949494949495,1.1070628713008068,0.2062348222131749,Lasbet,late
6.939393939393939,1.088554027689703,0.19428732398367923,Lasbet,late
7.929292929292929,1.0703855138166793,0.18315732095319956,Lasbet,late
8.919191919191919,1.0526520077950736,0.17294363158608492,Lasbet,late
9.909090909090908,1.0354511540031608,0.163730486858218,Lasbet,late
10.898989898989898,1.018880893689802,0.15557940757624744,Lasbet,late
11.888888888888888,1.0030369836739845,0.14852162880186145,Lasbet,late
12.878787878787879,0.9880107248828448,0.14255242826472922,Lasbet,late
13.868686868686869,0.973886920852704,0.13762882390043665,Lasbet,late
14.85858585858586,0.9607420840432074,0.13367169398040157,Lasbet,late
15.848484848484848,0.9486429049660747,0.13057244096880938,Lasbet,late
16.838383838383837,0.9376449957947377,0.12820318376297635,Lasbet,late
17.82828282828283,0.9277919163914883,0.12642861267124386,Lasbet,late
18.818181818181817,0.9191144866604277,0.12511742790746042,Lasbet,late
19.80808080808081,0.9116303849054018,0.12415170125413763,Lasbet,late
20.7979797979798,0.9053440275421519,0.12343325388896932,Lasbet,late
21.787878787878785,0.9002467211805691,0.12288687900767992,Lasbet,late
22.77777777777778,0.89631707385341,0.1224607434314772,Lasbet,late
23.767676767676768,0.893521648114193,0.12212454369949052,Lasbet,late
24.757575757575758,0.8918158349467752,0.12186604355662936,Lasbet,late
25.747474747474747,0.891144924002779,0.12168657915985702,Lasbet,late
26.737373737373737,0.8914453426832816,0.121596057132118,Lasbet,late
27.727272727272727,0.8926460340710431,0.12160792035518948,Lasbet,late
28.71717171717172,0.8946699417520712,0.12173451620092283,Lasbet,late
29.707070707070706,0.8974355681820584,0.12198325314928793,Lasbet,late
30.696969696969695,0.9008585724839664,0.12235385376988664,Lasbet,late
31.686868686868685,0.9048533734249851,0.12283689507205087,Lasbet,late
32.676767676767675,0.9093347238191398,0.12341367921476659,Lasbet,late
33.666666666666664,0.9142192237277482,0.12405732245248835,Lasbet,late
34.65656565656566,0.919426741563637,0.12473481835445631,Lasbet,late
35.64646464646465,0.9248817145137705,0.1254097471789965,Lasbet,late
36.63636363636363,0.9305143025353906,0.12604527643356134,Lasbet,late
37.62626262626262,0.9362613734983316,0.1266071216277687,Lasbet,late
38.61616161616161,0.9420673007777662,0.1270661938547254,Lasbet,late
39.60606060606061,0.9478845586751847,0.1274007323253146,Lasbet,late
40.5959595959596,0.9536741053827628,0.12759778954299708,Lasbet,late
41.58585858585859,0.9594055477238533,0.127653995778386,Lasbet,late
42.57575757575757,0.9650570865126102,0.12757557621759877,Lasbet,late
43.56565656565656,0.970615245990151,0.12737763194804272,Lasbet,late
44.55555555555556,0.9760743953234087,0.12708273055800953,Lasbet,late
45.54545454545455,0.9814360745084253,0.12671888925798575,Lasbet,late
46.535353535353536,0.9867081411177305,0.12631707655022625,Lasbet,late
47.525252525252526,0.9919037580919596,0.12590840700599826,Lasbet,late
48.51515151515151,0.9970402461255201,0.12552125190914948,Lasbet,late
49.505050505050505,1.00213782706988,0.12517852568754712,Lasbet,late
50.494949494949495,1.007218287118882,0.12489542080810814,Lasbet,late
51.48484848484849,1.0123035903026971,0.12467784053234107,Lasbet,late
52.474747474747474,1.0174144739649904,0.12452171507114693,Lasbet,late
53.46464646464646,1.0225690584082106,0.12441328857623626,Lasbet,late
54.45454545454545,1.0277815027534467,0.12433034909742079,Lasbet,late
55.44444444444444,1.0330607382748525,0.12424426395324918,Lasbet,late
56.43434343434344,1.0384093090480655,0.12412259984169476,Lasbet,late
57.42424242424242,1.0438223477227053,0.12393206267641245,Lasbet,late
58.414141414141405,1.0492867116285691,0.12364148725491668,Lasbet,late
59.4040404040404,1.0547803013016759,0.12322463249606981,Lasbet,late
60.39393939393939,1.0602715799283267,0.12266258044223144,Lasbet,late
61.38383838383839,1.0657193082203187,0.12194558332981796,Lasbet,late
62.37373737373737,1.0710725049270855,0.12107424374679167,Lasbet,late
63.36363636363637,1.0762706386426433,0.12005994476946995,Lasbet,late
64.35353535353535,1.0812440518621436,0.11892447196349806,Lasbet,late
65.34343434343434,1.0859146134742708,0.11769879352465536,Lasbet,late
66.33333333333333,1.0901965911315241,0.11642099763775711,Lasbet,late
67.32323232323232,1.093997730310969,0.1151334368372519,Lasbet,late
68.31313131313131,1.0972205224511766,0.1138792043459876,Lasbet,late
69.3030303030303,1.0997636404106397,0.11269816613930435,Lasbet,late
70.2929292929293,1.101523515718295,0.11162288182706928,Lasbet,late
71.28282828282828,1.1023960287487313,0.11067484060358664,Lasbet,late
72.27272727272727,1.102278280117627,0.10986147994215682,Lasbet,late
73.26262626262626,1.101070409309802,0.10917441322149916,Lasbet,late
74.25252525252525,1.0986774248668847,0.10858915837359234,Lasbet,late
75.24242424242425,1.0950110094050345,0.10806645600905256,Lasbet,late
76.23232323232322,1.0899912623250674,0.1075550439736885,Lasbet,late
77.22222222222221,1.0835483433243636,0.10699557593422297,Lasbet,late
78.2121212121212,1.0756239807159524,0.10632527741549977,Lasbet,late
79.2020202020202,1.0661728100862085,0.1054829343043328,Lasbet,late
80.1919191919192,1.055163510947061,0.10441388613474627,Lasbet,late
81.18181818181817,1.042579711717881,0.10307481318228567,Lasbet,late
82.17171717171718,1.0284206365513402,0.10143822599292468,Lasbet,late
83.16161616161615,1.0127014711305806,0.09949666050678344,Lasbet,late
84.15151515151514,0.9954534285376867,0.09726663124900886,Lasbet,late
85.14141414141415,0.9767235005415614,0.0947923787423192,Lasbet,late
86.13131313131312,0.9565738840879644,0.09214933363856782,Lasbet,late
87.12121212121212,0.9350810772992162,0.0894469582569595,Lasbet,late
88.1111111111111,0.9123346438078171,0.08683015567584185,Lasbet,late
89.1010101010101,0.8884356486542175,0.08447774390972508,Lasbet,late
90.0909090909091,0.8634947731735321,0.08259575933196081,Lasbet,late
91.08080808080807,0.8376301201768763,0.08140317820677805,Lasbet,late
92.07070707070707,0.810964724201541,0.08110908136822263,Lasbet,late
93.06060606060605,0.7836237845655265,0.08188409228055009,Lasbet,late
94.05050505050505,0.7557316413258204,0.08383385529344897,Lasbet,late
95.04040404040404,0.7274085159211707,0.08698445804075013,Lasbet,late
96.03030303030302,0.6987670392031735,0.09128565159548002,Lasbet,late
97.02020202020202,0.6699085896524959,0.09662950475204957,Lasbet,late
98.010101010101,0.6409194637793367,0.10287610378183261,Lasbet,late
99.0,0.6118668989634533,0.10987782842088974,Lasbet,late
1.0,1.8962190552587157,0.1243999875503204,Suprabets,early
1.9898989898989898,1.8798505163654116,0.11920227604537201,Suprabets,early
2.9797979797979797,1.8634909661509922,0.11421232602214,Suprabets,early
3.9696969696969697,1.847150076027406,0.10946019476624959,Suprabets,early
4.959595959595959,1.8308402814328946,0.10497723544655657,Suprabets,early
5.94949494949495,1.8145761932995743,0.10079422446543401,Suprabets,early
6.939393939393939,1.7983740318919907,0.09693935484435635,Suprabets,early
7.929292929292929,1.7822510864830399,0.0934361953870815,Suprabets,early
8.919191919191919,1.7662252046324414,0.09030177058479376,Suprabets,early
9.909090909090908,1.7503143149680862,0.08754496177049662,Suprabets,early
10.898989898989898,1.734535987351545,0.08516544647403537,Suprabets,early
11.888888888888888,1.7189070341456198,0.08315336220349216,Suprabets,early
12.878787878787879,1.7034431560066314,0.08148979648778996,Suprabets,early
13.868686868686869,1.6881586352103537,0.08014808012274496,Suprabets,early
14.85858585858586,1.673066079002527,0.07909572715471622,Suprabets,early
15.848484848484848,1.658176214858201,0.07829676203532798,Suprabets,early
16.838383838383837,1.6434977388554366,0.07771413003136972,Suprabets,early
17.82828282828283,1.6290372176350214,0.07731190756830134,Suprabets,early
18.818181818181817,1.6147990436469932,0.07705709900024701,Suprabets,early
19.80808080808081,1.6007854425943004,0.0769208982894965,Suprabets,early
20.7979797979798,1.586996531190871,0.07687938276268586,Suprabets,early
21.787878787878785,1.5734304225751345,0.0769136756436534,Suprabets,early
22.77777777777778,1.5600833759756498,0.07700965948985435,Suprabets,early
23.767676767676768,1.5469499865294747,0.0771573465997744,Suprabets,early
24.757575757575758,1.5340234105210506,0.07735002064431232,Suprabets,early
25.747474747474747,1.521295620752877,0.07758326170733026,Suprabets,early
26.737373737373737,1.5087576862909922,0.07785395832795847,Suprabets,early
27.727272727272727,1.496400070458165,0.07815939689102291,Suprabets,early
28.71717171717172,1.484212940683614,0.07849650153682386,Suprabets,early
29.707070707070706,1.4721864836657046,0.07886127714317112,Suprabets,early
30.696969696969695,1.4603112192678034,0.07924848480608036,Suprabets,early
31.686868686868685,1.4485783066479017,0.0796515552660939,Suprabets,early
32.676767676767675,1.436979836319261,0.08006272309042967,Suprabets,early
33.666666666666664,1.4255091021490651,0.08047334538515363,Suprabets,early
34.65656565656566,1.4141608477196181,0.08087435514697668,Suprabets,early
35.64646464646465,1.4029314819946757,0.0812567919611054,Suprabets,early
36.63636363636363,1.3918192598428976,0.08161235151269426,Suprabets,early
37.62626262626262,1.3808244236594551,0.08193389939774431,Suprabets,early
38.61616161616161,1.3699493030845475,0.08221590263259923,Suprabets,early
39.60606060606061,1.359198370628727,0.0824547426305429,Suprabets,early
40.5959595959596,1.348578251864856,0.08264888501651996,Suprabets,early
41.58585858585859,1.3380976897201529,0.08279889361839511,Suprabets,early
42.57575757575757,1.3277674632826588,0.08290728778190476,Suprabets,early
43.56565656565656,1.317600262408418,0.08297825351178907,Suprabets,early
44.55555555555556,1.3076105202626183,0.08301722960989548,Suprabets,early
45.54545454545455,1.297814206734288,0.08303039962863296,Suprabets,early
46.535353535353536,1.2882285864146097,0.08302412854522355,Suprabets,early
47.525252525252526,1.2788719455104813,0.08300438883178417,Suprabets,early
48.51515151515151,1.2697632926642357,0.0829762231720344,Suprabets,early
49.505050505050505,1.2609220391562044,0.08294328966527088,Suprabets,early
50.494949494949495,1.2523676643704034,0.08290752951411506,Suprabets,early
51.48484848484849,1.244119372697126,0.0828689870443184,Suprabets,early
52.474747474747474,1.2361957482242898,0.0828257982839678,Suprabets,early
53.46464646464646,1.228614413628682,0.0827743487098979,Suprabets,early
54.45454545454545,1.2213916996176757,0.08270958502166113,Suprabets,early
55.44444444444444,1.2145423310928245,0.08262545182523298,Suprabets,early
56.43434343434344,1.2080791359124754,0.08251541344570346,Suprabets,early
57.42424242424242,1.2020127817254667,0.08237301466799246,Suprabets,early
58.414141414141405,1.1963515458413891,0.08219243225015739,Suprabets,early
59.4040404040404,1.191101122503029,0.08196897118934876,Suprabets,early
60.39393939393939,1.1862644712448938,0.08169946519538004,Suprabets,early
61.38383838383839,1.1818417092708466,0.08138254877887192,Suprabets,early
62.37373737373737,1.177830049977725,0.08101877802784475,Suprabets,early
63.36363636363637,1.1742237889053064,0.0806105879774502,Suprabets,early
64.35353535353535,1.1710143375218824,0.08016208612757698,Suprabets,early
65.34343434343434,1.168190304375761,0.0796786938897402,Suprabets,early
66.33333333333333,1.1657376222701348,0.07916666024405931,Suprabets,early
67.32323232323232,1.1636397192714927,0.07863248411608331,Suprabets,early
68.31313131313131,1.1618777305534898,0.07808229304424223,Suprabets,early
69.3030303030303,1.1604307473242765,0.07752123434110175,Suprabets,early
70.2929292929293,1.1592760983998103,0.07695293968848202,Suprabets,early
71.28282828282828,1.1583896593810765,0.0763791235936164,Suprabets,early
72.27272727272727,1.1577461838804033,0.07579936954418912,Suprabets,early
73.26262626262626,1.1573196508305854,0.07521114511536305,Suprabets,early
74.25252525252525,1.1570836216075615,0.07461006987134403,Suprabets,early
75.24242424242425,1.1570116005078646,0.07399043978735331,Suprabets,early
76.23232323232322,1.1570773920498667,0.07334599169086557,Suprabets,early
77.22222222222221,1.157255448613228,0.07267087327781287,Suprabets,early
78.2121212121212,1.1575212020923937,0.07196077011993374,Suprabets,early
79.2020202020202,1.1578513735141651,0.07121413093705022,Suprabets,early
80.1919191919192,1.158224254950072,0.07043342502635379,Suprabets,early
81.18181818181817,1.158619958533627,0.0696263587138314,Suprabets,early
82.17171717171718,1.1590206279607052,0.06880696803901158,Suprabets,early
83.16161616161615,1.1594106084955622,0.06799648998432106,Suprabets,early
84.15151515151514,1.1597765722132725,0.06722389356515027,Suprabets,early
85.14141414141415,1.1601075959661937,0.06652592795100155,Suprabets,early
86.13131313131312,1.1603951903506253,0.06594652674273753,Suprabets,early
87.12121212121212,1.1606332787542581,0.06553541307738275,Suprabets,early
88.1111111111111,1.1608181263673134,0.06534580375821446,Suprabets,early
89.1010101010101,1.1609482198225558,0.06543123478085307,Suprabets,early
90.0909090909091,1.1610240988735874,0.06584172830269976,Suprabets,early
91.08080808080807,1.161048142209324,0.0666197538485431,Suprabets,early
92.07070707070707,1.1610243101175968,0.0677966183628664,Suprabets,early
93.06060606060605,1.160957847236146,0.06938994739952026,Suprabets,early
94.05050505050505,1.160854949049351,0.07140273717288814,Suprabets,early
95.04040404040404,1.1607223960878503,0.07382410964101699,Suprabets,early
96.03030303030302,1.1605671599536103,0.0766315260775219,Suprabets,early
97.02020202020202,1.1603959853122936,0.07979395549194637,Suprabets,early
98.010101010101,1.1602149518570841,0.0832754253376289,Suprabets,early
99.0,1.1600290199443442,0.08703847747444964,Suprabets,early
1.0,0.962270860169649,0.3036492603325832,Suprabets,late
1.9898989898989898,0.9414840630331773,0.286469948346723,Suprabets,late
2.9797979797979797,0.9207074734549905,0.2696694692601076,Suprabets,late
3.9696969696969697,0.8999700199437326,0.2533380731146541,Suprabets,late
4.959595959595959,0.8793192549926498,0.2375879740585953,Suprabets,late
5.94949494949495,0.8588184986751772,0.22254864186270493,Suprabets,late
6.939393939393939,0.8385440269216471,0.20836101656967312,Suprabets,late
7.929292929292929,0.8185823316141989,0.19517021374042268,Suprabets,late
8.919191919191919,0.7990274686181433,0.18311631678877632,Suprabets,late
9.909090909090908,0.7799785113912971,0.17232310653570254,Suprabets,late
10.898989898989898,0.7615371286132939,0.16288517189769822,Suprabets,late
11.888888888888888,0.7438053043944197,0.15485480083014858,Suprabets,late
12.878787878787879,0.726883219102475,0.14823111992030466,Suprabets,late
13.868686868686869,0.7108673077379608,0.1429545447459397,Suprabets,late
14.85858585858586,0.6958485111485799,0.1389090387208565,Suprabets,late
15.848484848484848,0.6819107332669989,0.13593276680889668,Suprabets,late
16.838383838383837,0.6691295150480887,0.13383520569148946,Suprabets,late
17.82828282828283,0.6575709329442118,0.13241693586612788,Suprabets,late
18.818181818181817,0.6472907266652366,0.1314880837025297,Suprabets,late
19.80808080808081,0.6383336576997164,0.13088254858592327,Suprabets,late
20.7979797979798,0.6307330967029333,0.13046685473369304,Suprabets,late
21.787878787878785,0.6245108344638112,0.13014386243630588,Suprabets,late
22.77777777777778,0.619677107822096,0.12985230971244424,Suprabets,late
23.767676767676768,0.6162308286926615,0.129563323849898,Suprabets,late
24.757575757575758,0.6141600013349129,0.12927490433237268,Suprabets,late
25.747474747474747,0.6134423102464711,0.1290051631032459,Suprabets,late
26.737373737373737,0.6140458586195088,0.1287849429571493,Suprabets,late
27.727272727272727,0.6159300352264764,0.12865035770385116,Suprabets,late
28.71717171717172,0.6190464859425902,0.12863578733274378,Suprabets,late
29.707070707070706,0.6233401648996133,0.12876786593848885,Suprabets,late
30.696969696969695,0.6287504395241451,0.12906096183192461,Suprabets,late
31.686868686868685,0.6352122234594657,0.12951452769232763,Suprabets,late
32.676767676767675,0.6426571116079983,0.13011248974078088,Suprabets,late
33.666666666666664,0.6510144922576846,0.13082458576112868,Suprabets,late
34.65656565656566,0.6602126124552223,0.13160931556872374,Suprabets,late
35.64646464646465,0.6701795744388627,0.13241799508567198,Suprabets,late
36.63636363636363,0.6808442430102165,0.13319933902442252,Suprabets,late
37.62626262626262,0.6921370461674794,0.13390403219587735,Suprabets,late
38.61616161616161,0.7039906540929307,0.1344888525537076,Suprabets,late
39.60606060606061,0.7163405246305664,0.13492003832047078,Suprabets,late
40.5959595959596,0.7291253066447168,0.13517571281911653,Suprabets,late
41.58585858585859,0.7422870960528186,0.13524727559289856,Suprabets,late
42.57575757575757,0.755771542807401,0.13513973397943468,Suprabets,late
43.56565656565656,0.769527810594485,0.13487099298365743,Suprabets,late
44.55555555555556,0.7835083944483426,0.13447015559187542,Suprabets,late
45.54545454545455,0.7976688047873318,0.13397492362555358,Suprabets,late
46.535353535353536,0.8119671294861697,0.1334282408127765,Suprabets,late
47.525252525252526,0.8263634884539159,0.13287438861654355,Suprabets,late
48.51515151515151,0.8408193977268026,0.13235482596921377,Suprabets,late
49.505050505050505,0.8552970622590724,0.1319041402851133,Suprabets,late
50.494949494949495,0.8697586183587303,0.13154652431376715,Suprabets,late
51.48484848484849,0.8841653480322634,0.1312931855291051,Suprabets,late
52.474747474747474,0.8984768883446468,0.13114101552742202,Suprabets,late
53.46464646464646,0.9126504592498075,0.13107270013906955,Suprabets,late
54.45454545454545,0.926640133193027,0.13105826370473353,Suprabets,late
55.44444444444444,0.9403961691310334,0.13105785568229641,Suprabets,late
56.43434343434344,0.9538644324681713,0.13102544627441887,Suprabets,late
57.42424242424242,0.9669859207880556,0.13091302556750808,Suprabets,late
58.414141414141405,0.9796964131986631,0.13067489959520034,Suprabets,late
59.4040404040404,0.9919262586427531,0.13027172872490234,Suprabets,late
60.39393939393939,1.003600315700722,0.1296740314898651,Suprabets,late
61.38383838383839,1.014638053282273,0.12886495487078817,Suprabets,late
62.37373737373737,1.0249538182257592,0.12784217309862825,Suprabets,late
63.36363636363637,1.0344572722637342,0.12661881490967156,Suprabets,late
64.35353535353535,1.0430539971374966,0.12522333689871604,Suprabets,late
65.34343434343434,1.050646262922893,0.12369826874141242,Suprabets,late
66.33333333333333,1.0571339509351056,0.12209777096455411,Suprabets,late
67.32323232323232,1.0624156189828224,0.12048398795505151,Suprabets,late
68.31313131313131,1.0663896933112,0.11892226837123486,Suprabets,late
69.3030303030303,1.0689557683748219,0.11747547435666668,Suprabets,late
70.2929292929293,1.0700159926782185,0.11619780180260948,Suprabets,late
71.28282828282828,1.069476516369051,0.11512874590120327,Suprabets,late
72.27272727272727,1.067248974117662,0.11428799618634619,Suprabets,late
73.26262626262626,1.0632519751084195,0.11367204948320404,Suprabets,late
74.25252525252525,1.0574125707371194,0.11325313709609222,Suprabets,late
75.24242424242425,1.0496676698787697,0.11298069838219811,Suprabets,late
76.23232323232322,1.0399653713770767,0.1127852010758943,Suprabets,late
77.22222222222221,1.028266183714448,0.11258374891527574,Suprabets,late
78.2121212121212,1.0145441026451665,0.11228673433082863,Suprabets,late
79.2020202020202,0.9987875188977011,0.11180481274990245,Suprabets,late
80.1919191919192,0.9809999298502106,0.11105564436839489,Suprabets,late
81.18181818181817,0.9612004313199886,0.10997008408953712,Suprabets,late
82.17171717171718,0.9394239682387964,0.10849772562420816,Suprabets,late
83.16161616161615,0.9157213259592012,0.10661187740216406,Suprabets,late
84.15151515151514,0.890158847190684,0.10431414921666943,Suprabets,late
85.14141414141415,0.8628178630330678,0.1016388518679072,Suprabets,late
86.13131313131312,0.8337938301846806,0.09865733643392892,Suprabets,late
87.12121212121212,0.8031951700782536,0.09548216867667197,Suprabets,late
88.1111111111111,0.7711418093578846,0.09227054230419579,Suprabets,late
89.1010101010101,0.7377634246750946,0.08922545403200909,Suprabets,late
90.0909090909091,0.7031973981676671,0.08659188452667621,Suprabets,late
91.08080808080807,0.6675864931109972,0.08464402844906325,Suprabets,late
92.07070707070707,0.6310762620178518,0.08365994405634129,Suprabets,late
93.06060606060605,0.5938122018325256,0.08388401882564017,Suprabets,late
94.05050505050505,0.5559366727459507,0.08548576837597639,Suprabets,late
95.04040404040404,0.5175855984815596,0.088530664662052,Suprabets,late
96.03030303030302,0.47888496660566937,0.09297648350731244,Suprabets,late
97.02020202020202,0.4399471474423571,0.09869583021186948,Suprabets,late
98.010101010101,0.4008670494728217,0.10551267814356471,Suprabets,late
99.0,0.36171812762696853,0.11323818344516037,Suprabets,late
1.0,1.4782095222125988,0.11956451841796661,10x10bet,early
1.9898989898989898,1.467301529271329,0.11490999497662746,10x10bet,early
2.9797979797979797,1.4563992799728755,0.11043594707533178,10x10bet,early
3.9696969696969697,1.445509100996885,0.10616656973828911,10x10bet,early
4.959595959595959,1.4346391754058005,0.10212693906696003,10x10bet,early
5.94949494949495,1.4237991683825781,0.09834154319117427,10x10bet,early
6.939393939393939,1.4129998736848215,0.09483275130941532,10x10bet,early
7.929292929292929,1.402252881534237,0.09161929827596674,10x10bet,early
8.919191919191919,1.391570268751816,0.0887148937757454,10x10bet,early
9.909090909090908,1.3809643119911152,0.08612708793997795,10x10bet,early
10.898989898989898,1.3704472249169874,0.08385652916630354,10x10bet,early
11.888888888888888,1.360030920128442,0.08189672640094772,10x10bet,early
12.878787878787879,1.3497267965357447,0.08023437505975857,10x10bet,early
13.868686868686869,1.3395455527774012,0.07885023072366183,10x10bet,early
14.85858585858586,1.3294970271065674,0.07772043451427323,10x10bet,early
15.848484848484848,1.3195900639935196,0.07681812909791084,10x10bet,early
16.838383838383837,1.3098324074855567,0.07611517076877375,10x10bet,early
17.82828282828283,1.3002306211429666,0.07558374680999698,10x10bet,early
18.818181818181817,1.2907900341351388,0.07519774266808522,10x10bet,early
19.80808080808081,1.2815147128390443,0.07493375728575118,10x10bet,early
20.7979797979798,1.2724074570384405,0.07477172272438648,10x10bet,early
21.787878787878785,1.263469819581248,0.07469513493510127,10x10bet,early
22.77777777777778,1.2547021481193923,0.07469094054922369,10x10bet,early
23.767676767676768,1.2461036473345353,0.07474914889121886,10x10bet,early
24.757575757575758,1.237672459848908,0.07486225086652536,10x10bet,early
25.747474747474747,1.2294057638369207,0.07502452960680892,10x10bet,early
26.737373737373737,1.2212998851932046,0.0752313441093321,10x10bet,early
27.727272727272727,1.2133504219802198,0.07547845821877107,10x10bet,early
28.71717171717172,1.20555237877548,0.07576147426415636,10x10bet,early
29.707070707070706,1.1979003084667883,0.07607541443269494,10x10bet,early
30.696969696969695,1.1903884590051315,0.0764144746926751,10x10bet,early
31.686868686868685,1.1830109226198315,0.0767719572639706,10x10bet,early
32.676767676767675,1.1757617850293793,0.07714036999327223,10x10bet,early
33.666666666666664,1.1686352722436983,0.0775116661704962,10x10bet,early
34.65656565656566,1.1616258926484122,0.07787758757618023,10x10bet,early
35.64646464646465,1.1547285721874045,0.07823006750606697,10x10bet,early
36.63636363636363,1.1479387806147736,0.07856164912871946,10x10bet,early
37.62626262626262,1.1412526469683724,0.07886587718396573,10x10bet,early
38.61616161616161,1.1346670626216033,0.07913762678248697,10x10bet,early
39.60606060606061,1.128179770494683,0.07937334089417128,10x10bet,early
40.5959595959596,1.1217894392475323,0.07957115710001232,10x10bet,early
41.58585858585859,1.1154957215298391,0.07973091362596019,10x10bet,early
42.57575757575757,1.1092992956256253,0.0798540340905188,10x10bet,early
43.56565656565656,1.103201890095682,0.07994329944556818,10x10bet,early
44.55555555555556,1.0972062912869667,0.0800025239875207,10x10bet,early
45.54545454545455,1.09131633384002,0.08003615973578014,10x10bet,early
46.535353535353536,1.0855368745790221,0.08004885948508558,10x10bet,early
47.525252525252526,1.079873750410407,0.08004503290337786,10x10bet,early
48.51515151515151,1.0743337210817738,0.08002843160051337,10x10bet,early
49.505050505050505,1.0689243978596523,0.08000179766405711,10x10bet,early
50.494949494949495,1.0636541593696733,0.07996660552752002,10x10bet,early
51.48484848484849,1.0585320560033842,0.07992291937228158,10x10bet,early
52.474747474747474,1.0535677044303517,0.079869378186082,10x10bet,early
53.46464646464646,1.0487711738607175,0.07980330913266279,10x10bet,early
54.45454545454545,1.0441528657811316,0.07972095830353855,10x10bet,early
55.44444444444444,1.0397233889355928,0.07961781752287764,10x10bet,early
56.43434343434344,1.0354934313418602,0.07948901774747018,10x10bet,early
57.42424242424242,1.031473631124767,0.0793297544518428,10x10bet,early
58.414141414141405,1.0276744479108286,0.07913570846968208,10x10bet,early
59.4040404040404,1.024106036465653,0.07890342692783063,10x10bet,early
60.39393939393939,1.0207781241687544,0.07863063272940414,10x10bet,early
61.38383838383839,1.0176998938119035,0.07831643696469613,10x10bet,early
62.37373737373737,1.0148798730798037,0.07796143610929292,10x10bet,early
63.36363636363637,1.0123258319288886,0.07756768445348053,10x10bet,early
64.35353535353535,1.0100446889244366,0.07713854153931486,10x10bet,early
65.34343434343434,1.0080424274313797,0.07667840414939477,10x10bet,early
66.33333333333333,1.0063240223840586,0.07619234223373701,10x10bet,early
67.32323232323232,1.0048933781880012,0.0756856675738327,10x10bet,early
68.31313131313131,1.0037532781361511,0.07516347225396207,10x10bet,early
69.3030303030303,1.0029053455563295,0.07463018023272319,10x10bet,early
70.2929292929293,1.002350016749296,0.0740891584905719,10x10bet,early
71.28282828282828,1.0020865256305644,0.07354243349743246,10x10bet,early
72.27272727272727,1.002112899856891,0.07299055359326018,10x10bet,early
73.26262626262626,1.002425968102757,0.07243262839062162,10x10bet,early
74.25252525252525,1.0030213780543296,0.07186656326927574,10x10bet,early
75.24242424242425,1.0038936246109766,0.07128949181020616,10x10bet,early
76.23232323232322,1.0050360877280822,0.07069839328660382,10x10bet,early
77.22222222222221,1.0064410793001959,0.07009086765283404,10x10bet,early
78.2121212121212,1.008099898470997,0.06946602787785401,10x10bet,early
79.2020202020202,1.010002894765574,0.06882545917258884,10x10bet,early
80.1919191919192,1.0121395384707625,0.06817418601759448,10x10bet,early
81.18181818181817,1.014498497739155,0.06752157963706898,10x10bet,early
82.17171717171718,1.0170677219607593,0.06688212930664961,10x10bet,early
83.16161616161615,1.0198345310308508,0.06627598993858091,10x10bet,early
84.15151515151514,1.0227857102408595,0.06572920684411529,10x10bet,early
85.14141414141415,1.0259076106292118,0.06527351051334625,10x10bet,early
86.13131313131312,1.0291862547473867,0.06494557770267337,10x10bet,early
87.12121212121212,1.0326074479202803,0.0647856816883737,10x10bet,early
88.1111111111111,1.0361568952060254,0.06483571626793647,10x10bet,early
89.1010101010101,1.0398203243856534,0.06513668035408546,10x10bet,early
90.0909090909091,1.043583615433785,0.06572584185999217,10x10bet,early
91.08080808080807,1.0474329370351152,0.06663392723409206,10x10bet,early
92.07070707070707,1.0513548908142947,0.06788275547404056,10x10bet,early
93.06060606060605,1.0553366640362525,0.06948370687316978,10x10bet,early
94.05050505050505,1.0593661916073718,0.07143727628533154,10x10bet,early
95.04040404040404,1.063432328262343,0.07373374793399788,10x10bet,early
96.03030303030302,1.0675250318552212,0.07635481796452152,10x10bet,early
97.02020202020202,1.071635558683913,0.07927585164328967,10x10bet,early
98.010101010101,1.0757566717637606,0.08246842508124581,10x10bet,early
99.0,1.0798828629264174,0.085902852022476,10x10bet,early
1.0,0.9124584012984187,0.2056622454592085,10x10bet,late
1.9898989898989898,0.9102319876631859,0.19833156787225975,10x10bet,late
2.9797979797979797,0.9080073908411219,0.19115847685275703,10x10bet,late
3.9696969696969697,0.9057889639362042,0.18416434501058485,10x10bet,late
4.959595959595959,0.9035834583991013,0.17737327824808355,10x10bet,late
5.94949494949495,0.9013996233680656,0.1708108519542696,10x10bet,late
6.939393939393939,0.8992478107545285,0.16450282607091282,10x10bet,late
7.929292929292929,0.8971395885734793,0.15847387307376098,10x10bet,late
8.919191919191919,0.8950873653780183,0.15274636554629886,10x10bet,late
9.909090909090908,0.8931040288911264,0.1473392803752686,10x10bet,late
10.898989898989898,0.8912026020410879,0.14226728281273915,10x10bet,late
11.888888888888888,0.8893959196069285,0.1375400534453494,10x10bet,late
12.878787878787879,0.8876963285742063,0.13316191236568817,10x10bet,late
13.868686868686869,0.8861154150983461,0.1291317764248475,10x10bet,late
14.85858585858586,0.8846637606820511,0.1254434580540235,10x10bet,late
15.848484848484848,0.8833507298059573,0.12208628076077815,10x10bet,late
16.838383838383837,0.8821842908188611,0.11904595207123773,10x10bet,late
17.82828282828283,0.8811708714079225,0.1163056054689734,10x10bet,late
18.818181818181817,0.8803152494426374,0.11384690431969574,10x10bet,late
19.80808080808081,0.8796204794322862,0.11165109639190053,10x10bet,late
20.7979797979798,0.8790878542678943,0.10969991802032121,10x10bet,late
21.787878787878785,0.87871690134973,0.10797627001035182,10x10bet,late
22.77777777777778,0.8785054116426233,0.10646461885940296,10x10bet,late
23.767676767676768,0.8784494996663008,0.10515111179270492,10x10bet,late
24.757575757575758,0.8785436919280116,0.1040234277527015,10x10bet,late
25.747474747474747,0.8787810408507238,0.1030704150108816,10x10bet,late
26.737373737373737,0.8791532608516661,0.10228158675654783,10x10bet,late
27.727272727272727,0.8796508828914404,0.10164655719468216,10x10bet,late
28.71717171717172,0.8802634235502804,0.1011545017004121,10x10bet,late
29.707070707070706,0.8809795645008828,0.1007937158056626,10x10bet,late
30.696969696969695,0.8817873381404405,0.10055133069524112,10x10bet,late
31.686868686868685,0.8826743151204423,0.1004132199658196,10x10bet,late
32.676767676767675,0.8836277895719746,0.10036410691956998,10x10bet,late
33.666666666666664,0.8846349579656558,0.10038785713906366,10x10bet,late
34.65656565656566,0.8856830877661946,0.10046792063887418,10x10bet,late
35.64646464646465,0.8867596723374936,0.10058787366943257,10x10bet,late
36.63636363636363,0.8878525689194808,0.10073200316017719,10x10bet,late
37.62626262626262,0.8889501169250895,0.10088587651890814,10x10bet,late
38.61616161616161,0.8900412342866209,0.10103684485193601,10x10bet,late
39.60606060606061,0.891115490105524,0.10117443700472613,10x10bet,late
40.5959595959596,0.8921631524179565,0.10129061351312706,10x10bet,late
41.58585858585859,0.8931752104692099,0.10137986225389621,10x10bet,late
42.57575757575757,0.8941433714816248,0.10143913033724607,10x10bet,late
43.56565656565656,0.8950600324910708,0.1014675989916977,10x10bet,late
44.55555555555556,0.8959182284046373,0.10146631946649869,10x10bet,late
45.54545454545455,0.8967115579851761,0.1014377379873031,10x10bet,late
46.535353535353536,0.8974340899856055,0.10138514613911337,10x10bet,late
47.525252525252526,0.8980802521268757,0.10131209917497574,10x10bet,late
48.51515151515151,0.898644706028561,0.10122184801737973,10x10bet,late
49.505050505050505,0.89912221155161,0.10111683051133515,10x10bet,late
50.494949494949495,0.8995074842914296,0.10099826338717147,10x10bet,late
51.48484848484849,0.8997950501602807,0.10086586837356099,10x10bet,late
52.474747474747474,0.8999791011163658,0.10071775446690194,10x10bet,late
53.46464646464646,0.9000533561301092,0.10055046455073596,10x10bet,late
54.45454545454545,0.9000109314247018,0.10035917982177844,10x10bet,late
55.44444444444444,0.899844223888346,0.10013806144445471,10x10bet,late
56.43434343434344,0.8995448113319838,0.09988069703169061,10x10bet,late
57.42424242424242,0.8991033729621851,0.09958061106716196,10x10bet,late
58.414141414141405,0.8985096330597143,0.09923179384547076,10x10bet,late
59.4040404040404,0.8977523304067205,0.0988292029719394,10x10bet,late
60.39393939393939,0.8968192154977008,0.09836919456059029,10x10bet,late
61.38383838383839,0.8956970770105336,0.09784984737316083,10x10bet,late
62.37373737373737,0.8943717984144057,0.09727115156413828,10x10bet,late
63.36363636363637,0.8928284449623379,0.09663504381959619,10x10bet,late
64.35353535353535,0.8910513806691513,0.095945282013515,10x10bet,late
65.34343434343434,0.889024414223063,0.09520716466718057,10x10bet,late
66.33333333333333,0.8867309721331349,0.09442711310149128,10x10bet,late
67.32323232323232,0.8841542967875207,0.09361214670739605,10x10bet,late
68.31313131313131,0.8812776665009918,0.09276929347132046,10x10bet,late
69.3030303030303,0.8780846340756889,0.0919049877318925,10x10bet,late
70.2929292929293,0.8745592798972783,0.09102451383394766,10x10bet,late
71.28282828282828,0.8706864751491132,0.09013155657832946,10x10bet,late
72.27272727272727,0.8664521503581903,0.08922791611652665,10x10bet,late
73.26262626262626,0.8618435641958142,0.08831343581024755,10x10bet,late
74.25252525252525,0.8568495672484795,0.08738617705266341,10x10bet,late
75.24242424242425,0.851460855354782,0.08644285653779715,10x10bet,late
76.23232323232322,0.8456702070745181,0.08547954105239611,10x10bet,late
77.22222222222221,0.8394726999171037,0.08449257481435818,10x10bet,late
78.2121212121212,0.832865900107146,0.08347969651760831,10x10bet,late
79.2020202020202,0.8258500209023695,0.08244128840066502,10x10bet,late
80.1919191919192,0.8184280447986211,0.08138168737790241,10x10bet,late
81.18181818181817,0.8106058053522683,0.08031047686122152,10x10bet,late
82.17171717171718,0.8023920248137496,0.07924366488180055,10x10bet,late
83.16161616161615,0.7937983042887252,0.07820463717677317,10x10bet,late
84.15151515151514,0.7848390637139301,0.07722475235680769,10x10bet,late
85.14141414141415,0.7755314295425483,0.07634342321098196,10x10bet,late
86.13131313131312,0.7658950686654482,0.07560751301636565,10x10bet,late
87.12121212121212,0.7559519677371517,0.0750698858374402,10x10bet,late
88.1111111111111,0.7457261577148053,0.07478700908397526,10x10bet,late
89.1010101010101,0.7352433840405265,0.07481563657455477,10x10bet,late
90.0909090909091,0.7245307234883676,0.07520880258778842,10x10bet,late
91.08080808080807,0.713616149242175,0.07601159306698976,10x10bet,late
92.07070707070707,0.7025280462564412,0.07725734456538064,10x10bet,late
93.06060606060605,0.6912946793652991,0.0789649532405685,10x10bet,late
94.05050505050505,0.6799436169325567,0.08113779846774116,10x10bet,late
95.04040404040404,0.6685011130662046,0.08376443924899317,10x10bet,late
96.03030303030302,0.656991451543431,0.08682085736875736,10x10bet,late
97.02020202020202,0.6454362545967933,0.09027374587139213,10x10bet,late
98.010101010101,0.6338537595901368,0.09408425381268298,10x10bet,late
99.0,0.622258066356205,0.09821168086082324,10x10bet,late
1.0,0.7488358076399686,0.1164369920585067,Pinnacle,early
1.9898989898989898,0.7483575367791978,0.11500249356380231,Pinnacle,early
2.9797979797979797,0.7478792629264943,0.11357345954499291,Pinnacle,early
3.9696969696969697,0.7474009828170254,0.11215009984727495,Pinnacle,early
4.959595959595959,0.7469226921808446,0.11073263315590258,Pinnacle,early
5.94949494949495,0.7464443858928045,0.10932128683476597,Pinnacle,early
6.939393939393939,0.7459660581130166,0.10791629692128554,Pinnacle,early
7.929292929292929,0.7454877024181902,0.10651790829076005,Pinnacle,early
8.919191919191919,0.7450093119241941,0.10512637499816765,Pinnacle,early
9.909090909090908,0.7445308794001843,0.10374196079895874,Pinnacle,early
10.898989898989898,0.744052397374643,0.1023649398432818,Pinnacle,early
11.888888888888888,0.7435738582336588,0.1009955975310056,Pinnacle,early
12.878787878787879,0.743095254311774,0.09963423150843616,Pinnacle,early
13.868686868686869,0.7426165779757,0.09828115278228282,Pinnacle,early
14.85858585858586,0.742137821701188,0.0969366869226021,Pinnacle,early
15.848484848484848,0.741658978143312,0.09560117532440858,Pinnacle,early
16.838383838383837,0.7411800402004007,0.09427497649751251,Pinnacle,early
17.82828282828283,0.7407010010718248,0.0929584673559072,Pinnacle,early
18.818181818181817,0.7402218543098177,0.09165204448151731,Pinnacle,early
19.80808080808081,0.7397425938654841,0.09035612534204708,Pinnacle,early
20.7979797979798,0.7392632141291173,0.08907114944862626,Pinnacle,early
21.787878787878785,0.7387837099649301,0.0877975794454701,Pinnacle,early
22.77777777777778,0.7383040767402749,0.08653590213031237,Pinnacle,early
23.767676767676768,0.7378243103494168,0.08528662941040269,Pinnacle,early
24.757575757575758,0.7373444072319038,0.08405029920386752,Pinnacle,early
25.747474747474747,0.7368643643855752,0.08282747629976552,Pinnacle,early
26.737373737373737,0.7363841793742396,0.08161875319186539,Pinnacle,early
27.727272727272727,0.7359038503300606,0.08042475090079639,Pinnacle,early
28.71717171717172,0.7354233759506935,0.07924611979666525,Pinnacle,early
29.707070707070706,0.7349427554912318,0.07808354042953876,Pinnacle,early
30.696969696969695,0.7344619887510395,0.07693772436854424,Pinnacle,early
31.686868686868685,0.733981076055575,0.07580941504205924,Pinnacle,early
32.676767676767675,0.7335000182333377,0.07469938856198009,Pinnacle,early
33.666666666666664,0.7330188165881111,0.07360845450489835,Pinnacle,early
34.65656565656566,0.7325374728667097,0.07253745661275017,Pinnacle,early
35.64646464646465,0.732055989222486,0.07148727336573286,Pinnacle,early
36.63636363636363,0.7315743681748968,0.07045881837158334,Pinnacle,early
37.62626262626262,0.73109261256548,0.0694530405082127,Pinnacle,early
38.61616161616161,0.7306107255106382,0.06847092375163748,Pinnacle,early
39.60606060606061,0.7301287103516781,0.06751348661847964,Pinnacle,early
40.5959595959596,0.7296465706026,0.06658178115224997,Pinnacle,early
41.58585858585859,0.7291643098961748,0.06567689138527819,Pinnacle,early
42.57575757575757,0.7286819319288942,0.06479993121348651,Pinnacle,early
43.56565656565656,0.7281994404054055,0.06395204162908937,Pinnacle,early
44.55555555555556,0.7277168389830828,0.06313438726652419,Pinnacle,early
45.54545454545455,0.727234131217402,0.06234815222919549,Pinnacle,early
46.535353535353536,0.7267513205088111,0.061594535178632046,Pinnacle,early
47.525252525252526,0.7262684100517839,0.060874743683092744,Pinnacle,early
48.51515151515151,0.7257854027867556,0.06018998783919902,Pinnacle,early
49.505050505050505,0.7253023013556134,0.05954147319753616,Pinnacle,early
50.494949494949495,0.7248191080614074,0.05893039304109778,Pinnacle,early
51.48484848484849,0.724335824832902,0.05835792008371359,Pinnacle,early
52.474747474747474,0.7238524531945563,0.05782519767396657,Pinnacle,early
53.46464646464646,0.7233689942424596,0.05733333060831393,Pinnacle,early
54.45454545454545,0.7228854486266965,0.05688337567485223,Pinnacle,early
55.44444444444444,0.7224018165405325,0.056476332065994506,Pinnacle,early
56.43434343434344,0.7219180977167441,0.05611313181371317,Pinnacle,early
57.42424242424242,0.7214342914313157,0.0557946304142717,Pinnacle,early
58.414141414141405,0.7209503965146449,0.05552159781971377,Pinnacle,early
59.4040404040404,0.7204664113702873,0.05529470997990676,Pinnacle,early
60.39393939393939,0.7199823340011748,0.055114541120718126,Pinnacle,early
61.38383838383839,0.7194981620431313,0.05498155694006688,Pinnacle,early
62.37373737373737,0.7190138928054028,0.054896108893423896,Pinnacle,early
63.36363636363637,0.7185295233178136,0.05485842972338621,Pinnacle,early
64.35353535353535,0.7180450503840493,0.05486863036413808,Pinnacle,early
65.34343434343434,0.7175604706404701,0.05492669832129016,Pinnacle,early
66.33333333333333,0.717075780619757,0.05503249759158774,Pinnacle,early
67.32323232323232,0.7165909768186037,0.05518577014658877,Pinnacle,early
68.31313131313131,0.7161060557685821,0.05538613896132412,Pinnacle,early
69.3030303030303,0.7156210141092381,0.0556331125251477,Pinnacle,early
70.2929292929293,0.7151358486624032,0.05592609072959224,Pinnacle,early
71.28282828282828,0.7146505565066653,0.0562643719891811,Pinnacle,early
72.27272727272727,0.7141651350508867,0.0566471614177449,Pinnacle,early
73.26262626262626,0.713679582105645,0.05707357985646635,Pinnacle,early
74.25252525252525,0.713193895951441,0.05754267353180578,Pinnacle,early
75.24242424242425,0.7127080754025328,0.058053424112319445,Pinnacle,early
76.23232323232322,0.7122221198652499,0.05860475893331599,Pinnacle,early
77.22222222222221,0.7117360293896822,0.05919556116694583,Pinnacle,early
78.2121212121212,0.7112498047136635,0.05982467973187023,Pinnacle,early
79.2020202020202,0.7107634472980293,0.06049093875993462,Pinnacle,early
80.1919191919192,0.7102769593521813,0.06119314646582992,Pinnacle,early
81.18181818181817,0.7097903438490719,0.061930103297955674,Pinnacle,early
82.17171717171718,0.7093036045287947,0.0627006092829339,Pinnacle,early
83.16161616161615,0.70881674589006,0.06350347051081805,Pinnacle,early
84.15151515151514,0.7083297731689295,0.06433750474147039,Pinnacle,early
85.14141414141415,0.7078426923042782,0.0652015461434814,Pinnacle,early
86.13131313131312,0.707355509889562,0.06609444920423566,Pinnacle,early
87.12121212121212,0.70686823311056,0.06701509187240906,Pinnacle,early
88.1111111111111,0.7063808696688747,0.0679623780116972,Pinnacle,early
89.1010101010101,0.7058934276910565,0.06893523925660285,Pinnacle,early
90.0909090909091,0.7054059156233247,0.06993263636760355,Pinnacle,early
91.08080808080807,0.7049183421119313,0.07095356018420863,Pinnacle,early
92.07070707070707,0.7044307158692958,0.07199703227076662,Pinnacle,early
93.06060606060605,0.7039430455260991,0.07306210534209646,Pinnacle,early
94.05050505050505,0.7034553394695792,0.07414786354495845,Pinnacle,early
95.04040404040404,0.7029676056683035,0.0752534226580673,Pinnacle,early
96.03030303030302,0.7024798514837163,0.07637793025888648,Pinnacle,early
97.02020202020202,0.7019920834687553,0.07752056589098177,Pinnacle,early
98.010101010101,0.7015043071538202,0.07868054125241021,Pinnacle,early
99.0,0.7010165268203292,0.07985710041459533,Pinnacle,early
1.0,1.6714681266633211,0.28234655292791294,Pinnacle,late
1.9898989898989898,1.6477662764007635,0.2669342040718445,Pinnacle,late
2.9797979797979797,1.6240632957238321,0.25182453968564444,Pinnacle,late
3.9696969696969697,1.6003539116903913,0.2370859430240845,Pinnacle,late
4.959595959595959,1.576628804575477,0.2228063142607878,Pinnacle,late
5.94949494949495,1.5528760565254827,0.20908944633944193,Pinnacle,late
6.939393939393939,1.5290825212763821,0.19605068422198904,Pinnacle,late
7.929292929292929,1.5052350922607163,0.18381161687269862,Pinnacle,late
8.919191919191919,1.4813218664331949,0.17249349551055468,Pinnacle,late
9.909090909090908,1.457333200615588,0.16220916992057663,Pinnacle,late
10.898989898989898,1.4332626568904954,0.15305362627234922,Pinnacle,late
11.888888888888888,1.4091078335454852,0.14509375670025673,Pinnacle,late
12.878787878787879,1.384871078266395,0.13835873631373197,Pinnacle,late
13.868686868686869,1.3605600806818425,0.13283305627174047,Pinnacle,late
14.85858585858586,1.3361883419504816,0.12845440162311716,Pinnacle,late
15.848484848484848,1.31177551983568,0.12511778394576237,Pinnacle,late
16.838383838383837,1.2873476486062896,0.12268572534052524,Pinnacle,late
17.82828282828283,1.2629372341129903,0.12100252804145736,Pinnacle,late
18.818181818181817,1.2385832254917633,0.11990963159723375,Pinnacle,late
19.80808080808081,1.214330866114766,0.11925918407561069,Pinnacle,late
20.7979797979798,1.190231427617396,0.11892395935141972,Pinnacle,late
21.787878787878785,1.1663418320541743,0.11880299211781332,Pinnacle,late
22.77777777777778,1.1427241684492007,0.11882325218498273,Pinnacle,late
23.767676767676768,1.1194451111851198,0.11893816466377322,Pinnacle,late
24.757575757575758,1.0965752487946352,0.11912389482142824,Pinnacle,late
25.747474747474747,1.0741883327586772,0.11937423464379648,Pinnacle,late
26.737373737373737,1.0523604568550027,0.119694795963717,Pinnacle,late
27.727272727272727,1.031169178422422,0.12009710360324387,Pinnacle,late
28.71717171717172,1.0106925935930473,0.12059310244911278,Pinnacle,late
29.707070707070706,0.9910083790845708,0.1211905227006011,Pinnacle,late
30.696969696969695,0.9721928135260143,0.12188945803393585,Pinnacle,late
31.686868686868685,0.9543197915057269,0.12268038394044584,Pinnacle,late
32.676767676767675,0.9374598435748209,0.12354368139601735,Pinnacle,late
33.666666666666664,0.921679175310598,0.12445055827078659,Pinnacle,late
34.65656565656566,0.9070387382439612,0.12536511119776383,Pinnacle,late
35.64646464646465,0.8935933449860157,0.12624717254741563,Pinnacle,late
36.63636363636363,0.881390840258957,0.12705555300593596,Pinnacle,late
37.62626262626262,0.8704713387538605,0.12775131373251583,Pinnacle,late
38.61616161616161,0.8608665398153061,0.1283007640882892,Pinnacle,late
39.60606060606061,0.8525991279035354,0.12867795886832709,Pinnacle,late
40.5959595959596,0.8456822666251288,0.12886654441646248,Pinnacle,late
41.58585858585859,0.8401191928708123,0.12886086549671266,Pinnacle,late
42.57575757575757,0.835902916272347,0.1286662918347019,Pinnacle,late
43.56565656565656,0.8330160278099075,0.12829875821435324,Pinnacle,late
44.55555555555556,0.8314306199875108,0.12778354156896846,Pinnacle,late
45.54545454545455,0.831108319567328,0.12715333014675836,Pinnacle,late
46.535353535353536,0.8320004324352966,0.12644567978399857,Pinnacle,late
47.525252525252526,0.8340481987802415,0.12570000344773063,Pinnacle,late
48.51515151515151,0.8371831554264904,0.12495430000004892,Pinnacle,late
49.505050505050505,0.8413276008839582,0.12424188735213522,Pinnacle,late
50.494949494949495,0.8463951574867776,0.12358844837020237,Pinnacle,late
51.48484848484849,0.8522914238972175,0.12300970691487281,Pinnacle,late
52.474747474747474,0.8589147102688479,0.12251001187887468,Pinnacle,late
53.46464646464646,0.8661568475032411,0.12208201583420852,Pinnacle,late
54.45454545454545,0.8739040613064142,0.1217075042699305,Pinnacle,late
55.44444444444444,0.8820379011616393,0.12135928735224509,Pinnacle,late
56.43434343434344,0.8904362138878175,0.12100393968383676,Pinnacle,late
57.42424242424242,0.8989741511490388,0.12060508951627276,Pinnacle,late
58.414141414141405,0.9075252001203421,0.12012692772045709,Pinnacle,late
59.4040404040404,0.9159622264934921,0.119537623147632,Pinnacle,late
60.39393939393939,0.9241585191194628,0.11881237850769068,Pinnacle,late
61.38383838383839,0.931988825823246,0.1179359200877255,Pinnacle,late
62.37373737373737,0.939330370282133,0.11690426962087658,Pinnacle,late
63.36363636363637,0.9460638403190529,0.11572568868878176,Pinnacle,late
64.35353535353535,0.952074338515593,0.1144207144359383,Pinnacle,late
65.34343434343434,0.9572522866801937,0.11302122630752985,Pinnacle,late
66.33333333333333,0.9614942764015433,0.11156850855198573,Pinnacle,late
67.32323232323232,0.9647038586591794,0.1101103170073577,Pinnacle,late
68.31313131313131,0.9667922662376198,0.10869703524267219,Pinnacle,late
69.3030303030303,0.9676790634808179,0.10737712163806032,Pinnacle,late
70.2929292929293,0.9672927187150577,0.10619219746518858,Pinnacle,late
71.28282828282828,0.9655710954460277,0.10517227633863685,Pinnacle,late
72.27272727272727,0.9624618591856077,0.10433173653899125,Pinnacle,late
73.26262626262626,0.9579227974732645,0.10366663355028309,Pinnacle,late
74.25252525252525,0.9519220513146465,0.10315380796375183,Pinnacle,late
75.24242424242425,0.9444382568560645,0.10275198064712604,Pinnacle,late
76.23232323232322,0.9354605966399989,0.10240471291044018,Pinnacle,late
77.22222222222221,0.9249887602375052,0.10204483943226209,Pinnacle,late
78.2121212121212,0.913032814423725,0.10159983138758792,Pinnacle,late
79.2020202020202,0.8996129833507552,0.10099754036432607,Pinnacle,late
80.1919191919192,0.884759339376537,0.10017188167422948,Pinnacle,late
81.18181818181817,0.8685114053317777,0.0990681820422097,Pinnacle,late
82.17171717171718,0.8509176690509439,0.09764808595072298,Pinnacle,late
83.16161616161615,0.832035010964129,0.09589404914121175,Pinnacle,late
84.15151515151514,0.8119280454495282,0.09381352604065123,Pinnacle,late
85.14141414141415,0.7906683764894564,0.09144296434023491,Pinnacle,late
86.13131313131312,0.7683337679648305,0.08885162695818755,Pinnacle,late
87.12121212121212,0.7450072286728925,0.08614501443612406,Pinnacle,late
88.1111111111111,0.7207760118718233,0.08346717606339077,Pinnacle,late
89.1010101010101,0.6957305288532534,0.08100040861758702,Pinnacle,late
90.0909090909091,0.6699631757304991,0.07895985183353009,Pinnacle,late
91.08080808080807,0.6435670723171887,0.07757988004079912,Pinnacle,late
92.07070707070707,0.6166347116674005,0.07709024951560496,Pinnacle,late
93.06060606060605,0.5892565185635685,0.07768405672380388,Pinnacle,late
94.05050505050505,0.5615193149820366,0.07948592379606242,Pinnacle,late
95.04040404040404,0.533504690342802,0.08253272034598853,Pinnacle,late
96.03030303030302,0.5052872741696344,0.08677521455622554,Pinnacle,late
97.02020202020202,0.4769329086502627,0.09209875260990977,Pinnacle,late
98.010101010101,0.44849671850043027,0.09835281421934403,Pinnacle,late
99.0,0.4200210755004141,0.10537883977599868,Pinnacle,late
1.0,0.8162711382058437,0.10701547681029001,ComeOn,early
1.9898989898989898,0.8183349681850817,0.1055924117186777,ComeOn,early
2.9797979797979797,0.8203987972377905,0.10417583930488213,ComeOn,early
3.9696969696969697,0.8224626243622692,0.10276602914821294,ComeOn,early
4.959595959595959,0.8245264482881768,0.1013632640186408,ComeOn,early
5.94949494949495,0.8265902675484118,0.09996784020440427,ComeOn,early
6.939393939393939,0.8286540805457927,0.09858006795466724,ComeOn,early
7.929292929292929,0.8307178856145616,0.09720027204634787,ComeOn,early
8.919191919191919,0.8327816810767199,0.09582879248119539,ComeOn,early
9.909090909090908,0.8348454652932107,0.09446598531526798,ComeOn,early
10.898989898989898,0.8369092367099517,0.0931122236185539,ComeOn,early
11.888888888888888,0.8389729938987388,0.09176789855795424,ComeOn,early
12.878787878787879,0.8410367355930418,0.09043342059255677,ComeOn,early
13.868686868686869,0.8431004607187245,0.08910922076636921,ComeOn,early
14.85858585858586,0.8451641684197423,0.08779575208068664,ComeOn,early
15.848484848484848,0.8472278580788799,0.0864934909261976,ComeOn,early
16.838383838383837,0.849291529333612,0.08520293855386579,ComeOn,early
17.82828282828283,0.8513551820871927,0.08392462256355017,ComeOn,early
18.818181818181817,0.8534188165150989,0.0826590983901463,ComeOn,early
19.80808080808081,0.8554824330669726,0.08140695076857488,ComeOn,early
20.7979797979798,0.8575460324642352,0.080168795160962,ComeOn,early
21.787878787878785,0.8596096156935648,0.07894527913155705,ComeOn,early
22.77777777777778,0.8616731839964539,0.07773708365698863,ComeOn,early
23.767676767676768,0.8637367388550841,0.07654492436102939,ComeOn,early
24.757575757575758,0.8658002819747789,0.07536955266380342,ComeOn,early
25.747474747474747,0.8678638152633132,0.07421175683503815,ComeOn,early
26.737373737373737,0.8699273408073793,0.07307236293931255,ComeOn,early
27.727272727272727,0.8719908608465243,0.07195223565813828,ComeOn,early
28.71717171717172,0.8740543777448916,0.07085227896908637,ComeOn,early
29.707070707070706,0.87611789396111,0.06977343665609724,ComeOn,early
30.696969696969695,0.8781814120166852,0.06871669261777118,ComeOn,early
31.686868686868685,0.8802449344632599,0.06768307093212295,ComeOn,early
32.676767676767675,0.8823084638491074,0.06667363562741307,ComeOn,early
33.666666666666664,0.884372002685236,0.06568949009975626,ComeOn,early
34.65656565656566,0.8864355534114712,0.06473177610986132,ComeOn,early
35.64646464646465,0.8884991183628915,0.06380167228415583,ComeOn,early
36.63636363636363,0.8905626997369739,0.06290039204041527,ComeOn,early
37.62626262626262,0.8926262995618109,0.0620291808555921,ComeOn,early
38.61616161616161,0.8946899196657393,0.061189312794546424,ComeOn,early
39.60606060606061,0.8967535616487083,0.060382086223484205,ComeOn,early
40.5959595959596,0.8988172268557036,0.059608818641678586,ComeOn,early
41.58585858585859,0.9008809163525141,0.05887084057990282,ComeOn,early
42.57575757575757,0.9029446309041151,0.0581694885341621,ComeOn,early
43.56565656565656,0.9050083709559125,0.0575060969287429,ComeOn,early
44.55555555555556,0.9070721366180636,0.056881989132968505,ComeOn,early
45.54545454545455,0.9091359276530702,0.056298467590673223,ComeOn,early
46.535353535353536,0.9111997434667968,0.0557568031592232,ComeOn,early
47.525252525252526,0.9132635831030482,0.05525822379446349,ComeOn,early
48.51515151515151,0.9153274452417959,0.05480390275743755,ComeOn,early
49.505050505050505,0.9173913282011176,0.05439494655597197,ComeOn,early
50.494949494949495,0.9194552299428737,0.0540323828669062,ComeOn,early
51.48484848484849,0.9215191480821137,0.05371714871047198,ComeOn,early
52.474747474747474,0.923583079900167,0.0534500791648169,ComeOn,early
53.46464646464646,0.925647022361339,0.053231896913985326,ComeOn,early
54.45454545454545,0.9277109721331002,0.05306320291543746,ComeOn,early
55.44444444444444,0.929774925609619,0.052944468452772016,ComeOn,early
56.43434343434344,0.9318388789384603,0.05287602880597913,ComeOn,early
57.42424242424242,0.9339028280502342,0.05285807872649774,ComeOn,early
58.414141414141405,0.9359667686909577,0.05289066984971481,ComeOn,early
59.4040404040404,0.9380306964568565,0.05297371011622838,ComeOn,early
60.39393939393939,0.9400946068313095,0.05310696520865474,ComeOn,early
61.38383838383839,0.9421584952236185,0.05329006194668731,ComeOn,early
62.37373737373737,0.9442223570092577,0.05352249352312022,ComeOn,early
63.36363636363637,0.9462861875712437,0.053803626410829176,ComeOn,early
64.35353535353535,0.9483499823422464,0.05413270872777895,ComeOn,early
65.34343434343434,0.9504137368470478,0.05450887981566251,ComeOn,early
66.33333333333333,0.952477446744949,0.05493118076849734,ComeOn,early
67.32323232323232,0.9545411078717102,0.05539856564022923,ComeOn,early
68.31313131313131,0.95660471628061,0.0559099130641539,ComeOn,early
69.3030303030303,0.9586682682822051,0.05646403803019212,ComeOn,early
70.2929292929293,0.9607317604823725,0.05705970358679774,ComeOn,early
71.28282828282828,0.962795189818222,0.05769563226043516,ComeOn,early
72.27272727272727,0.9648585535914687,0.05837051701507724,ComeOn,early
73.26262626262626,0.9669218494988716,0.059083031605188366,ComeOn,early
74.25252525252525,0.9689850756593504,0.05983184020662416,ComeOn,early
75.24242424242425,0.9710482306374101,0.06061560623960339,ComeOn,early
76.23232323232322,0.9731113134625177,0.06143300032555882,ComeOn,early
77.22222222222221,0.9751743236440978,0.062282707344747244,ComeOn,early
78.2121212121212,0.9772372611818316,0.06316343258375678,ComeOn,early
79.2020202020202,0.9793001265709651,0.06407390698145998,ComeOn,early
80.1919191919192,0.9813629208023621,0.06501289149861869,ComeOn,early
81.18181818181817,0.9834256453570555,0.0659791806504158,ComeOn,early
82.17171717171718,0.9854883021950815,0.06697160525285725,ComeOn,early
83.16161616161615,0.9875508937384045,0.06798903444341971,ComeOn,early
84.15151515151514,0.9896134228477695,0.06903037704365425,ComeOn,early
85.14141414141415,0.9916758927933425,0.07009458233678449,ComeOn,early
86.13131313131312,0.9937383072190279,0.07118064033672272,ComeOn,early
87.12121212121212,0.9958006701003781,0.07228758162640668,ComeOn,early
88.1111111111111,0.9978629856960259,0.07341447684297288,ComeOn,early
89.1010101010101,0.9999252584926088,0.07456043588508343,ComeOn,early
90.0909090909091,1.0019874931431554,0.0757246069138039,ComeOn,early
91.08080808080807,1.0040496943989397,0.07690617521293355,ComeOn,early
92.07070707070707,1.006111867034813,0.07810436196781613,ComeOn,early
93.06060606060605,1.0081740157680414,0.07931842301368038,ComeOn,early
94.05050505050505,1.0102361451706816,0.08054764759580264,ComeOn,early
95.04040404040404,1.0122982595755416,0.08179135717463723,ComeOn,early
96.03030303030302,1.0143603629757605,0.08304890429995226,ComeOn,early
97.02020202020202,1.0164224589180522,0.08431967156940055,ComeOn,early
98.010101010101,1.0184845503896403,0.08560307067931644,ComeOn,early
99.0,1.0205466396989025,0.08689854156932862,ComeOn,early
1.0,1.089201965435016,0.15924936308767643,ComeOn,late
1.9898989898989898,1.0874638622259083,0.1571771875418841,ComeOn,late
2.9797979797979797,1.0857257587623157,0.1551119261684887,ComeOn,late
3.9696969696969697,1.083987652198655,0.15305386353378203,ComeOn,late
4.959595959595959,1.0822495347749943,0.15100330400424108,ComeOn,late
5.94949494949495,1.0805113939146038,0.14896056826907736,ComeOn,late
6.939393939393939,1.0787732126356857,0.14692598969428786,ComeOn,late
7.929292929292929,1.0770349699434014,0.1448999113306581,ComeOn,late
8.919191919191919,1.0752966412037037,0.14288268366360973,ComeOn,late
9.909090909090908,1.0735581985007296,0.14087466317597738,ComeOn,late
10.898989898989898,1.071819610979597,0.13887621176656675,ComeOn,late
11.888888888888888,1.0700808451764885,0.13688769703154383,ComeOn,late
12.878787878787879,1.068341865337874,0.13490949337632185,ComeOn,late
13.868686868686869,1.066602633730638,0.13294198388644077,ComeOn,late
14.85858585858586,1.064863110944746,0.13098556285044285,ComeOn,late
15.848484848484848,1.0631232561898893,0.1290406387988891,ComeOn,late
16.838383838383837,1.061383027587339,0.12710763790374213,ComeOn,late
17.82828282828283,1.059642382457975,0.1251870075729038,ComeOn,late
18.818181818181817,1.0579012776071712,0.12327922007643244,ComeOn,late
19.80808080808081,1.05615966960693,0.12138477605371825,ComeOn,late
20.7979797979798,1.0544175150753374,0.11950420777366356,ComeOn,late
21.787878787878785,1.0526747709531001,0.11763808205095438,ComeOn,late
22.77777777777778,1.0509313947766168,0.11578700275845877,ComeOn,late
23.767676767676768,1.0491873449467435,0.11395161291584084,ComeOn,late
24.757575757575758,1.0474425809921284,0.1121325963745929,ComeOn,late
25.747474747474747,1.0456970638257441,0.11033067915679164,ComeOn,late
26.737373737373737,1.0439507559930277,0.10854663053611115,ComeOn,late
27.727272727272727,1.0422036219098554,0.10678126397250284,ComeOn,late
28.71717171717172,1.0404556280884394,0.10503543802459904,ComeOn,late
29.707070707070706,1.0387067433491382,0.10331005736514455,ComeOn,late
30.696969696969695,1.0369569390161348,0.10160607401425396,ComeOn,late
31.686868686868685,1.0352061890949331,0.09992448888351516,ComeOn,late
32.676767676767675,1.0334544704296795,0.09826635369220856,ComeOn,late
33.666666666666664,1.0317017628384348,0.0966327732772094,ComeOn,late
34.65656565656566,1.0299480492246598,0.09502490827309049,ComeOn,late
35.64646464646465,1.0281933156633967,0.09344397809155401,ComeOn,late
36.63636363636363,1.0264375514608621,0.09189126408277891,ComeOn,late
37.62626262626262,1.0246807491864611,0.0903681127187207,ComeOn,late
38.61616161616161,1.0229229046765482,0.08887593860270955,ComeOn,late
39.60606060606061,1.0211640170096021,0.08741622708324996,ComeOn,late
40.5959595959596,1.0194040884528615,0.08599053623446534,ComeOn,late
41.58585858585859,1.01764312438084,0.08460049796212471,ComeOn,late
42.57575757575757,1.0158811331665367,0.08324781800277513,ComeOn,late
43.56565656565656,1.0141181260465435,0.08193427460351053,ComeOn,late
44.55555555555556,1.0123541169616357,0.0806617156999231,ComeOn,late
45.54545454545455,1.0105891223747954,0.07943205444779752,ComeOn,late
46.535353535353536,1.0088231610689602,0.0782472630077107,ComeOn,late
47.525252525252526,1.0070562539271073,0.07710936452830086,ComeOn,late
48.51515151515151,1.0052884236975503,0.07602042332106476,ComeOn,late
49.505050505050505,1.0035196947475737,0.07498253326493894,ComeOn,late
50.494949494949495,1.0017500928086995,0.07399780452097504,ComeOn,late
51.48484848484849,0.9999796447170363,0.07306834867517938,ComeOn,late
52.474747474747474,0.9982083781522233,0.07219626246088912,ComeOn,late
53.46464646464646,0.9964363213785175,0.0713836102415021,ComeOn,late
54.45454545454545,0.9946635029915304,0.07063240546120492,ComeOn,late
55.44444444444444,0.9928899516740335,0.0699445912971953,ComeOn,late
56.43434343434344,0.991115695964093,0.06932202077347327,ComeOn,late
57.42424242424242,0.9893407640385975,0.06876643662495142,ComeOn,late
58.414141414141405,0.9875651835149738,0.06827945123202728,ComeOn,late
59.4040404040404,0.9857889812735876,0.06786252697938575,ComeOn,late
60.39393939393939,0.9840121833029674,0.06751695742682094,ComeOn,late
61.38383838383839,0.9822348145696084,0.06724384971106039,ComeOn,late
62.37373737373737,0.9804568989136895,0.06704410862150685,ComeOn,late
63.36363636363637,0.9786784589715927,0.06691842280428038,ComeOn,late
64.35353535353535,0.9768995161256581,0.06686725354262302,ComeOn,late
65.34343434343434,0.975120090481134,0.06689082653297199,ComeOn,late
66.33333333333333,0.9733402008698169,0.06698912702164506,ComeOn,late
67.32323232323232,0.9715598648794098,0.0671618985861355,ComeOn,late
68.31313131313131,0.9697790989071838,0.06740864573913637,ComeOn,late
69.3030303030303,0.9679979182361049,0.0677286404070107,ComeOn,late
70.2929292929293,0.9662163371311903,0.06812093219438627,ComeOn,late
71.28282828282828,0.9644343689535079,0.0685843622016275,ComeOn,late
72.27272727272727,0.9626520262889152,0.06911758002184934,ComeOn,late
73.26262626262626,0.9608693210883683,0.06971906341857828,ComeOn,late
74.25252525252525,0.9590862648164212,0.07038714008280296,ComeOn,late
75.24242424242425,0.9573028686043729,0.07112001079581248,ComeOn,late
76.23232323232322,0.9555191434044239,0.07191577328630788,ComeOn,late
77.22222222222221,0.9537351001411609,0.07277244606853155,ComeOn,late
78.2121212121212,0.9519507498567007,0.07368799158170049,ComeOn,late
79.2020202020202,0.9501661038459064,0.07466033801660958,ComeOn,late
80.1919191919192,0.9483811737782128,0.07568739930775953,ComeOn,late
81.18181818181817,0.9465959718027804,0.07676709288227501,ComeOn,late
82.17171717171718,0.9448105106339292,0.07789735488294908,ComeOn,late
83.16161616161615,0.943024803614068,0.07907615271445816,ComeOn,late
84.15151515151514,0.9412388647516521,0.08030149489182807,ComeOn,late
85.14141414141415,0.939452708732022,0.081571438291869,ComeOn,late
86.13131313131312,0.9376663508993541,0.0828840930157028,ComeOn,late
87.12121212121212,0.9358798072083041,0.08423762515895748,ComeOn,late
88.1111111111111,0.9340930941443134,0.08563025785225259,ComeOn,late
89.1010101010101,0.9323062286119167,0.08706027097617576,ComeOn,late
90.0909090909091,0.9305192277907444,0.08852599997139868,ComeOn,late
91.08080808080807,0.9287321089592582,0.09002583415666006,ComeOn,late
92.07070707070707,0.9269448892865629,0.09155821493714615,ComeOn,late
93.06060606060605,0.9251575855929065,0.0931216342366451,ComeOn,late
94.05050505050505,0.9233702140797119,0.09471463342309289,ComeOn,late
95.04040404040404,0.9215827900301448,0.0963358029239421,ComeOn,late
96.03030303030302,0.9197953274813471,0.09798378265092206,ComeOn,late
97.02020202020202,0.9180078388694963,0.09965726327926107,ComeOn,late
98.010101010101,0.916220334648839,0.10135498836040789,ComeOn,late
99.0,0.9144328228857334,0.10307575719561315,ComeOn,late
1.0,1.3967515781194197,0.136280642927494,Betway,early
1.9898989898989898,1.386974967620848,0.13164569751804775,Betway,early
2.9797979797979797,1.3771945525197564,0.12716313484248926,Betway,early
3.9696969696969697,1.367406163440941,0.12285111622786545,Betway,early
4.959595959595959,1.3576045488575992,0.11872850446266972,Betway,early
5.94949494949495,1.347783720875693,0.11481387144371569,Betway,early
6.939393939393939,1.337937281588364,0.11112450772770974,Betway,early
7.929292929292929,1.32805872896784,0.10767547726040697,Betway,early
8.919191919191919,1.318141741142125,0.1044787705658675,Betway,early
9.909090909090908,1.3081804378454418,0.10154261502901042,Betway,early
10.898989898989898,1.2981696178310618,0.09887099906628828,Betway,early
11.888888888888888,1.2881049710887513,0.09646345603581247,Betway,early
12.878787878787879,1.2779832648119533,0.09431513335667657,Betway,early
13.868686868686869,1.2678025022076191,0.09241714445230086,Betway,early
14.85858585858586,1.2575620534283247,0.09075717009145787,Betway,early
15.848484848484848,1.247262758126802,0.08932024720496066,Betway,early
16.838383838383837,1.2369069993814104,0.0880896629142784,Betway,early
17.82828282828283,1.2264987490112131,0.08704786315389587,Betway,early
18.818181818181817,1.21604358458523,0.0861772899193557,Betway,early
19.80808080808081,1.2055486787256486,0.08546107699528795,Betway,early
20.7979797979798,1.1950227616033702,0.08488355720312143,Betway,early
21.787878787878785,1.1844760578198636,0.0844305602614777,Betway,early
22.77777777777778,1.1739201991562251,0.08408950524568896,Betway,early
23.767676767676768,1.1633681149434152,0.08384931247350941,Betway,early
24.757575757575758,1.152833902060546,0.083700174812697,Betway,early
25.747474747474747,1.1423326767970383,0.08363323734690158,Betway,early
26.737373737373737,1.1318804110147758,0.0836402372245408,Betway,early
27.727272727272727,1.12149375521438,0.08371315298149803,Betway,early
28.71717171717172,1.111189851242321,0.08384390559687196,Betway,early
29.707070707070706,1.1009861374703358,0.084024143158206,Betway,early
30.696969696969695,1.0909001493338244,0.08424512859926868,Betway,early
31.686868686868685,1.080949318130491,0.08449773694241307,Betway,early
32.676767676767675,1.0711507709543364,0.08477255620049538,Betway,early
33.666666666666664,1.0615211345733475,0.08506007573879702,Betway,early
34.65656565656566,1.052076345953208,0.0853509382865554,Betway,early
35.64646464646465,1.0428314719858436,0.08563622731713509,Betway,early
36.63636363636363,1.0338005408030921,0.08590776016337559,Betway,early
37.62626262626262,1.024996386845187,0.08615835864456738,Betway,early
38.61616161616161,1.0164305116147403,0.08638207259354475,Betway,early
39.60606060606061,1.0081129617834765,0.08657433685534366,Betway,early
40.5959595959596,1.0000522260354658,0.08673204848534101,Betway,early
41.58585858585859,0.9922551517319336,0.08685355749970243,Betway,early
42.57575757575757,0.984726882173799,0.08693857122346177,Betway,early
43.56565656565656,0.9774708149232414,0.08698797872162649,Betway,early
44.55555555555556,0.9704885813312376,0.08700360770480427,Betway,early
45.54545454545455,0.9637800471081656,0.08698793139286888,Betway,early
46.535353535353536,0.957343333474445,0.08694374679538687,Betway,early
47.525252525252526,0.951174858142431,0.0868738484074042,Betway,early
48.51515151515151,0.9452693951137547,0.08678072212555162,Betway,early
49.505050505050505,0.9396201520319352,0.08666628304495437,Betway,early
50.494949494949495,0.9342188636118801,0.08653167763533981,Betway,early
51.48484848484849,0.9290558994789608,0.08637716575665606,Betway,early
52.474747474747474,0.9241203845930478,0.08620209143545635,Betway,early
53.46464646464646,0.9194003303086267,0.08600494386933015,Betway,early
54.45454545454545,0.9148827740331321,0.08578350248295695,Betway,early
55.44444444444444,0.9105539253915844,0.08553505278624636,Betway,early
56.43434343434344,0.9063993167868041,0.0852566539624334,Betway,early
57.42424242424242,0.9024039562601679,0.08494543504780622,Betway,early
58.414141414141405,0.8985524806067902,0.08459889453424076,Betway,early
59.4040404040404,0.894829306779243,0.08421517828119297,Betway,early
60.39393939393939,0.8912187797230983,0.08379331262684336,Betway,early
61.38383838383839,0.8877053149227633,0.08333337327621805,Betway,early
62.37373737373737,0.884273534093909,0.0828365755973198,Betway,early
63.36363636363637,0.8809083926357424,0.08230527804638643,Betway,early
64.35353535353535,0.8775952976483986,0.08174289725240633,Betway,early
65.34343434343434,0.8743202155236283,0.08115374050334985,Betway,early
66.33333333333333,0.871069768326524,0.0805427686446393,Betway,early
67.32323232323232,0.8678313183979384,0.07991530930673833,Betway,early
68.31313131313131,0.864593040817213,0.07927674641046914,Betway,early
69.3030303030303,0.8613439835687512,0.07863221645527595,Betway,early
70.2929292929293,0.8580741154498818,0.07798634454298642,Betway,early
71.28282828282828,0.8547743619377024,0.07734305286027815,Betway,early
72.27272727272727,0.8514366293957383,0.07670547106468292,Betway,early
73.26262626262626,0.8480538181449593,0.07607597163528088,Betway,early
74.25252525252525,0.8446198250446884,0.07545634408700345,Betway,early
75.24242424242425,0.841129536325854,0.07484811069746854,Betway,early
76.23232323232322,0.8375788114903713,0.07425297399041157,Betway,early
77.22222222222221,0.8339644591352827,0.07367337364285696,Betway,early
78.2121212121212,0.8302842055784205,0.07311311856242148,Betway,early
79.2020202020202,0.8265366571540801,0.07257804915318297,Betway,early
80.1919191919192,0.8227212570133757,0.07207667549910556,Betway,early
81.18181818181817,0.8188382372059494,0.07162072947689124,Betway,early
82.17171717171718,0.8148885667394016,0.07122556303794995,Betway,early
83.16161616161615,0.8108738962129477,0.07091032213854916,Betway,early
84.15151515151514,0.8067964995044907,0.07069782821164898,Betway,early
85.14141414141415,0.8026592128592609,0.07061411002188672,Betway,early
86.13131313131312,0.7984653715865946,0.07068755220592092,Betway,early
87.12121212121212,0.7942187444230984,0.07094766581312376,Betway,early
88.1111111111111,0.7899234654690761,0.07142354030447241,Betway,early
89.1010101010101,0.785583963454711,0.07214209918640756,Betway,early
90.0909090909091,0.7812048879469251,0.07312633900054769,Betway,early
91.08080808080807,0.7767910319710221,0.07439376537134898,Betway,early
92.07070707070707,0.7723472503967883,0.07595523397833535,Betway,early
93.06060606060605,0.7678783733304094,0.07781435305128462,Betway,early
94.05050505050505,0.7633891136643123,0.07996751745256794,Betway,early
95.04040404040404,0.7588839678702093,0.08240454605646634,Betway,early
96.03030303030302,0.7543671090785895,0.08510981097784967,Betway,early
97.02020202020202,0.7498422714731133,0.08806369852367865,Betway,early
98.010101010101,0.7453126250426285,0.09124423275230596,Betway,early
99.0,0.7407806397783853,0.09462871562980063,Betway,early
1.0,0.6980473983147366,0.30161731032555233,Betway,late
1.9898989898989898,0.7142328572314025,0.29093574054757315,Betway,late
2.9797979797979797,0.7304180249743324,0.28044182187328676,Betway,late
3.9696969696969697,0.7466007286260214,0.2701600236527746,Betway,late
4.959595959595959,0.7627758997177843,0.2601201032615803,Betway,late
5.94949494949495,0.7789357045520983,0.25035550554123825,Betway,late
6.939393939393939,0.7950697488217869,0.2409015865072297,Betway,late
7.929292929292929,0.8111652728463349,0.23179382586231478,Betway,late
8.919191919191919,0.8272073389498775,0.2230660779174633,Betway,late
9.909090909090908,0.8431790126709924,0.21474892621053635,Betway,late
10.898989898989898,0.8590615395849224,0.20686821911480724,Betway,late
11.888888888888888,0.8748345195384792,0.199443869717346,Betway,late
12.878787878787879,0.8904760800506846,0.1924890004746885,Betway,late
13.868686868686869,0.9059630505232847,0.18600949921487916,Betway,late
14.85858585858586,0.9212711387406198,0.18000402689990475,Betway,late
15.848484848484848,0.9363751109240679,0.17446448045764587,Betway,late
16.838383838383837,0.9512489763497409,0.1693768700076937,Betway,late
17.82828282828283,0.9658661772466877,0.16472252544874944,Betway,late
18.818181818181817,0.9801997843746079,0.1604795102965768,Betway,late
19.80808080808081,0.9942226983433086,0.15662409776987388,Betway,late
20.7979797979798,1.0079078563892687,0.15313215978707828,Betway,late
21.787878787878785,1.0212284439763328,0.14998033455429152,Betway,late
22.77777777777778,1.0341581102460347,0.14714687007124722,Betway,late
23.767676767676768,1.0466711860165971,0.14461208391286032,Betway,late
24.757575757575758,1.0587429027260162,0.14235842769212462,Betway,late
25.747474747474747,1.0703496104410888,0.14037019143656482,Betway,late
26.737373737373737,1.0814689928173935,0.13863292337104247,Betway,late
27.727272727272727,1.0920802767007929,0.13713267014882294,Betway,late
28.71717171717172,1.1021644339141266,0.1358551585419028,Betway,late
29.707070707070706,1.1117043726770797,0.13478504051259363,Betway,late
30.696969696969695,1.120685116065936,0.13390530959722313,Betway,late
31.686868686868685,1.1290939649345628,0.13319696967657277,Betway,late
32.676767676767675,1.1369206427894012,0.13263900139489265,Betway,late
33.666666666666664,1.1441574202387828,0.13220863202005195,Betway,late
34.65656565656566,1.1507992168190206,0.13188187715205146,Betway,late
35.64646464646465,1.1568436782334963,0.1316342923997778,Betway,late
36.63636363636363,1.1622912273227717,0.1314418532590975,Betway,late
37.62626262626262,1.167145087408663,0.13128187306197397,Betway,late
38.61616161616161,1.1714112770173983,0.13113387112898295,Betway,late
39.60606060606061,1.1750985753800711,0.13098031387308762,Betway,late
40.5959595959596,1.178218458525373,0.13080716775338477,Betway,late
41.58585858585859,1.18078500621235,0.13060422202846217,Betway,late
42.57575757575757,1.182814780391531,0.130365159195232,Betway,late
43.56565656565656,1.1843266763230056,0.13008737053817893,Betway,late
44.55555555555556,1.1853417479114141,0.12977153265961017,Betway,late
45.54545454545455,1.1858830092321713,0.1294209778169638,Betway,late
46.535353535353536,1.185975214612462,0.12904090595315962,Betway,late
47.525252525252526,1.1856446199871145,0.12863749882531283,Betway,late
48.51515151515151,1.1849187285662508,0.12821700564494526,Betway,late
49.505050505050505,1.183826024122357,0.12778487393646967,Betway,late
50.494949494949495,1.1823956954235404,0.12734499773136213,Betway,late
51.48484848484849,1.1806573555026978,0.12689914698421587,Betway,late
52.474747474747474,1.178640759555534,0.1264466272497946,Betway,late
53.46464646464646,1.1763755253013708,0.12598419824446963,Betway,late
54.45454545454545,1.1738908596182192,0.12550625598372564,Betway,late
55.44444444444444,1.171215295177352,0.12500525849298622,Betway,late
56.43434343434344,1.1683764406538615,0.12447235256366715,Betway,late
57.42424242424242,1.1654007478804933,0.12389814119771983,Betway,late
58.414141414141405,1.162313299045737,0.12327351991875148,Betway,late
59.4040404040404,1.159137616718271,0.12259050563382116,Betway,late
60.39393939393939,1.1558954991135768,0.1218429838489551,Betway,late
61.38383838383839,1.1526068826113696,0.1210273077623789,Betway,late
62.37373737373737,1.1492897330913021,0.12014269481991131,Betway,late
63.36363636363637,1.1459599671869516,0.11919138155436326,Betway,late
64.35353535353535,1.1426314040726058,0.11817851508605746,Betway,late
65.34343434343434,1.1393157479022598,0.11711177899229065,Betway,late
66.33333333333333,1.1360226005243084,0.11600077196884737,Betway,late
67.32323232323232,1.1327595036072908,0.11485617927807838,Betway,late
68.31313131313131,1.1295320088403962,0.11368879841657743,Betway,late
69.3030303030303,1.1263437744253515,0.1125085000537009,Betway,late
70.2929292929293,1.1231966856618514,0.11132322068238441,Betway,late
71.28282828282828,1.1200909970535378,0.11013809175807879,Betway,late
72.27272727272727,1.1170254930326426,0.10895480876919186,Betway,late
73.26262626262626,1.1139976641239417,0.10777133113726844,Betway,late
74.25252525252525,1.1110038951472467,0.10658198037977233,Betway,late
75.24242424242425,1.1080396618958206,0.1053779720624224,Betway,late
76.23232323232322,1.1050997326280145,0.10414838105013129,Betway,late
77.22222222222221,1.1021783706724588,0.10288150458042286,Betway,late
78.2121212121212,1.0992695344728725,0.10156655825796207,Betway,late
79.2020202020202,1.096367071486013,0.10019561875401241,Betway,late
80.1919191919192,1.0934649024927467,0.09876571351375556,Betway,late
81.18181818181817,1.0905571930840765,0.09728094888812434,Betway,late
82.17171717171718,1.0876385093364236,0.09575455815558538,Betway,late
83.16161616161615,1.0847039549878479,0.09421073292954017,Betway,late
84.15151515151514,1.081749287762268,0.0926860690324107,Betway,late
85.14141414141415,1.0787710128548889,0.09123040820474462,Betway,late
86.13131313131312,1.0757664519805032,0.08990679577225995,Betway,late
87.12121212121212,1.0727337867885818,0.08879022315440444,Betway,late
88.1111111111111,1.0696720758558371,0.08796482673333812,Betway,late
89.1010101010101,1.066581244868972,0.08751933496068827,Betway,late
90.0909090909091,1.0634620499980945,0.08754085266904095,Betway,late
91.08080808080807,1.060316014825339,0.08810754456956346,Betway,late
92.07070707070707,1.0571453415244072,0.08928130580854735,Betway,late
93.06060606060605,1.0539527972762057,0.09110183793856132,Betway,late
94.05050505050505,1.0507415771447677,0.09358343093441283,Betway,late
95.04040404040404,1.04751514481877,0.09671512965564091,Betway,late
96.03030303030302,1.0442770527392162,0.1004640793213079,Betway,late
97.02020202020202,1.0410307431774306,0.10478110495225064,Betway,late
98.010101010101,1.0377793317927597,0.1096072763597471,Betway,late
99.0,1.03452537508169,0.11488035745480189,Betway,late
1.0,1.4762121540698319,0.1118364227531254,Curebet,early
1.9898989898989898,1.4724584635761622,0.11040559919712538,Curebet,early
2.9797979797979797,1.4687047752691398,0.10898174821972385,Curebet,early
3.9696969696969697,1.4649510916673445,0.10756514763617304,Curebet,early
4.959595959595959,1.461197416093058,0.10615608804212967,Curebet,early
5.94949494949495,1.4574437525417916,0.1047548730376393,Curebet,early
6.939393939393939,1.453690105556425,0.10336181956627513,Curebet,early
7.929292929292929,1.4499364801064616,0.10197725837845262,Curebet,early
8.919191919191919,1.446182881472951,0.10060153462452825,Curebet,early
9.909090909090908,1.4424293151396612,0.09923500857890578,Curebet,early
10.898989898989898,1.438675786691078,0.09787805649146587,Curebet,early
11.888888888888888,1.4349223017177943,0.09653107155762365,Curebet,early
12.878787878787879,1.4311688657298145,0.09519446499359682,Curebet,early
13.868686868686869,1.4274154840782343,0.09386866719936887,Curebet,early
14.85858585858586,1.4236621618856953,0.09255412898862375,Curebet,early
15.848484848484848,1.4199089039859163,0.0912513228627932,Curebet,early
16.838383838383837,1.4161557148725175,0.08996074430538728,Curebet,early
17.82828282828283,1.4124025986572368,0.08868291307296694,Curebet,early
18.818181818181817,1.4086495590375343,0.08741837446036245,Curebet,early
19.80808080808081,1.404896599273464,0.0861677005198627,Curebet,early
20.7979797979798,1.401143722173571,0.08493149121682811,Curebet,early
21.787878787878785,1.397390930089464,0.08371037550720833,Curebet,early
22.77777777777778,1.3936382249186012,0.0825050123254177,Curebet,early
23.767676767676768,1.3898856081147166,0.08131609147358491,Curebet,early
24.757575757575758,1.3861330807052303,0.08014433440500529,Curebet,early
25.747474747474747,1.3823806433148889,0.07899049489538917,Curebet,early
26.737373737373737,1.3786282961948182,0.07785535959499079,Curebet,early
27.727272727272727,1.374876039256105,0.07673974845277486,Curebet,early
28.71717171717172,1.3711238721069834,0.07564451500039668,Curebet,early
29.707070707070706,1.3673717940926715,0.07457054647901223,Curebet,early
30.696969696969695,1.3636198043368917,0.07351876378598815,Curebet,early
31.686868686868685,1.3598679017841104,0.07249012121175634,Curebet,early
32.676767676767675,1.3561160852415592,0.07148560592976369,Curebet,early
33.666666666666664,1.3523643534201275,0.07050623719520152,Curebet,early
34.65656565656566,1.3486127049732768,0.0695530652015263,Curebet,early
35.64646464646465,1.3448611385331917,0.0686271695383041,Curebet,early
36.63636363636363,1.34110965274346,0.06772965719023648,Curebet,early
37.62626262626262,1.337358246287669,0.0668616600159414,Curebet,early
38.61616161616161,1.3336069179134056,0.06602433164669408,Curebet,early
39.60606060606061,1.3298556664512609,0.06521884375031509,Curebet,early
40.5959595959596,1.3261044908285495,0.0644463816140324,Curebet,early
41.58585858585859,1.3223533900775815,0.06370813901259156,Curebet,early
42.57575757575757,1.3186023633384394,0.0630053123441124,Curebet,early
43.56565656565656,1.3148514098563409,0.06233909403595467,Curebet,early
44.55555555555556,1.3111005289737747,0.06171066524570347,Curebet,early
45.54545454545455,1.307349720117724,0.061121187907641636,Curebet,early
46.535353535353536,1.3035989827823833,0.06057179620184543,Curebet,early
47.525252525252526,1.2998483165078802,0.06006358755023381,Curebet,early
48.51515151515151,1.296097720855595,0.059597613270271146,Curebet,early
49.505050505050505,1.2923471953807424,0.05917486904121728,Curebet,early
50.494949494949495,1.2885967396029385,0.058796285358449205,Curebet,early
51.48484848484849,1.2848463529755259,0.058462718167109046,Curebet,early
52.474747474747474,1.2810960348544431,0.05817493987597411,Curebet,early
53.46464646464646,1.2773457844674516,0.05793363095504848,Curebet,early
54.45454545454545,1.2735956008845173,0.05773937231533226,Curebet,early
55.44444444444444,1.2698454829901276,0.05759263865633283,Curebet,early
56.43434343434344,1.2660954294582816,0.05749379294640067,Curebet,early
57.42424242424242,1.2623454387308466,0.057443082173627376,Curebet,early
58.414141414141405,1.2585955089998973,0.057440634472002754,Curebet,early
59.4040404040404,1.2548456381945834,0.057486457690325905,Curebet,early
60.39393939393939,1.2510958239729701,0.05758043943179712,Curebet,early
61.38383838383839,1.2473460637192062,0.05772234855220036,Curebet,early
62.37373737373737,1.243596354546255,0.057911838066016366,Curebet,early
63.36363636363637,1.2398466933043186,0.05814844937441322,Curebet,early
64.35353535353535,1.2360970765949615,0.05843161769828437,Curebet,early
65.34343434343434,1.232347500790824,0.058760678574409975,Curebet,early
66.33333333333333,1.2285979620606995,0.059134875254044796,Curebet,early
67.32323232323232,1.2248484563996342,0.0595533668310003,Curebet,early
68.31313131313131,1.2210989796635985,0.060015236920414036,Curebet,early
69.3030303030303,1.2173495276081794,0.06051950270938994,Curebet,early
70.2929292929293,1.213600095930655,0.061065124205821185,Curebet,early
71.28282828282828,1.2098506803147266,0.06165101352110586,Curebet,early
72.27272727272727,1.206101276477122,0.06227604403522258,Curebet,early
73.26262626262626,1.20235188021523,0.06293905930786255,Curebet,early
74.25252525252525,1.1986024874548855,0.06363888161621489,Curebet,early
75.24242424242425,1.194853094297407,0.0643743200178877,Curebet,early
76.23232323232322,1.1911036970649829,0.06514417785575921,Curebet,early
77.22222222222221,1.1873542923435094,0.0659472596398566,Curebet,early
78.2121212121212,1.1836048770220189,0.06678237725931682,Curebet,early
79.2020202020202,1.1798554483278714,0.06764835549483686,Curebet,early
80.1919191919192,1.1761060038569469,0.06854403681856155,Curebet,early
81.18181818181817,1.1723565415981458,0.06946828548389358,Curebet,early
82.17171717171718,1.1686070599515865,0.07041999092206798,Curebet,early
83.16161616161615,1.1648575577399873,0.07139807047532075,Curebet,early
84.15151515151514,1.1611080342128186,0.07240147150790677,Curebet,early
85.14141414141415,1.1573584890429276,0.07342917294588858,Curebet,early
86.13131313131312,1.1536089223154424,0.07448018630434129,Curebet,early
87.12121212121212,1.149859334508887,0.07555355626623872,Curebet,early
88.1111111111111,1.1461097264685458,0.07664836088068801,Curebet,early
89.1010101010101,1.1423600993722351,0.07776371144931263,Curebet,early
90.0909090909091,1.1386104546887381,0.07889875216846919,Curebet,early
91.08080808080807,1.1348607941292617,0.08005265959173792,Curebet,early
92.07070707070707,1.1311111195923582,0.08122464197195224,Curebet,early
93.06060606060605,1.1273614331028312,0.08241393853523214,Curebet,early
94.05050505050505,1.1236117367451943,0.0836198187314417,Curebet,early
95.04040404040404,1.1198620325923043,0.0848415814966616,Curebet,early
96.03030303030302,1.1161123226298018,0.08607855455417103,Curebet,early
97.02020202020202,1.1123626086769927,0.08733009377161952,Curebet,early
98.010101010101,1.108612892304787,0.08859558258411078,Curebet,early
99.0,1.1048631747512572,0.08987443148638176,Curebet,early
1.0,0.8227040154993434,0.21570557219561617,Curebet,late
1.9898989898989898,0.8252953530150448,0.20943470166229694,Curebet,late
2.9797979797979797,0.8278867268878123,0.203295446238573,Curebet,late
3.9696969696969697,0.8304782008985137,0.19730184463284584,Curebet,late
4.959595959595959,0.8330698121759742,0.19146935242415905,Curebet,late
5.94949494949495,0.8356615034543569,0.18581401387415467,Curebet,late
6.939393939393939,0.8382530507003283,0.18035165750721704,Curebet,late
7.929292929292929,0.8408439879102942,0.17509714153884534,Curebet,late
8.919191919191919,0.8434335311173355,0.1700636790589114,Curebet,late
9.909090909090908,0.8460205038001573,0.16526227378018776,Curebet,late
10.898989898989898,0.8486032659561863,0.16070129474315978,Curebet,late
11.888888888888888,0.8511796490922882,0.15638621241468306,Curebet,late
12.878787878787879,0.8537468993048799,0.15231950928199997,Curebet,late
13.868686868686869,0.8563016304724262,0.14850076596917972,Curebet,late
14.85858585858586,0.8588397893743296,0.14492691025969015,Curebet,late
15.848484848484848,0.8613566342885329,0.14159260278898372,Curebet,late
16.838383838383837,0.8638467283138909,0.13849072135616736,Curebet,late
17.82828282828283,0.8663039483211737,0.1356128974488604,Curebet,late
18.818181818181817,0.8687215100673983,0.13295005489542905,Curebet,late
19.80808080808081,0.8710920096214394,0.13049290210742573,Curebet,late
20.7979797979798,0.8734074808537649,0.12823233596930714,Curebet,late
21.787878787878785,0.8756594683491554,0.12615972623060087,Curebet,late
22.77777777777778,0.877839114717438,0.124267062942936,Curebet,late
23.767676767676768,0.8799372609124132,0.12254696449915059,Curebet,late
24.757575757575758,0.8819445578315375,0.12099255857126473,Curebet,late
25.747474747474747,0.8838515871661716,0.11959726121909445,Curebet,late
26.737373737373737,0.8856489892111261,0.11835448938258826,Curebet,late
27.727272727272727,0.8873275951287669,0.11725734791305104,Curebet,late
28.71717171717172,0.8888785610020041,0.11629833366129656,Curebet,late
29.707070707070706,0.890293500905838,0.11546909581375772,Curebet,late
30.696969696969695,0.8915646161814499,0.11476028407053551,Curebet,late
31.686868686868685,0.8926848181115046,0.11416150534245244,Curebet,late
32.676767676767675,0.893647841270534,0.11366139679239176,Curebet,late
33.666666666666664,0.8944483449589377,0.11324780988406223,Curebet,late
34.65656565656566,0.8950820003209873,0.11290808823200853,Curebet,late
35.64646464646465,0.8955455609927717,0.11262941278996287,Curebet,late
36.63636363636363,0.8958369154207035,0.11239918211359294,Curebet,late
37.62626262626262,0.895955119329455,0.11220539337690337,Curebet,late
38.61616161616161,0.8959004071934701,0.11203699128809172,Curebet,late
39.60606060606061,0.8956741819712637,0.11188415644648594,Curebet,late
40.5959595959596,0.8952789827886228,0.11173851121477105,Curebet,late
41.58585858585859,0.8947184306971582,0.11159322901942356,Curebet,late
42.57575757575757,0.8939971530796952,0.11144304137941764,Curebet,late
43.56565656565656,0.8931206877148392,0.11128414526451968,Curebet,late
44.55555555555556,0.8920953679408145,0.11111402108843288,Curebet,late
45.54545454545455,0.8909281907646984,0.11093117833054462,Curebet,late
46.535353535353536,0.8896266701391162,0.11073485109409241,Curebet,late
47.525252525252526,0.8881986779665165,0.11052466952985686,Curebet,late
48.51515151515151,0.8866522756841979,0.11030033471345319,Curebet,late
49.505050505050505,0.8849955395250175,0.11006132407498401,Curebet,late
50.494949494949495,0.8832363827337624,0.10980665179111694,Curebet,late
51.48484848484849,0.88138237814326,0.10953470379510798,Curebet,late
52.474747474747474,0.8794405845742219,0.10924316058634359,Curebet,late
53.46464646464646,0.8774173805166089,0.10892901337800091,Curebet,late
54.45454545454545,0.8753183084772542,0.10858867101163923,Curebet,late
55.44444444444444,0.8731479332391298,0.10821814725749838,Curebet,late
56.43434343434344,0.8709097170738109,0.10781331133585048,Curebet,late
57.42424242424242,0.8686059146834302,0.10737017932920198,Curebet,late
58.414141414141405,0.8662374903259407,0.1068852209974468,Curebet,late
59.4040404040404,0.8638040592031945,0.10635565552364142,Curebet,late
60.39393939393939,0.8613038547715096,0.10577971086647893,Curebet,late
61.38383838383839,0.8587337231763149,0.1051568244790248,Curebet,late
62.37373737373737,0.8560891455241417,0.10448776787667367,Curebet,late
63.36363636363637,0.8533642881952742,0.10377468356063847,Curebet,late
64.35353535353535,0.8505520808778924,0.1030210297735519,Curebet,late
65.34343434343434,0.8476443214788612,0.10223143612032672,Curebet,late
66.33333333333333,0.8446318065469502,0.10141148084459298,Curebet,late
67.32323232323232,0.8415044853405482,0.1005674080689768,Curebet,late
68.31313131313131,0.8382516351930769,0.09970581006772973,Curebet,late
69.3030303030303,0.8348620553839782,0.09883330504395406,Curebet,late
70.2929292929293,0.8313242763194765,0.09795624428690708,Curebet,late
71.28282828282828,0.827626780472751,0.0970804833761904,Curebet,late
72.27272727272727,0.8237582312340661,0.09621124981004954,Curebet,late
73.26262626262626,0.8197077055833717,0.09535313385595125,Curebet,late
74.25252525252525,0.815464926325175,0.09451022069275075,Curebet,late
75.24242424242425,0.8110204895212549,0.09368637054558207,Curebet,late
76.23232323232322,0.8063660827228143,0.09288564032466927,Curebet,late
77.22222222222221,0.8014946896405319,0.09211282625206131,Curebet,late
78.2121212121212,0.7964007769977511,0.09137409307334932,Curebet,late
79.2020202020202,0.7910804594865505,0.09067764253483739,Curebet,late
80.1919191919192,0.7855316389852093,0.0900343625065528,Curebet,late
81.18181818181817,0.7797541144937524,0.08945838902565315,Curebet,late
82.17171717171718,0.7737496595958487,0.0889675074021005,Curebet,late
83.16161616161615,0.7675220646533908,0.08858331670531631,Curebet,late
84.15151515151514,0.7610771413762447,0.08833108661906267,Curebet,late
85.14141414141415,0.7544226878753526,0.08823924981448263,Curebet,late
86.13131313131312,0.7475684127925939,0.08833849983009083,Curebet,late
87.12121212121212,0.7405258175955531,0.08866050586048027,Curebet,late
88.1111111111111,0.7333080366188903,0.0892363103119502,Curebet,late
89.1010101010101,0.7259296349155037,0.09009453549114776,Curebet,late
90.0909090909091,0.7184063644391429,0.0912595794300908,Curebet,late
91.08080808080807,0.7107548795046583,0.09275001133356466,Curebet,late
92.07070707070707,0.7029924128521605,0.09457737062448242,Curebet,late
93.06060606060605,0.6951364139665035,0.09674552557272767,Curebet,late
94.05050505050505,0.6872041515641782,0.09925066693561709,Curebet,late
95.04040404040404,0.6792122823465262,0.10208191919031896,Curebet,late
96.03030303030302,0.6711763882228803,0.10522247065432966,Curebet,late
97.02020202020202,0.6631104842219897,0.1086510721519519,Curebet,late
98.010101010101,0.6550264992280155,0.11234373842037411,Curebet,late
99.0,0.6469337314924529,0.11627550233558695,Curebet,late
1.0,0.6818966595554817,0.1769590834394807,BetInAsia,early
1.9898989898989898,0.6786003007336204,0.1719645573963352,BetInAsia,early
2.9797979797979797,0.6753019168870624,0.1671380688719666,BetInAsia,early
3.9696969696969697,0.6719993275394558,0.16249537267872896,BetInAsia,early
4.959595959595959,0.6686897142032044,0.15805212701212734,BetInAsia,early
5.94949494949495,0.6653697386623362,0.15382299438032182,BetInAsia,early
6.939393939393939,0.6620356546007926,0.1498208044628015,BetInAsia,early
7.929292929292929,0.658683412947879,0.14605582098020983,BetInAsia,early
8.919191919191919,0.6553087613245572,0.14253515559419486,BetInAsia,early
9.909090909090908,0.6519073379735102,0.1392623674755301,BetInAsia,early
10.898989898989898,0.6484747605430728,0.13623727713126796,BetInAsia,early
11.888888888888888,0.6450067100709969,0.133456007890392,BetInAsia,early
12.878787878787879,0.641499010479751,0.13091124966718068,BetInAsia,early
13.868686868686869,0.6379477038515791,0.1285927197132909,BetInAsia,early
14.85858585858586,0.6343491217003863,0.12648777696906122,BetInAsia,early
15.848484848484848,0.630699952400075,0.1245821331114488,BetInAsia,early
16.838383838383837,0.6269973048668961,0.12286059646435034,BetInAsia,early
17.82828282828283,0.6232387685283837,0.12130778537794008,BetInAsia,early
18.818181818181817,0.619422469545338,0.11990875500848647,BetInAsia,early
19.80808080808081,0.6155471231876771,0.11864949412309968,BetInAsia,early
20.7979797979798,0.6116120822020981,0.11751726452860078,BetInAsia,early
21.787878787878785,0.6076173809506626,0.11650077280238688,BetInAsia,early
22.77777777777778,0.6035637750464642,0.11559018028477275,BetInAsia,early
23.767676767676768,0.5994527761671441,0.11477697133875527,BetInAsia,early
24.757575757575758,0.5952866816905171,0.1140537107447344,BetInAsia,early
25.747474747474747,0.5910685987702647,0.11341372824348138,BetInAsia,early
26.737373737373737,0.5868024624545726,0.11285077146575993,BetInAsia,early
27.727272727272727,0.582493047447626,0.11235866784863263,BetInAsia,early
28.71717171717172,0.57814597312335,0.11193103193394494,BetInAsia,early
29.707070707070706,0.573767701423532,0.11156104721697536,BetInAsia,early
30.696969696969695,0.5693655273081497,0.11124134224849094,BetInAsia,early
31.686868686868685,0.5649475614740308,0.11096396998082493,BetInAsia,early
32.676767676767675,0.560522705118693,0.11072048848973473,BetInAsia,early
33.666666666666664,0.5561006165984268,0.11050213127928739,BetInAsia,early
34.65656565656566,0.5516916699123466,0.11030004730368984,BetInAsia,early
35.64646464646465,0.5473069050359901,0.11010558525393385,BetInAsia,early
36.63636363636363,0.5429579702275945,0.10991059385356339,BetInAsia,early
37.62626262626262,0.538657056535613,0.1097077098478335,BetInAsia,early
38.61616161616161,0.5344168248456918,0.10949060774583548,BetInAsia,early
39.60606060606061,0.5302503259171745,0.1092541897047077,BetInAsia,early
40.5959595959596,0.5261709139708202,0.10899469967381872,BetInAsia,early
41.58585858585859,0.5221921544990757,0.1087097524966965,BetInAsia,early
42.57575757575757,0.5183277270755775,0.10839827560186258,BetInAsia,early
43.56565656565656,0.5145913240394295,0.108060367766565,BetInAsia,early
44.55555555555556,0.5109965460201821,0.10769708582679906,BetInAsia,early
45.54545454545455,0.5075567953492897,0.10731017577970192,BetInAsia,early
46.535353535353536,0.5042851684714093,0.10690176914055796,BetInAsia,early
47.525252525252526,0.5011943485226067,0.10647406835148036,BetInAsia,early
48.51515151515151,0.4982964992806848,0.1060290462073492,BetInAsia,early
49.505050505050505,0.49560316171457913,0.10556818346509365,BetInAsia,early
50.494949494949495,0.49312515436401877,0.1050922659743771,BetInAsia,early
51.48484848484849,0.49087247876682905,0.10460125793813242,BetInAsia,early
52.474747474747474,0.4888542311190533,0.10409426162017758,BetInAsia,early
53.46464646464646,0.4870785213025088,0.10356956650313802,BetInAsia,early
54.45454545454545,0.485552400345795,0.10302478324505969,BetInAsia,early
55.44444444444444,0.4842817972987893,0.10245705052359178,BetInAsia,early
56.43434343434344,0.48327146639859997,0.10186329668027788,BetInAsia,early
57.42424242424242,0.4825249452870776,0.10124053353299005,BetInAsia,early
58.414141414141405,0.4820445249091245,0.10058615715929176,BetInAsia,early
59.4040404040404,0.4818312315782942,0.0998982299984735,BetInAsia,early
60.39393939393939,0.481884821543641,0.0991757202109644,BetInAsia,early
61.38383838383839,0.4822037882318032,0.09841867766208313,BetInAsia,early
62.37373737373737,0.4827853821732416,0.0976283308681044,BetInAsia,early
63.36363636363637,0.4836256434538963,0.09680709542448017,BetInAsia,early
64.35353535353535,0.48471944636585956,0.09595849148526255,BetInAsia,early
65.34343434343434,0.48606055576588353,0.0950869754229811,BetInAsia,early
66.33333333333333,0.48764169449041006,0.09419769847868883,BetInAsia,early
67.32323232323232,0.4894546210238103,0.09329621255426193,BetInAsia,early
68.31313131313131,0.4914902164747587,0.09238814975847726,BetInAsia,early
69.3030303030303,0.49373857978612823,0.09147890727046702,BetInAsia,early
70.2929292929293,0.49618912998886655,0.09057337187459548,BetInAsia,early
71.28282828282828,0.4988307142117116,0.0896757185608887,BetInAsia,early
72.27272727272727,0.5016517200779825,0.08878931447430004,BetInAsia,early
73.26262626262626,0.5046401910592333,0.08791675314153401,BetInAsia,early
74.25252525252525,0.5077839433143996,0.08706003459334491,BetInAsia,early
75.24242424242425,0.511070682522518,0.08622089539187655,BetInAsia,early
76.23232323232322,0.5144881192177782,0.08540127958785941,BetInAsia,early
77.22222222222221,0.5180240811573223,0.08460392827274518,BetInAsia,early
78.2121212121212,0.52166662129428,0.08383305253466679,BetInAsia,early
79.2020202020202,0.5254041199902828,0.0830950428829045,BetInAsia,early
80.1919191919192,0.5292253801819533,0.08239915789549794,BetInAsia,early
81.18181818181817,0.5331197143130547,0.08175812616593124,BetInAsia,early
82.17171717171718,0.5370770219563155,0.08118858899150261,BetInAsia,early
83.16161616161615,0.5410878571741653,0.08071130775133901,BetInAsia,early
84.15151515151514,0.5451434848034242,0.0803510617755083,BetInAsia,early
85.14141414141415,0.5492359249930048,0.0801361731808515,BetInAsia,early
86.13131313131312,0.5533579854725124,0.08009761886845775,BetInAsia,early
87.12121212121212,0.557503281180838,0.08026773009471658,BetInAsia,early
88.1111111111111,0.5616662410340928,0.08067853684178092,BetInAsia,early
89.1010101010101,0.5658421017585603,0.0813598814762518,BetInAsia,early
90.0909090909091,0.5700268888534561,0.08233749003697739,BetInAsia,early
91.08080808080807,0.574217384877126,0.08363123050729514,BetInAsia,early
92.07070707070707,0.5784110853657901,0.08525378730858556,BetInAsia,early
93.06060606060605,0.5826061427929546,0.08720993194418654,BetInAsia,early
94.05050505050505,0.586801299057778,0.08949647975625077,BetInAsia,early
95.04040404040404,0.5909958070485486,0.09210291586972165,BetInAsia,early
96.03030303030302,0.5951893418609613,0.09501257899910619,BetInAsia,early
97.02020202020202,0.599381902257781,0.09820423261373548,BetInAsia,early
98.010101010101,0.6035737029343081,0.10165383708870804,BetInAsia,early
99.0,0.6077650581011689,0.10533635749385964,BetInAsia,early
1.0,1.2413490839616206,0.1687696189112832,BetInAsia,late
1.9898989898989898,1.2328089229658503,0.1666929756485158,BetInAsia,late
2.9797979797979797,1.2242687618807706,0.16462158732659096,BetInAsia,late
3.9696969696969697,1.2157286002337748,0.16255565556372778,BetInAsia,late
4.959595959595959,1.2071884371000645,0.16049539214933697,BetInAsia,late
5.94949494949495,1.1986482711624058,0.15844101915127407,BetInAsia,late
6.939393939393939,1.1901081007710574,0.15639276910802505,BetInAsia,late
7.929292929292929,1.1815679240012544,0.15435088532140112,BetInAsia,late
8.919191919191919,1.173027738708086,0.15231562225934875,BetInAsia,late
9.909090909090908,1.164487542578562,0.15028724607646812,BetInAsia,late
10.898989898989898,1.155947333180665,0.1482660352569278,BetInAsia,late
11.888888888888888,1.1474071080091695,0.14625228138104202,BetInAsia,late
12.878787878787879,1.1388668645280209,0.14424629001320408,BetInAsia,late
13.868686868686869,1.1303266002090786,0.1422483817054845,BetInAsia,late
14.85858585858586,1.121786312567053,0.140258893108298,BetInAsia,late
15.848484848484848,1.1132459991904897,0.1382781781773648,BetInAsia,late
16.838383838383837,1.1047056577686882,0.13630660946490922,BetInAsia,late
17.82828282828283,1.0961652861144917,0.1343445794827484,BetInAsia,late
18.818181818181817,1.087624882182914,0.1323925021256485,BetInAsia,late
19.80808080808081,1.0790844440856253,0.13045081414499562,BetInAsia,late
20.7979797979798,1.0705439701013666,0.12851997666531212,BetInAsia,late
21.787878787878785,1.062003458682402,0.1266004767392396,BetInAsia,late
22.77777777777778,1.0534629084571796,0.12469282894005886,BetInAsia,late
23.767676767676768,1.0449223182294043,0.12279757699433028,BetInAsia,late
24.757575757575758,1.0363816869737852,0.12091529546052258,BetInAsia,late
25.747474747474747,1.027841013828742,0.11904659146224489,BetInAsia,late
26.737373737373737,1.019300298086411,0.11719210648664354,BetInAsia,late
27.727272727272727,1.0107595391803075,0.11535251825943005,BetInAsia,late
28.71717171717172,1.0022187366710322,0.11352854270769787,BetInAsia,late
29.707070707070706,0.993677890230432,0.11172093602004783,BetInAsia,late
30.696969696969695,0.9851369996246291,0.1099304968105345,BetInAsia,late
31.686868686868685,0.9765960646963477,0.10815806838859504,BetInAsia,late
32.676767676767675,0.968055085346958,0.10640454113151807,BetInAsia,late
33.666666666666664,0.9595140615186527,0.10467085494930153,BetInAsia,late
34.65656565656566,0.9509729931771551,0.10295800182411699,BetInAsia,late
35.64646464646465,0.942431880295334,0.10126702839825316,BetInAsia,late
36.63636363636363,0.9338907228380731,0.0995990385755683,BetInAsia,late
37.62626262626262,0.9253495207487085,0.09795519609233858,BetInAsia,late
38.61616161616161,0.9168082739373082,0.09633672700412566,BetInAsia,late
39.60606060606061,0.9082669822710224,0.09474492202603808,BetInAsia,late
40.5959595959596,0.8997256455666874,0.09318113865462734,BetInAsia,late
41.58585858585859,0.8911842635858179,0.09164680299069809,BetInAsia,late
42.57575757575757,0.882642836032064,0.09014341117356149,BetInAsia,late
43.56565656565656,0.8741013625511664,0.08867253032874488,BetInAsia,late
44.55555555555556,0.8655598427333812,0.08723579892294916,BetInAsia,late
45.54545454545455,0.8570182761183017,0.08583492641222618,BetInAsia,late
46.535353535353536,0.8484766622019521,0.08447169206215237,BetInAsia,late
47.525252525252526,0.8399350004459829,0.08314794281256405,BetInAsia,late
48.51515151515151,0.8313932902887563,0.0818655900547422,BetInAsia,late
49.505050505050505,0.8228515311580709,0.08062660518656352,BetInAsia,late
50.494949494949495,0.814309722485243,0.0794330138120698,BetInAsia,late
51.48484848484849,0.8057678637202408,0.07828688845738314,BetInAsia,late
52.474747474747474,0.7972259543475351,0.07719033968632576,BetInAsia,late
53.46464646464646,0.7886839939023335,0.07614550551800822,BetInAsia,late
54.45454545454545,0.7801419819868443,0.07515453907652711,BetInAsia,late
55.44444444444444,0.7715999182862262,0.07421959444105346,BetInAsia,late
56.43434343434344,0.7630578025838809,0.07334281071387089,BetInAsia,late
57.42424242424242,0.7545156347757656,0.07252629438453895,BetInAsia,late
58.414141414141405,0.7459734148834176,0.0717721001395834,BetInAsia,late
59.4040404040404,0.7374311430654139,0.07108221034706783,BetInAsia,late
60.39393939393939,0.7288888196270167,0.07045851353087687,BetInAsia,late
61.38383838383839,0.7203464450277957,0.06990278223598896,BetInAsia,late
62.37373737373737,0.7118040198870552,0.06941665076765419,BetInAsia,late
63.36363636363637,0.7032615449869399,0.06900159335754726,BetInAsia,late
64.35353535353535,0.6947190212731384,0.06865890336158943,BetInAsia,late
65.34343434343434,0.6861764498531491,0.06838967412052833,BetInAsia,late
66.33333333333333,0.6776338319921226,0.06819478210998468,BetInAsia,late
67.32323232323232,0.6690911691063425,0.06807487296795954,BetInAsia,late
68.31313131313131,0.6605484627544455,0.0680303509138485,BetInAsia,late
69.3030303030303,0.652005714626535,0.06806137196604516,BetInAsia,late
70.2929292929293,0.6434629265313718,0.06816784123061584,BetInAsia,late
71.28282828282828,0.6349201003818696,0.06834941437949796,BetInAsia,late
72.27272727272727,0.6263772381791456,0.06860550327349309,BetInAsia,late
73.26262626262626,0.6178343419954127,0.06893528552428915,BetInAsia,late
74.25252525252525,0.6092914139560072,0.06933771764196417,BetInAsia,late
75.24242424242425,0.6007484562208697,0.06981155128963747,BetInAsia,late
76.23232323232322,0.5922054709657995,0.0703553520725546,BetInAsia,late
77.22222222222221,0.5836624603638001,0.07096752022936464,BetInAsia,late
78.2121212121212,0.5751194265668368,0.07164631256993162,BetInAsia,late
79.2020202020202,0.5665763716883027,0.07238986501497133,BetInAsia,late
80.1919191919192,0.5580332977864804,0.07319621513387216,BetInAsia,late
81.18181818181817,0.5494902068492589,0.07406332414221843,BetInAsia,late
82.17171717171718,0.5409471007803304,0.07498909790279225,BetInAsia,late
83.16161616161615,0.5324039813870689,0.07597140656598672,BetInAsia,late
84.15151515151514,0.523860850370244,0.0770081025808821,BetInAsia,late
85.14141414141415,0.5153177093156835,0.07809703690089702,BetInAsia,late
86.13131313131312,0.5067745596879643,0.07923607329333338,BetInAsia,late
87.12121212121212,0.4982314028261537,0.08042310073700004,BetInAsia,late
88.1111111111111,0.48968823994158905,0.08165604395443174,BetInAsia,late
89.1010101010101,0.48114507211763413,0.08293287217417065,BetInAsia,late
90.0909090909091,0.47260190031131344,0.08425160625425236,BetInAsia,late
91.08080808080807,0.464058725356682,0.08561032432128013,BetInAsia,late
92.07070707070707,0.45551554796975974,0.08700716609164284,BetInAsia,late
93.06060606060605,0.4469723687548239,0.08844033604422465,BetInAsia,late
94.05050505050505,0.4384291882118323,0.08990810560922362,BetInAsia,late
95.04040404040404,0.42988600674473426,0.09140881452733274,BetInAsia,late
96.03030303030302,0.4213428246704128,0.09294087151937451,BetInAsia,late
97.02020202020202,0.4127996422280034,0.09450275439021932,BetInAsia,late
98.010101010101,0.4042564595883415,0.09609300967399222,BetInAsia,late
99.0,0.3957132768633055,0.09771025191151869,BetInAsia,late
1.0,1.1391321460051491,0.21525999650350952,888sport,early
1.9898989898989898,1.13306275728305,0.20810571749829598,888sport,early
2.9797979797979797,1.126995123049608,0.20116060227804855,888sport,early
3.9696969696969697,1.1209313262272997,0.1944494677649705,888sport,early
4.959595959595959,1.1148740933104222,0.1879983426586628,888sport,early
5.94949494949495,1.1088266633557777,0.18183312198038812,888sport,early
6.939393939393939,1.1027926734936517,0.17597823657002437,888sport,early
7.929292929292929,1.096776059464749,0.17045539110897512,888sport,early
8.919191919191919,1.0907809695924509,0.16528243502564088,888sport,early
9.909090909090908,1.0848116905486644,0.16047243589416738,888sport,early
10.898989898989898,1.0788725832636645,0.15603302222448934,888sport,early
11.888888888888888,1.0729680273632274,0.15196604999957936,888sport,early
12.878787878787879,1.0671023725868092,0.14826762455685838,888sport,early
13.868686868686869,1.0612798957452243,0.14492847823233854,888sport,early
14.85858585858586,1.0555047619110167,0.141934668710394,888sport,early
15.848484848484848,1.0497809886951757,0.13926852903683223,888sport,early
16.838383838383837,1.0441124126451606,0.13690977384965536,888sport,early
17.82828282828283,1.038502656996305,0.134836652343461,888sport,early
18.818181818181817,1.032955100216386,0.13302703903563123,888sport,early
19.80808080808081,1.02747284499589,0.13145936779423092,888sport,early
20.7979797979798,1.022058687549152,0.13011333958306984,888sport,early
21.787878787878785,1.0167150872984616,0.12897036535649253,888sport,early
22.77777777777778,1.0114441372095748,0.12801373769546226,888sport,early
23.767676767676768,1.0062475352278804,0.12722855405519023,888sport,early
24.757575757575758,1.0011265574251904,0.1266014380046673,888sport,early
25.747474747474747,0.9960820336039757,0.1261201208958087,888sport,early
26.737373737373737,0.9911143262150934,0.12577295433655877,888sport,early
27.727272727272727,0.98622331352405,0.12554842378706418,888sport,early
28.71717171717172,0.9814083780072922,0.12543472632639063,888sport,early
29.707070707070706,0.9766684009724212,0.12541946248719898,888sport,early
30.696969696969695,0.9720017643740708,0.12548947484582806,888sport,early
31.686868686868685,0.9674063607401097,0.12563084693590662,888sport,early
32.676767676767675,0.9628796120320249,0.12582905726370244,888sport,early
33.666666666666664,0.9584184981402307,0.12606926677087757,888sport,early
34.65656565656566,0.9540195955618421,0.126336705549766,888sport,early
35.64646464646465,0.9496791266282355,0.12661711682788032,888sport,early
36.63636363636363,0.9453930194460447,0.12689721335489237,888sport,early
37.62626262626262,0.9411569784923042,0.12716510290187577,888sport,early
38.61616161616161,0.9369665655669184,0.12741064477960518,888sport,early
39.60606060606061,0.9328172905585581,0.12762570709314633,888sport,early
40.5959595959596,0.9287047112288245,0.12780430388822175,888sport,early
41.58585858585859,0.9246245409695771,0.12794260156335047,888sport,early
42.57575757575757,0.9205727632454717,0.12803879424495454,888sport,early
43.56565656565656,0.9165457512034929,0.1280928577197998,888sport,early
44.55555555555556,0.9125403907191025,0.12810620054385707,888sport,early
45.54545454545455,0.9085542049598047,0.12808123867168889,888sport,early
46.535353535353536,0.9045854783863291,0.12802092593042402,888sport,early
47.525252525252526,0.9006333779836696,0.12792827643717725,888sport,early
48.51515151515151,0.8966980694228008,0.1278059162042951,888sport,early
49.505050505050505,0.8927808258022503,0.12765569939247287,888sport,early
50.494949494949495,0.8888841266093438,0.12747841988175523,888sport,early
51.48484848484849,0.8850117445756012,0.12727364126748053,888sport,early
52.474747474747474,0.8811688181809583,0.127039658627196,888sport,early
53.46464646464646,0.8773619076864364,0.12677359432496968,888sport,early
54.45454545454545,0.8735990327446232,0.12647161879942273,888sport,early
55.44444444444444,0.8698896898500535,0.12612927683899813,888sport,early
56.43434343434344,0.86624484814491,0.1257418912731621,888sport,early
57.42424242424242,0.8626769223862781,0.12530501002860217,888sport,early
58.414141414141405,0.8591997222054962,0.1248148595056873,888sport,early
59.4040404040404,0.8558283771434007,0.12426876727754095,888sport,early
60.39393939393939,0.8525792373221572,0.12366551998476373,888sport,early
61.38383838383839,0.8494697500090747,0.12300562760148771,888sport,early
62.37373737373737,0.8465183127347744,0.12229147251759583,888sport,early
63.36363636363637,0.8437441040397228,0.12152733064836573,888sport,early
64.35353535353535,0.8411668933336938,0.1207192616059697,888sport,early
65.34343434343434,0.8388068317550146,0.11987487541608134,888sport,early
66.33333333333333,0.83668422630389,0.11900299386458374,888sport,early
67.32323232323232,0.8348192998900413,0.11811323473534853,888sport,early
68.31313131313131,0.8332319402730893,0.11721555621723587,888sport,early
69.3030303030303,0.8319414411787119,0.1163198057277318,888sport,early
70.2929292929293,0.8309662391391358,0.11543532134444001,888sport,early
71.28282828282828,0.8303236498286415,0.1145706340293217,888sport,early
72.27272727272727,0.8300296078387359,0.11373331419816173,888sport,early
73.26262626262626,0.8300984139607677,0.11292999669777645,888sport,early
74.25252525252525,0.8305424941135943,0.11216660425613624,888sport,early
75.24242424242425,0.8313721740688405,0.1114487719080733,888sport,early
76.23232323232322,0.8325954740858891,0.11078245517150066,888sport,early
77.22222222222221,0.834217927473452,0.11017468446613479,888sport,early
78.2121212121212,0.8362424269458314,0.10963440897634989,888sport,early
79.2020202020202,0.8386691024422732,0.1091733561680221,888sport,early
80.1919191919192,0.8414952338302908,0.10880681955383788,888sport,early
81.18181818181817,0.8447152016235245,0.10855427815432088,888sport,early
82.17171717171718,0.8483204785153797,0.10843974793667983,888sport,early
83.16161616161615,0.8522996641681413,0.10849177064932483,888sport,early
84.15151515151514,0.8566385653105264,0.10874296209207825,888sport,early
85.14141414141415,0.8613203227908397,0.1092290734033407,888sport,early
86.13131313131312,0.8663255868164673,0.10998756752925885,888sport,early
87.12121212121212,0.871632741191111,0.11105577713346873,888sport,early
88.1111111111111,0.8772181769475316,0.1124687823146572,888sport,early
89.1010101010101,0.8830566153740297,0.11425721246632044,888sport,early
90.0909090909091,0.8891214800560756,0.11644521814784013,888sport,early
91.08080808080807,0.8953853172090357,0.11904885962428738,888sport,early
92.07070707070707,0.9018202632718267,0.1220751120370272,888sport,early
93.06060606060605,0.9083985584728861,0.12552160078440888,888sport,early
94.05050505050505,0.9150931048772785,0.12937707562048262,888sport,early
95.04040404040404,0.9218780672833865,0.13362253465720703,888sport,early
96.03030303030302,0.9287295152672055,0.138232841585282,888sport,early
97.02020202020202,0.9356261046773436,0.1431786508865784,888sport,early
98.010101010101,0.9425497969707906,0.14842846373657725,888sport,early
99.0,0.9494866149530431,0.1539506704488312,888sport,early
1.0,0.8023421892964955,0.20488336067539878,888sport,late
1.9898989898989898,0.8062588215542319,0.20221047609281115,888sport,late
2.9797979797979797,0.8101754533224407,0.19954667156756697,888sport,late
3.9696969696969697,0.8140920827490119,0.19689231847249802,888sport,late
4.959595959595959,0.818008706532624,0.19424780788565926,888sport,late
5.94949494949495,0.821925320116975,0.1916135501108282,888sport,late
6.939393939393939,0.8258419178739022,0.18898997445056792,888sport,late
7.929292929292929,0.8297584932730439,0.18637752927116316,888sport,late
8.919191919191919,0.8336750390385719,0.1837766823888609,888sport,late
9.909090909090908,0.8375915472935382,0.18118792179883195,888sport,late
10.898989898989898,0.8415080096923984,0.17861175675724172,888sport,late
11.888888888888888,0.8454244175422763,0.17604871921407655,888sport,late
12.878787878787879,0.8493407619135335,0.1734993655811753,888sport,late
13.868686868686869,0.8532570337401986,0.17096427880743303,888sport,late
14.85858585858586,0.8571732239107932,0.1684440707223977,888sport,late
15.848484848484848,0.861089323350071,0.16593938460130125,888sport,late
16.838383838383837,0.8650053230921595,0.16345089789954637,888sport,late
17.82828282828283,0.8689212143455597,0.16097932510313714,888sport,late
18.818181818181817,0.872836988550431,0.15852542064354172,888sport,late
19.80808080808081,0.8767526374285461,0.15608998183077671,888sport,late
20.7979797979798,0.8806681530262673,0.15367385176660744,888sport,late
21.787878787878785,0.8845835277508596,0.15127792220995262,888sport,late
22.77777777777778,0.8884987544004194,0.14890313637795835,888sport,late
23.767676767676768,0.8924138261876673,0.14655049167776038,888sport,late
24.757575757575758,0.8963287367578221,0.1442210423746158,888sport,late
25.747474747474747,0.9002434802007548,0.14191590221082195,888sport,late
26.737373737373737,0.9041580510575942,0.1396362469957037,888sport,late
27.727272727272727,0.9080724443219541,0.1373833171891584,888sport,late
28.71717171717172,0.9119866554359366,0.13515842049922341,888sport,late
29.707070707070706,0.9159006802810727,0.1329629345075585,888sport,late
30.696969696969695,0.9198145151643685,0.1307983093255694,888sport,late
31.686868686868685,0.9237281567996407,0.12866607026838506,888sport,late
32.676767676767675,0.9276416022843473,0.1265678205145526,888sport,late
33.666666666666664,0.9315548490721478,0.12450524369689846,888sport,late
34.65656565656566,0.9354678949414645,0.12248010634548652,888sport,late
35.64646464646465,0.939380737960352,0.12049426007811244,888sport,late
36.63636363636363,0.9432933764480325,0.118549643408528,888sport,late
37.62626262626262,0.9472058089334947,0.11664828301885613,888sport,late
38.61616161616161,0.9511180341116116,0.11479229432168632,888sport,late
39.60606060606061,0.9550300507972739,0.1129838811203257,888sport,late
40.5959595959596,0.9589418578780939,0.11122533416372629,888sport,late
41.58585858585859,0.962853454266276,0.10951902838670162,888sport,late
42.57575757575757,0.9667648388502946,0.10786741862705712,888sport,late
43.56565656565656,0.9706760104470643,0.10627303361993173,888sport,late
44.55555555555556,0.97458696775531,0.10473846808661921,888sport,late
45.54545454545455,0.9784977093108809,0.10326637276091914,888sport,late
46.535353535353536,0.9824082334447566,0.10185944223105639,888sport,late
47.525252525252526,0.98631853824451,0.10052040051964246,888sport,late
48.51515151515151,0.9902286215199775,0.09925198437806414,888sport,late
49.505050505050505,0.9941384807738753,0.09805692433480576,888sport,late
50.494949494949495,0.9980481131780714,0.09693792360885976,888sport,late
51.48484848484849,1.0019575155561764,0.09589763507831502,888sport,late
52.474747474747474,1.005866684373069,0.09493863657850363,888sport,late
53.46464646464646,1.0097756157318958,0.0940634048909813,888sport,late
54.45454545454545,1.013684305379013,0.0932742888704902,888sport,late
55.44444444444444,1.0175927487172431,0.09257348223743112,888sport,late
56.43434343434344,1.0215009408277163,0.09196299663308707,888sport,late
57.42424242424242,1.0254088765004556,0.09144463558833298,888sport,late
58.414141414141405,1.0293165502737451,0.0910199700883193,888sport,late
59.4040404040404,1.0332239564821912,0.090690316420726,888sport,late
60.39393939393939,1.0371310893132528,0.09045671696995085,888sport,late
61.38383838383839,1.041037942871883,0.09031992456214782,888sport,late
62.37373737373737,1.0449445112527838,0.0902803908767578,888sport,late
63.36363636363637,1.0488507886196359,0.09033825932200584,888sport,late
64.35353535353535,1.0527567692905304,0.09049336263019875,888sport,late
65.34343434343434,1.0566624478287023,0.09074522527112695,888sport,late
66.33333333333333,1.060567819137527,0.091093070617555,888sport,late
67.32323232323232,1.064472878558642,0.09153583263545721,888sport,late
68.31313131313131,1.06837762197193,0.09207217172283873,888sport,late
69.3030303030303,1.0722820458960212,0.09270049419304041,888sport,late
70.2929292929293,1.0761861475878751,0.09341897479782978,888sport,late
71.28282828282828,1.0800899251399505,0.09422558161644048,888sport,late
72.27272727272727,1.0839933775734079,0.09511810260061598,888sport,late
73.26262626262626,1.087896504925764,0.09609417306181064,888sport,late
74.25252525252525,1.0917993083313984,0.09715130341213668,888sport,late
75.24242424242425,1.0957017900933108,0.0982869065210365,888sport,late
76.23232323232322,1.099603953744555,0.09949832411970003,888sport,late
77.22222222222221,1.1035058040978039,0.1007828517692757,888sport,late
78.2121212121212,1.1074073472815615,0.10213776200139861,888sport,late
79.2020202020202,1.111308590761607,0.10356032533542614,888sport,late
80.1919191919192,1.11520954334634,0.10504782897167882,888sport,late
81.18181818181817,1.1191102151748031,0.10659759305038263,888sport,late
82.17171717171718,1.12301061768626,0.10820698444916967,888sport,late
83.16161616161615,1.1269107635703415,0.10987342816591941,888sport,late
84.15151515151514,1.1308106666968976,0.11159441639708204,888sport,late
85.14141414141415,1.1347103420248275,0.11336751547361268,888sport,late
86.13131313131312,1.1386098054893066,0.11519037085691859,888sport,late
87.12121212121212,1.1425090738669648,0.11706071042579042,888sport,late
88.1111111111111,1.1464081646187116,0.11897634630248449,888sport,late
89.1010101010101,1.15030709571004,0.12093517547255084,888sport,late
90.0909090909091,1.1542058854087585,0.12293517944951378,888sport,late
91.08080808080807,1.1581045520602298,0.12497442322321035,888sport,late
92.07070707070707,1.1620031138402849,0.12705105371079053,888sport,late
93.06060606060605,1.1659015884860777,0.12916329790360745,888sport,late
94.05050505050505,1.1697999930052077,0.13130946087317355,888sport,late
95.04040404040404,1.1736983433634873,0.13348792376685545,888sport,late
96.03030303030302,1.1775966541517606,0.13569714189094859,888sport,late
97.02020202020202,1.1814949382321658,0.13793564294714977,888sport,late
98.010101010101,1.1853932063642243,0.14020202546015673,888sport,late
99.0,1.1892914668110621,0.14249495741099727,888sport,late
1.0,1.6421446615911695,0.16820303237933934,BetVictor,early
1.9898989898989898,1.6364745443665085,0.16537939122405815,BetVictor,early
2.9797979797979797,1.6308042010528232,0.16260419466887296,BetVictor,early
3.9696969696969697,1.6251333942271928,0.1598802279139729,BetVictor,early
4.959595959595959,1.6194618334956994,0.15721024739266334,BetVictor,early
5.94949494949495,1.6137891991375495,0.15459684630359982,BetVictor,early
6.939393939393939,1.608115164449125,0.15204234058970403,BetVictor,early
7.929292929292929,1.6024394167172196,0.1495486788421905,BetVictor,early
8.919191919191919,1.5967616767424158,0.14711737875397485,BetVictor,early
9.909090909090908,1.5910817168292586,0.1447494915272879,BetVictor,early
10.898989898989898,1.5853993771593566,0.14244559418175395,BetVictor,early
11.888888888888888,1.5797145804664834,0.14020580815088546,BetVictor,early
12.878787878787879,1.574027344938916,0.13802984104091157,BetVictor,early
13.868686868686869,1.5683377952832933,0.13591704709381278,BetVictor,early
14.85858585858586,1.5626461718958629,0.13386650086617272,BetVictor,early
15.848484848484848,1.5569528381008115,0.1318770779983819,BetVictor,early
16.838383838383837,1.5512582854310377,0.12994753675992243,BetVictor,early
17.82828282828283,1.545563136943838,0.12807659433072827,BetVictor,early
18.818181818181817,1.539868148582186,0.1262629924906427,BetVictor,early
19.80808080808081,1.5341742086111982,0.12450554847735816,BetVictor,early
20.7979797979798,1.5284823351786012,0.12280318814734066,BetVictor,early
21.787878787878785,1.5227936720671842,0.1211549601231739,BetVictor,early
22.77777777777778,1.5171094827259612,0.11956003121262412,BetVictor,early
23.767676767676768,1.5114311426847435,0.11801766491604543,BetVictor,early
24.757575757575758,1.50576013047367,0.11652718618305792,BetVictor,early
25.747474747474747,1.5000980171847678,0.11508793663528515,BetVictor,early
26.737373737373737,1.4944464548263885,0.1136992251596073,BetVictor,early
27.727272727272727,1.4888071636332918,0.11236027904419021,BetVictor,early
28.71717171717172,1.4831819185049342,0.11107020065833292,BetVictor,early
29.707070707070706,1.4775725347520756,0.10982793408320567,BetVictor,early
30.696969696969695,1.471980853336963,0.10863224513576152,BetVictor,early
31.686868686868685,1.4664087257950527,0.10748171697712809,BetVictor,early
32.676767676767675,1.4608579990264332,0.10637476207045594,BetVictor,early
33.666666666666664,1.4553305001428174,0.1053096497788055,BetVictor,early
34.65656565656566,1.4498280215512802,0.10428454750287175,BetVictor,early
35.64646464646465,1.4443523064488253,0.10329757207436963,BetVictor,early
36.63636363636363,1.438905034892611,0.10234684724612067,BetVictor,early
37.62626262626262,1.4334878105993178,0.10143056262659002,BetVictor,early
38.61616161616161,1.4281021486139827,0.1005470293308229,BetVictor,early
39.60606060606061,1.4227494639738048,0.09969472795942151,BetVictor,early
40.5959595959596,1.4174310614762529,0.09887234523447241,BetVictor,early
41.58585858585859,1.4121481266435143,0.09807879664757037,BetVictor,early
42.57575757575757,1.4069017179571968,0.09731323371824863,BetVictor,early
43.56565656565656,1.4016927604185732,0.09657503581399703,BetVictor,early
44.55555555555556,1.3965220404707572,0.09586378783180202,BetVictor,early
45.54545454545455,1.3913902023003648,0.09517924627342973,BetVictor,early
46.535353535353536,1.3862977455177414,0.09452129725938854,BetVictor,early
47.525252525252526,1.3812450241969962,0.09388991073333751,BetVictor,early
48.51515151515151,1.3762322472401063,0.0932850954465196,BetVictor,early
49.505050505050505,1.3712594800135174,0.0927068592465853,BetVictor,early
50.494949494949495,1.366326647191185,0.09215517872619243,BetVictor,early
51.48484848484849,1.3614335367250265,0.09162998144836537,BetVictor,early
52.474747474747474,1.3565798048525006,0.09113114282596299,BetVictor,early
53.46464646464646,1.351764982041592,0.09065849838889171,BetVictor,early
54.45454545454545,1.3469884797659248,0.09021187074296637,BetVictor,early
55.44444444444444,1.3422495979971512,0.08979110913632732,BetVictor,early
56.43434343434344,1.337547533298184,0.0893961383285286,BetVictor,early
57.42424242424242,1.3328813873992205,0.0890270125148813,BetVictor,early
58.414141414141405,1.328250176138782,0.08868396948078698,BetVictor,early
59.4040404040404,1.323652838654144,0.08836748000221625,BetVictor,early
60.39393939393939,1.3190882467093428,0.08807828778811962,BetVictor,early
61.38383838383839,1.3145552140543832,0.08781743596119654,BetVictor,early
62.37373737373737,1.3100525057160797,0.08758627714393215,BetVictor,early
63.36363636363637,1.3055788471290075,0.08738646557604388,BetVictor,early
64.35353535353535,1.3011329330240748,0.08721993123189356,BetVictor,early
65.34343434343434,1.2967134360020645,0.08708883750772851,BetVictor,early
66.33333333333333,1.2923190147298986,0.08699552557357187,BetVictor,early
67.32323232323232,1.287948321708095,0.08694244979529925,BetVictor,early
68.31313131313131,1.2836000105687144,0.08693210959883581,BetVictor,early
69.3030303030303,1.2792727428737882,0.08696698366035324,BetVictor,early
70.2929292929293,1.2749651943945695,0.08704947228638842,BetVictor,early
71.28282828282828,1.2706760608617536,0.08718185326328043,BetVictor,early
72.27272727272727,1.2664040631858788,0.08736625532709938,BetVictor,early
73.26262626262626,1.2621479521552885,0.08760465181135114,BetVictor,early
74.25252525252525,1.25790651262617,0.08789887510171915,BetVictor,early
75.24242424242425,1.2536785672251576,0.08825065043875052,BetVictor,early
76.23232323232322,1.2494629795897203,0.08866164555967623,BetVictor,early
77.22222222222221,1.2452586571749884,0.089133530862135,BetVictor,early
78.2121212121212,1.241064553657778,0.08966804339032938,BetVictor,early
79.2020202020202,1.2368796709693526,0.09026704713621404,BetVictor,early
80.1919191919192,1.232703060987948,0.09093258201221867,BetVictor,early
81.18181818181817,1.2285338269203456,0.0916668944265543,BetVictor,early
82.17171717171718,1.2243711243988809,0.09247244365476878,BetVictor,early
83.16161616161615,1.2202141623163492,0.0933518800698286,BetVictor,early
84.15151515151514,1.2160622034164625,0.09430799363071783,BetVictor,early
85.14141414141415,1.2119145646519258,0.09534363365244872,BetVictor,early
86.13131313131312,1.2077706173160603,0.0964616035687294,BetVictor,early
87.12121212121212,1.2036297869473531,0.09766453691174076,BetVictor,early
88.1111111111111,1.1994915529995573,0.09895476283055937,BetVictor,early
89.1010101010101,1.1953554482631916,0.10033417093418465,BetVictor,early
90.0909090909091,1.191221058017691,0.10180408591191145,BetVictor,early
91.08080808080807,1.1870880188872202,0.10336516216456451,BetVictor,early
92.07070707070707,1.1829560173674565,0.10501730758077296,BetVictor,early
93.06060606060605,1.178824787985679,0.10675964371855165,BetVictor,early
94.05050505050505,1.1746941110523719,0.10859050719936615,BetVictor,early
95.04040404040404,1.170563809959441,0.11050749435114836,BetVictor,early
96.03030303030302,1.166433747978141,0.11250754834231295,BetVictor,early
97.02020202020202,1.1623038245090531,0.11458708552051318,BetVictor,early
98.010101010101,1.1581739707369723,0.11674215566155123,BetVictor,early
99.0,1.1540441446454515,0.1189686295421996,BetVictor,early
1.0,0.6476183198340537,0.9369658806114393,BetVictor,late
1.9898989898989898,0.6214644941089953,0.896022589199419,BetVictor,late
2.9797979797979797,0.5953106683839484,0.8556432412587729,BetVictor,late
3.9696969696969697,0.5691569901711193,0.8159125303801841,BetVictor,late
4.959595959595959,0.5430056058639514,0.7769419141804009,BetVictor,late
5.94949494949495,0.5168629141849035,0.7388777478968386,BetVictor,late
6.939393939393939,0.49074044100196756,0.7018954569980719,BetVictor,late
7.929292929292929,0.4646552782917093,0.666190695872248,BetVictor,late
8.919191919191919,0.43863024372780623,0.6319690244218606,BetVictor,late
9.909090909090908,0.41269391116272236,0.599434837721164,BetVictor,late
10.898989898989898,0.386880526764668,0.568779715120926,BetVictor,late
11.888888888888888,0.3612298257413926,0.5401705586143104,BetVictor,late
12.878787878787879,0.3357867650528443,0.5137381530420444,BetVictor,late
13.868686868686869,0.31060118758590005,0.4895670625140785,BetVictor,late
14.85858585858586,0.28572743293811653,0.4676879998479794,BetVictor,late
15.848484848484848,0.2612239092875299,0.4480738579380251,BetVictor,late
16.838383838383837,0.23715263983521595,0.43064036798715793,BetVictor,late
17.82828282828283,0.21357879603921948,0.4152518092459282,BetVictor,late
18.818181818181817,0.19057022836388504,0.4017314159224125,BetVictor,late
19.80808080808081,0.16819700357640777,0.38987530556214717,BetVictor,late
20.7979797979798,0.146530955801621,0.37946813406331625,BetVictor,late
21.787878787878785,0.12564525663837334,0.3702984483937859,BetVictor,late
22.77777777777778,0.10561400770281393,0.3621718985859591,BetVictor,late
23.767676767676768,0.08651185704774778,0.354920980110992,BetVictor,late
24.757575757575758,0.06841363905869902,0.34841062521841176,BetVictor,late
25.747474747474747,0.05139403570141732,0.3425395792984927,BetVictor,late
26.737373737373737,0.035527255434030014,0.3372379860066646,BetVictor,late
27.727272727272727,0.020886724743475638,0.33246193703190474,BetVictor,late
28.71717171717172,0.007544786151216565,0.3281859396275343,BetVictor,late
29.707070707070706,-0.0044276043083866234,0.32439434916172766,BetVictor,late
30.696969696969695,-0.014961187680778476,0.3210728244440065,BetVictor,late
31.686868686868685,-0.023988728535444537,0.318200791505814,BetVictor,late
32.676767676767675,-0.03144536495593209,0.31574573898999475,BetVictor,late
33.666666666666664,-0.037268989369483974,0.3136599152822705,BetVictor,late
34.65656565656566,-0.041400666792109186,0.31187967550422935,BetVictor,late
35.64646464646465,-0.04378509604792691,0.3103273812181523,BetVictor,late
36.63636363636363,-0.04437111822964823,0.3089154457947643,BetVictor,late
37.62626262626262,-0.043112275118739274,0.30755189585449355,BetVictor,late
38.61616161616161,-0.03996741853402519,0.3061467119814584,BetVictor,late
39.60606060606061,-0.03490136964827173,0.30461821718138343,BetVictor,late
40.5959595959596,-0.02788562525566174,0.3028988717841463,BetVictor,late
41.58585858585859,-0.01889910584362753,0.30093997017516316,BetVictor,late
42.57575757575757,-0.007928938155757348,0.29871488241784294,BetVictor,late
43.56565656565656,0.00502873718742658,0.2962206192565002,BetVictor,late
44.55555555555556,0.019967944485383193,0.29347761361821145,BetVictor,late
45.54545454545455,0.03687205155757123,0.2905277096775915,BetVictor,late
46.535353535353536,0.055712963240928254,0.28743044376078525,BetVictor,late
47.525252525252526,0.07645034636533024,0.28425780376415966,BetVictor,late
48.51515151515151,0.09903090396506911,0.2810877751969194,BetVictor,late
49.505050505050505,0.12338771733832814,0.27799712191047915,BetVictor,late
50.494949494949495,0.14943967507322503,0.27505399246244505,BetVictor,late
51.48484848484849,0.17709100825936658,0.2723110572104596,BetVictor,late
52.474747474747474,0.2062309508139904,0.26979992473264114,BetVictor,late
53.46464646464646,0.2367335431173107,0.2675275209466338,BetVictor,late
54.45454545454545,0.2684575959858134,0.265474924377294,BetVictor,late
55.44444444444444,0.301246830449096,0.2635988566008197,BetVictor,late
56.43434343434344,0.3349302068011256,0.26183568433479537,BetVictor,late
57.42424242424242,0.36932245403175623,0.2601074739665641,BetVictor,late
58.414141414141405,0.40422480800625527,0.2583294167017821,BetVictor,late
59.4040404040404,0.43942596369122744,0.25641784678783675,BetVictor,late
60.39393939393939,0.4747032434117401,0.2542981000700243,BetVictor,late
61.38383838383839,0.5098239795646766,0.2519115686223591,BetVictor,late
62.37373737373737,0.5445471064977703,0.24922145089276787,BetVictor,late
63.36363636363637,0.5786249524337659,0.24621683380985884,BetVictor,late
64.35353535353535,0.611805218440852,0.24291484899913732,BetVictor,late
65.34343434343434,0.6438331276210737,0.23936071516398635,BetVictor,late
66.33333333333333,0.6744537239372099,0.23562552678393545,BetVictor,late
67.32323232323232,0.7034142965125529,0.23180170396340638,BetVictor,late
68.31313131313131,0.7304669018690733,0.22799611713132062,BetVictor,late
69.3030303030303,0.7553709535031183,0.22432108096105052,BetVictor,late
70.2929292929293,0.777895845475199,0.22088369564607233,BetVictor,late
71.28282828282828,0.7978235743669799,0.2177743827776104,BetVictor,late
72.27272727272727,0.8149513220812006,0.2150558400914656,BetVictor,late
73.26262626262626,0.8290939605481444,0.21275388911417345,BetVictor,late
74.25252525252525,0.8400864385539877,0.21085166260685806,BetVictor,late
75.24242424242425,0.8477860105534016,0.20928819070883534,BetVictor,late
76.23232323232322,0.8520742675383837,0.20796175092622735,BetVictor,late
77.22222222222221,0.8528589307954111,0.206737546560799,BetVictor,late
78.2121212121212,0.8500753706484114,0.20545862743351231,BetVictor,late
79.2020202020202,0.8436878141539721,0.20395865317051864,BetVictor,late
80.1919191919192,0.8336902080042536,0.20207516044254534,BetVictor,late
81.18181818181817,0.8201067056574367,0.1996623320321703,BetVictor,late
82.17171717171718,0.8029917508924522,0.19660271932567955,BetVictor,late
83.16161616161615,0.7824297334655246,0.19281780313342542,BetVictor,late
84.15151515151514,0.7585341964031147,0.18827760975638155,BetVictor,late
85.14141414141415,0.7314465784542958,0.183009794620075,BetVictor,late
86.13131313131312,0.7013344793669947,0.1771086345446251,BetVictor,late
87.12121212121212,0.6683894398578116,0.17074415243149202,BetVictor,late
88.1111111111111,0.6328242322831357,0.1641709472911183,BetVictor,late
89.1010101010101,0.59486966210305,0.15773489013244968,BetVictor,late
90.0909090909091,0.5547708840431329,0.1518733202866353,BetVictor,late
91.08080808080807,0.5127832403804129,0.1471009301136875,BetVictor,late
92.07070707070707,0.46916763192463895,0.14397122494840314,BetVictor,late
93.06060606060605,0.4241854349320542,0.14300743374841418,BetVictor,late
94.05050505050505,0.3780929793187271,0.14461232637057897,BetVictor,late
95.04040404040404,0.33113560500672024,0.14898852789916758,BetVictor,late
96.03030303030302,0.28354131400748583,0.15610820140155507,BetVictor,late
97.02020202020202,0.23551403583882258,0.1657471238058807,BetVictor,late
98.010101010101,0.18722652306448917,0.17756135393103323,BetVictor,late
99.0,0.13881289201384983,0.19116915218703792,BetVictor,late
1.0,2.148303975953322,0.20558205288185863,Interwetten,early
1.9898989898989898,2.1084135962103483,0.19264091010669473,Interwetten,early
2.9797979797979797,2.068545810036842,0.18037014558178718,Interwetten,early
3.9696969696969697,2.028725812447745,0.1689209380501798,Interwetten,early
4.959595959595959,1.9889868988031103,0.15846056661268676,Interwetten,early
5.94949494949495,1.9493693238072085,0.14916084630146428,Interwetten,early
6.939393939393939,1.9099191496147925,0.14118173862682318,Interwetten,early
7.929292929292929,1.8706870966060392,0.1346504833662533,Interwetten,early
8.919191919191919,1.8317274114074948,0.12963898658416145,Interwetten,early
9.909090909090908,1.7930967672267175,0.1261449616346295,Interwetten,early
10.898989898989898,1.754853211561355,0.12408350522205218,Interwetten,early
11.888888888888888,1.7170551758681882,0.12329348792764602,Interwetten,early
12.878787878787879,1.6797605608751898,0.12355776752510574,Interwetten,early
13.868686868686869,1.6430259099308007,0.12463105811419847,Interwetten,early
14.85858585858586,1.6069056811550086,0.126267602902437,Interwetten,early
15.848484848484848,1.5714516272389036,0.12824291236108012,Interwetten,early
16.838383838383837,1.5367122895853966,0.13036744612368587,Interwetten,early
17.82828282828283,1.5027326111510702,0.13249293367547488,Interwetten,early
18.818181818181817,1.4695536698971114,0.13451325801531056,Interwetten,early
19.80808080808081,1.437212532240979,0.1363618592516469,Interwetten,early
20.7979797979798,1.4057422233838641,0.13800712690887645,Interwetten,early
21.787878787878785,1.3751718089268037,0.13944670596684505,Interwetten,early
22.77777777777778,1.3455265798371818,0.14070123956861763,Interwetten,early
23.767676767676768,1.3168283306397326,0.14180784481465397,Interwetten,early
24.757575757575758,1.2890957187310743,0.14281353471413258,Interwetten,early
25.747474747474747,1.2623446909977742,0.1437688101359418,Interwetten,early
26.737373737373737,1.2365889624937911,0.14472170128984882,Interwetten,early
27.727272727272727,1.2118405308356819,0.14571259307845907,Interwetten,early
28.71717171717172,1.1881102092276064,0.14677018338513442,Interwetten,early
29.707070707070706,1.1654081606521323,0.14790887223129617,Interwetten,early
30.696969696969695,1.1437444157668288,0.14912775842484208,Interwetten,early
31.686868686868685,1.1231293574326653,0.1504112491414821,Interwetten,early
32.676767676767675,1.1035741555632264,0.1517311055965905,Interwetten,early
33.666666666666664,1.0850911371107603,0.15304959728717496,Interwetten,early
34.65656565656566,1.0676940774750736,0.15432334885314783,Interwetten,early
35.64646464646465,1.0513984014072992,0.15550744652979678,Interwetten,early
36.63636363636363,1.0362212835472975,0.1565594138272618,Interwetten,early
37.62626262626262,1.0221816410418616,0.15744274483051854,Interwetten,early
38.61616161616161,1.0093000131958532,0.15812977338212625,Interwetten,early
39.60606060606061,0.9975983257589984,0.15860373879228168,Interwetten,early
40.5959595959596,0.9870995401959766,0.1588599743725398,Interwetten,early
41.58585858585859,0.9778271910708627,0.1589061932304577,Interwetten,early
42.57575757575757,0.9698048174428359,0.15876188136669123,Interwetten,early
43.56565656565656,0.9630552968617754,0.1584568389337403,Interwetten,early
44.55555555555556,0.9576000931142922,0.15802894450024207,Interwetten,early
45.54545454545455,0.9534584312493077,0.15752126028039362,Interwetten,early
46.535353535353536,0.9506464155581608,0.15697865048087561,Interwetten,early
47.525252525252526,0.9491761080484411,0.15644414634890813,Interwetten,early
48.51515151515151,0.9490545864938826,0.15595534966650226,Interwetten,early
49.505050505050505,0.9502830023287313,0.1555412053011031,Interwetten,early
50.494949494949495,0.9528556594541291,0.15521947539994368,Interwetten,early
51.48484848484849,0.9567591354146723,0.15499520018879728,Interwetten,early
52.474747474747474,0.9619714663705197,0.15486033191172593,Interwetten,early
53.46464646464646,0.9684614168278572,0.15479459291577047,Interwetten,early
54.45454545454545,0.9761878541987731,0.1547674621893615,Interwetten,early
55.44444444444444,0.9850992469536417,0.15474106669377377,Interwetten,early
56.43434343434344,0.9951333034157763,0.1546736681372356,Interwetten,early
57.42424242424242,1.0062167661594141,0.15452340237944606,Interwetten,early
58.414141414141405,1.0182653745418198,0.15425194262490086,Interwetten,early
59.4040404040404,1.031184005163366,0.15382780393303594,Interwetten,early
60.39393939393939,1.0448669970535327,0.15322906710273665,Interwetten,early
61.38383838383839,1.059198665175979,0.15244535941275902,Interwetten,early
62.37373737373737,1.0740540024865313,0.15147897917510622,Interwetten,early
63.36363636363637,1.0892995673225967,0.15034508886826944,Interwetten,early
64.35353535353535,1.1047945494123104,0.14907093210579933,Interwetten,early
65.34343434343434,1.1203920043262796,0.14769406141432792,Interwetten,early
66.33333333333333,1.1359402428152297,0.14625960721380257,Interwetten,early
67.32323232323232,1.1512843582489025,0.1448166829444362,Interwetten,early
68.31313131313131,1.1662678723471203,0.14341411141878685,Interwetten,early
69.3030303030303,1.1807344766312649,0.1420957679620161,Interwetten,early
70.2929292929293,1.194529844572903,0.14089594819713522,Interwetten,early
71.28282828282828,1.2075034873219255,0.13983525115404238,Interwetten,early
72.27272727272727,1.219510624197742,0.13891748552823718,Interwetten,early
73.26262626262626,1.2304140378563626,0.13812803208511396,Interwetten,early
74.25252525252525,1.240085883224732,0.13743392792075704,Interwetten,early
75.24242424242425,1.2484094189450827,0.13678571104439935,Interwetten,early
76.23232323232322,1.2552806301966788,0.13612083324124727,Interwetten,early
77.22222222222221,1.260609712361278,0.13536827420480274,Interwetten,early
78.2121212121212,1.2643223860633541,0.13445390798338885,Interwetten,early
79.2020202020202,1.2663610156264093,0.13330618841403832,Interwetten,early
80.1919191919192,1.266685504916075,0.13186180964357644,Interwetten,early
81.18181818181817,1.2652739468534715,0.13007112384786676,Interwetten,early
82.17171717171718,1.2621230055359596,0.12790322501709403,Interwetten,early
83.16161616161615,1.2572480128422585,0.1253507081156695,Interwetten,early
84.15151515151514,1.2506827645792813,0.12243416714068998,Interwetten,early
85.14141414141415,1.2424790045783163,0.11920648241770197,Interwetten,early
86.13131313131312,1.2327055886007778,0.11575683290735703,Interwetten,early
87.12121212121212,1.2214473234057106,0.11221409735739532,Interwetten,early
88.1111111111111,1.208803479786283,0.10874880695805068,Interwetten,early
89.1010101010101,1.1948859817284045,0.10557204621012584,Interwetten,early
90.0909090909091,1.1798172770056579,0.10292881595677654,Interwetten,early
91.08080808080807,1.1637278974302006,0.10108295514468489,Interwetten,early
92.07070707070707,1.1467537195542683,0.10029191465904963,Interwetten,early
93.06060606060605,1.1290329387962004,0.10077358257663718,Interwetten,early
94.05050505050505,1.1107027716809548,0.10267319615946925,Interwetten,early
95.04040404040404,1.0918959020722891,0.10604208923561118,Interwetten,early
96.03030303030302,1.0727366878808242,0.11083693760598377,Interwetten,early
97.02020202020202,1.0533371447046727,0.11693895266430869,Interwetten,early
98.010101010101,1.0337927221484247,0.12418407265289667,Interwetten,early
99.0,1.0141778871326366,0.13239343659452357,Interwetten,early
1.0,2.2173781288266965,0.26324547108817475,Interwetten,late
1.9898989898989898,2.1662657432359063,0.2476071674888952,Interwetten,late
2.9797979797979797,2.1152013197233366,0.23269858462541837,Interwetten,late
3.9696969696969697,2.0642399526284345,0.21867669674981807,Interwetten,late
4.959595959595959,2.013454206831743,0.20571505900187487,Interwetten,late
5.94949494949495,1.9629311779634273,0.1939927478777452,Interwetten,late
6.939393939393939,1.9127696294529553,0.18367942793638206,Interwetten,late
7.929292929292929,1.8630772228977053,0.1749167123018796,Interwetten,late
8.919191919191919,1.813967859703206,0.16779760955384895,Interwetten,late
9.909090909090908,1.7655591526996914,0.162347899456588,Interwetten,late
10.898989898989898,1.7179700465076944,0.15851465270341095,Interwetten,late
11.888888888888888,1.671318604854255,0.15616639387149944,Interwetten,late
12.878787878787879,1.625719981882262,0.15510615430802077,Interwetten,late
13.868686868686869,1.5812845928037444,0.15509432817767194,Interwetten,late
14.85858585858586,1.5381164970868995,0.1558753335088184,Interwetten,late
15.848484848484848,1.4963120048050524,0.15720204165797355,Interwetten,late
16.838383838383837,1.4559585138825597,0.1588541433937844,Interwetten,late
17.82828282828283,1.4171335828239946,0.16064933468087042,Interwetten,late
18.818181818181817,1.3799042401850348,0.16244811743290638,Interwetten,late
19.80808080808081,1.3443265286139372,0.16415380067043414,Interwetten,late
20.7979797979798,1.3104452778389972,0.16570928038986188,Interwetten,late
21.787878787878785,1.278294097577282,0.1670918220475482,Interwetten,late
22.77777777777778,1.2478955780658123,0.16830667770794114,Interwetten,late
23.767676767676768,1.2192616828348746,0.16938008007524652,Interwetten,late
24.757575757575758,1.1923943155275256,0.17035199648317573,Interwetten,late
25.747474747474747,1.1672860400709004,0.1712689736097372,Interwetten,late
26.737373737373737,1.143920931378585,0.1721774152476778,Interwetten,late
27.727272727272727,1.1222755320528432,0.1731176640181601,Interwetten,late
28.71717171717172,1.102319889296362,0.17411926102085956,Interwetten,late
29.707070707070706,1.0840186454614105,0.17519770505693472,Interwetten,late
30.696969696969695,1.0673321553768549,0.17635291548893478,Interwetten,late
31.686868686868685,1.0522176038072457,0.17756943419170856,Interwetten,late
32.676767676767675,1.0386300971093245,0.1788182160751965,Interwetten,late
33.666666666666664,1.026523704347127,0.1800596950817485,Interwetten,late
34.65656565656566,1.0158524247865217,0.18124770607352625,Interwetten,late
35.64646464646465,1.006571060779497,0.18233380664452722,Interwetten,late
36.63636363636363,0.9986359775291825,0.18327157026241386,Interwetten,late
37.62626262626262,0.9920057340506745,0.1840204929485399,Interwetten,late
38.61616161616161,0.9866415727556707,0.18454924546022897,Interwetten,late
39.60606060606061,0.9825077584308305,0.18483809129377093,Interwetten,late
40.5959595959596,0.9795717608860732,0.18488036577585049,Interwetten,late
41.58585858585859,0.9778042791513888,0.1846829696982645,Interwetten,late
42.57575757575757,0.9771791087296378,0.18426587560654634,Interwetten,late
43.56565656565656,0.9776728569989084,0.18366068295548055,Interwetten,late
44.55555555555556,0.9792645153284303,0.18290829787185994,Interwetten,late
45.54545454545455,0.9819348997617767,0.18205586076683622,Interwetten,late
46.535353535353536,0.9856659751641919,0.18115310334328436,Interwetten,late
47.525252525252526,0.9904400804678717,0.18024838273468993,Interwetten,late
48.51515151515151,0.9962390750253146,0.17938470474792173,Interwetten,late
49.505050505050505,1.0030434280490474,0.17859609440456564,Interwetten,late
50.494949494949495,1.0108312746360155,0.17790468150231697,Interwetten,late
51.48484848484849,1.019577462915425,0.17731882681311936,Interwetten,late
52.474747474747474,1.0292526173979788,0.17683251679942968,Interwetten,late
53.46464646464646,1.0398222436268947,0.17642611282406742,Interwetten,late
54.45454545454545,1.051245898736489,0.17606838033205519,Interwetten,late
55.44444444444444,1.0634764515175696,0.17571957642916097,Interwetten,late
56.43434343434344,1.076459454086783,0.17533526830481969,Interwetten,late
57.42424242424242,1.0901326452853766,0.17487050445613006,Interwetten,late
58.414141414141405,1.10442560352615,0.1742839639912755,Interwetten,late
59.4040404040404,1.1192595640088097,0.1735417522232365,Interwetten,late
60.39393939393939,1.134547412083908,0.17262057378307513,Interwetten,late
61.38383838383839,1.150193861122004,0.1715100798870852,Interwetten,late
62.37373737373737,1.1660958196001938,0.17021424293550924,Interwetten,late
63.36363636363637,1.1821429483167376,0.16875165609789003,Interwetten,late
64.35353535353535,1.1982184047628164,0.16715469214043555,Interwetten,late
65.34343434343434,1.214199767785543,0.16546749422531,Interwetten,late
66.33333333333333,1.2299601318421023,0.16374282441503282,Interwetten,late
67.32323232323232,1.2453693564435886,0.1620378750206417,Interwetten,late
68.31313131313131,1.260295452887476,0.16040925965146643,Interwetten,late
69.3030303030303,1.2746060871458762,0.15890753856417222,Interwetten,late
70.2929292929293,1.2881701748738892,0.15757177320570412,Interwetten,late
71.28282828282828,1.3008595419830289,0.15642470768851516,Interwetten,late
72.27272727272727,1.3125506221363317,0.15546919409673934,Interwetten,late
73.26262626262626,1.3231261609062754,0.1546863811842437,Interwetten,late
74.25252525252525,1.3324768952234516,0.1540359735307818,Interwetten,late
75.24242424242425,1.3405031761545336,0.15345858452270303,Interwetten,late
76.23232323232322,1.3471165029951266,0.15287992522245272,Interwetten,late
77.22222222222221,1.3522409371477377,0.15221636567285693,Interwetten,late
78.2121212121212,1.3558143652683121,0.15138131876754846,Interwetten,late
79.2020202020202,1.3577895826881168,0.150291929853233,Interwetten,late
80.1919191919192,1.3581351701217452,0.14887567348816144,Interwetten,late
81.18181818181817,1.3568361391178716,0.14707661381171436,Interwetten,late
82.17171717171718,1.3538943245469803,0.14486123258549558,Interwetten,late
83.16161616161615,1.3493285056043194,0.1422238372134287,Interwetten,late
84.15151515151514,1.3431742402574727,0.13919160699414374,Interwetten,late
85.14141414141415,1.3354834017283619,0.13582929507623975,Interwetten,late
86.13131313131312,1.326323409390404,0.13224343798673216,Interwetten,late
87.12121212121212,1.315776150304516,0.12858557671100437,Interwetten,late
88.1111111111111,1.3039365914306875,0.12505340397798184,Interwetten,late
89.1010101010101,1.2909110862511788,0.12188793562021097,Interwetten,late
90.0909090909091,1.2768153830447244,0.11936401675956322,Interwetten,late
91.08080808080807,1.261772345272607,0.11777144000027885,Interwetten,late
92.07070707070707,1.2459093973993633,0.11738583228541236,Interwetten,late
93.06060606060605,1.229355711895397,0.11843296608084349,Interwetten,late
94.05050505050505,1.2122391550770417,0.12105574788540362,Interwetten,late
95.04040404040404,1.1946830107682436,0.12529551474105852,Interwetten,late
96.03030303030302,1.1768025014512622,0.13109477190778018,Interwetten,late
97.02020202020202,1.1587011265540563,0.1383191820862685,Interwetten,late
98.010101010101,1.1404668367485085,0.14678931243898274,Interwetten,late
99.0,1.1221680615601026,0.1563118651945658,Interwetten,late
1.0,0.8276153506420785,0.13031525410339156,10Bet,early
1.9898989898989898,0.8308282810992461,0.12859018838576466,10Bet,early
2.9797979797979797,0.8340412110223616,0.12687314397457927,10Bet,early
3.9696969696969697,0.8372541399278519,0.1251644527354702,10Bet,early
4.959595959595959,0.8404670673529098,0.1234644623929545,10Bet,early
5.94949494949495,0.843679992978499,0.12177353668280605,10Bet,early
6.939393939393939,0.8468929167442587,0.12009205568233006,10Bet,early
7.929292929292929,0.850105838954601,0.11842041633393979,10Bet,early
8.919191919191919,0.8533187603752328,0.11675903317222112,10Bet,early
9.909090909090908,0.8565316823192909,0.11510833925788118,10Bet,early
10.898989898989898,0.8597446067222908,0.11346878731431556,10Bet,early
11.888888888888888,0.8629575362051239,0.11184085105467242,10Bet,early
12.878787878787879,0.8661704741244113,0.11022502667986596,10Bet,early
13.868686868686869,0.869383424609616,0.10862183452153856,10Bet,early
14.85858585858586,0.8725963925864448,0.10703182079892416,10Bet,early
15.848484848484848,0.8758093837862095,0.10545555945522828,10Bet,early
16.838383838383837,0.8790224047409841,0.10389365403767119,10Bet,early
17.82828282828283,0.8822354627645658,0.10234673958574278,10Bet,early
18.818181818181817,0.8854485659194355,0.10081548449434367,10Bet,early
19.80808080808081,0.8886617229701016,0.0993005923220488,10Bet,early
20.7979797979798,0.8918749433234008,0.09780280351931568,10Bet,early
21.787878787878785,0.8950882369565204,0.09632289705656774,10Bet,early
22.77777777777778,0.8983016143336852,0.09486169193715037,10Bet,early
23.767676767676768,0.9015150863126229,0.09342004858460114,10Bet,early
24.757575757575758,0.9047286640420805,0.09199887009693536,10Bet,early
25.747474747474747,0.9079423588518004,0.09059910336222285,10Bet,early
26.737373737373737,0.9111561821364875,0.0892217400292268,10Bet,early
27.727272727272727,0.914370145235394,0.08786781732402286,10Bet,early
28.71717171717172,0.9175842593092209,0.08653841869821917,10Bet,early
29.707070707070706,0.9207985352160871,0.08523467428672976,10Bet,early
30.696969696969695,0.9240129833883277,0.08395776114328525,10Bet,early
31.686868686868685,0.9272276137118884,0.08270890321044784,10Bet,early
32.676767676767675,0.9304424354100376,0.08148937096846362,10Bet,early
33.666666666666664,0.933657456933063,0.08030048069461745,10Bet,early
34.65656565656566,0.9368726858555307,0.07914359325276173,10Bet,early
35.64646464646465,0.94008812878257,0.0780201123223617,10Bet,early
36.63636363636363,0.9433037912665175,0.07693148196876719,10Bet,early
37.62626262626262,0.9465196777350963,0.07587918345250404,10Bet,early
38.61616161616161,0.9497357914321312,0.07486473117613034,10Bet,early
39.60606060606061,0.9529521343716177,0.07388966767345301,10Bet,early
40.5959595959596,0.95616870730576,0.07295555755829564,10Bet,early
41.58585858585859,0.9593855097073833,0.07206398036895362,10Bet,early
42.57575757575757,0.9626025397669188,0.07121652227007268,10Bet,early
43.56565656565656,0.9658197944039372,0.07041476660569435,10Bet,early
44.55555555555556,0.9690372692930022,0.06966028333498536,10Bet,early
45.54545454545455,0.9722549589034029,0.06895461742463603,10Bet,early
46.535353535353536,0.9754728565521302,0.06829927631757284,10Bet,early
47.525252525252526,0.9786909544692751,0.06769571664455679,10Bet,early
48.51515151515151,0.9819092438748576,0.06714533039114831,10Bet,early
49.505050505050505,0.985127715065943,0.06664943077485315,10Bet,early
50.494949494949495,0.9883463575127704,0.0662092381233361,10Bet,early
51.48484848484849,0.9915651599625072,0.06582586607176406,10Bet,early
52.474747474747474,0.9947841105491595,0.06550030841323379,10Bet,early
53.46464646464646,0.9980031969081063,0.06523342693896199,10Bet,early
54.45454545454545,1.0012224062936892,0.06502594059326594,10Bet,early
55.44444444444444,1.0044417256982787,0.06487841624202259,10Bet,early
56.43434343434344,1.0076611419712567,0.06479126131293204,10Bet,early
57.42424242424242,1.010880641936392,0.06476471851320403,10Bet,early
58.414141414141405,1.0141002125061487,0.06479886276784017,10Bet,early
59.4040404040404,1.0173198407915562,0.06489360045284923,10Bet,early
60.39393939393939,1.0205395142063722,0.0650486709263258,10Bet,early
61.38383838383839,1.0237592205643948,0.06526365029030123,10Bet,early
62.37373737373737,1.0269789481689189,0.06553795725139058,10Bet,early
63.36363636363637,1.0301986858934802,0.06587086089173122,10Bet,early
64.35353535353535,1.0334184232531938,0.06626149011597962,10Bet,early
65.34343434343434,1.0366381504661604,0.06670884450671154,10Bet,early
66.33333333333333,1.039857858504578,0.06721180629998479,10Bet,early
67.32323232323232,1.0430775391353726,0.06776915318468472,10Bet,early
68.31313131313131,1.0462971849503253,0.0683795716324287,10Bet,early
69.3030303030303,1.0495167893858273,0.06904167047754713,10Bet,early
70.2929292929293,1.052736346732552,0.06975399448696303,10Bet,early
71.28282828282828,1.055955852135469,0.07051503768554343,10Bet,early
72.27272727272727,1.059175301584745,0.07132325623168863,10Bet,early
73.26262626262626,1.0623946918981864,0.07217708066880726,10Bet,early
74.25252525252525,1.065614020695972,0.0730749274094804,10Bet,early
75.24242424242425,1.0688332863684837,0.07401520933950272,10Bet,early
76.23232323232322,1.0720524880381006,0.07499634545790888,10Bet,early
77.22222222222221,1.0752716255158479,0.07601676949615532,10Bet,early
78.2121212121212,1.0784906992537944,0.07707493748465766,10Bet,early
79.2020202020202,1.0817097102940876,0.07816933425785946,10Bet,early
80.1919191919192,1.0849286602154717,0.07929847890996793,10Bet,early
81.18181818181817,1.0881475510780876,0.08046092923248392,10Bet,early
82.17171717171718,1.091366385367284,0.08165528518168899,10Bet,early
83.16161616161615,1.0945851659370793,0.08288019143927175,10Bet,early
84.15151515151514,1.0978038959538212,0.084134339142162,10Bet,early
85.14141414141415,1.101022578840477,0.0854164668682132,10Bet,early
86.13131313131312,1.104241218221872,0.08672536097242194,10Bet,early
87.12121212121212,1.107459817871076,0.08805985537369268,10Bet,early
88.1111111111111,1.110678381657005,0.08941883089457292,10Bet,early
89.1010101010101,1.1138969134931902,0.09080121425580494,10Bet,early
90.0909090909091,1.1171154172875406,0.09220597682397141,10Bet,early
91.08080808080807,1.1203338968928183,0.09363213320408671,10Bet,early
92.07070707070707,1.1235523560574436,0.09507873975997748,10Bet,early
93.06060606060605,1.1267707983761484,0.09654489313412049,10Bet,early
94.05050505050505,1.1299892272399412,0.09802972882581223,10Bet,early
95.04040404040404,1.1332076457847666,0.0995324198727992,10Bet,early
96.03030303030302,1.1364260568382307,0.10105217566755892,10Bet,early
97.02020202020202,1.1396444628637314,0.10258824092610944,10Bet,early
98.010101010101,1.1428628659013496,0.10413989481538669,10Bet,early
99.0,1.146081267504895,0.10570645023571512,10Bet,early
1.0,-0.2024968694126672,0.4864914591519007,10Bet,late
1.9898989898989898,-0.12577715136911127,0.4563095826041507,10Bet,late
2.9797979797979797,-0.04905789243688585,0.4266861804314231,10Bet,late
3.9696969696969697,0.0276567134931347,0.3977625008192766,10Bet,late
4.959595959595959,0.10435490488974963,0.36973473866290624,10Bet,late
5.94949494949495,0.1810154600350098,0.3428521029763102,10Bet,late
6.939393939393939,0.25760651235100673,0.3174089845724295,10Bet,late
7.929292929292929,0.33408429942010387,0.29373351562389066,10Bet,late
8.919191919191919,0.4103918407513223,0.27217034439388393,10Bet,late
9.909090909090908,0.48645760654519044,0.2530548093112685,10Bet,late
10.898989898989898,0.5621942443373775,0.2366765727445469,10Bet,late
11.888888888888888,0.637497432324874,0.22323417723626796,10Bet,late
12.878787878787879,0.712244927545695,0.21278831290702882,10Bet,late
13.868686868686869,0.7862958740705942,0.2052283009168131,10Bet,late
14.85858585858586,0.8594904311835591,0.20026752450821575,10Bet,late
15.848484848484848,0.9316497744028834,0.19747473519107395,10Bet,late
16.838383838383837,1.0025765133813032,0.19633298959731998,10Bet,late
17.82828282828283,1.0720555604953015,0.19630715200758342,10Bet,late
18.818181818181817,1.1398554725819747,0.19690149621619452,10Bet,late
19.80808080808081,1.2057302761081077,0.19769785163280715,10Bet,late
20.7979797979798,1.2694217733744249,0.19837406711070482,10Bet,late
21.787878787878785,1.3306623144792131,0.19870759473249672,10Bet,late
22.77777777777778,1.3891780070044295,0.19856980628046655,10Bet,late
23.767676767676768,1.4446923230467945,0.19791533245172963,10Bet,late
24.757575757575758,1.4969300515875843,0.19676898383886726,10Bet,late
25.747474747474747,1.545621533550967,0.19521146226394775,10Bet,late
26.737373737373737,1.5905071074924404,0.19336427249250435,10Bet,late
27.727272727272727,1.631341685908472,0.1913739329462345,10Bet,late
28.71717171717172,1.6678993758559166,0.18939565472652742,10Bet,late
29.707070707070706,1.6999780530711464,0.1875770074407675,10Bet,late
30.696969696969695,1.7274037962006341,0.18604258482352443,10Bet,late
31.686868686868685,1.7500350871749977,0.18488112639255838,10Bet,late
32.676767676767675,1.7677666852115668,0.18413670360177234,10Bet,late
33.666666666666664,1.7805330854095907,0.183805255159278,10Bet,late
34.65656565656566,1.7883114783580738,0.1838369556762164,10Bet,late
35.64646464646465,1.7911241345178124,0.18414386133083865,10Bet,late
36.63636363636363,1.7890401462375032,0.1846113690324253,10Bet,late
37.62626262626262,1.782176470951708,0.1851115572964812,10Bet,late
38.61616161616161,1.770698231181306,0.18551652991411155,10Bet,late
39.60606060606061,1.754818240195692,0.18571031619480668,10Bet,late
40.5959595959596,1.7347957363347017,0.18559845364492397,10Bet,late
41.58585858585859,1.710934323753227,0.18511488623441033,10Bet,late
42.57575757575757,1.6835791324567264,0.18422615127317812,10Bet,late
43.56565656565656,1.6531132256396137,0.18293299163418145,10Bet,late
44.55555555555556,1.619953297218217,0.18126956283304843,10Bet,late
45.54545454545455,1.5845447167672964,0.1793003694842194,10Bet,late
46.535353535353536,1.5473559925319378,0.17711502535711127,10Bet,late
47.525252525252526,1.5088727355197662,0.1748209418255704,10Bet,late
48.51515151515151,1.4695912186255005,0.17253415768115243,10Bet,late
49.505050505050505,1.4300116340688938,0.17036875583148073,10Bet,late
50.494949494949495,1.3906311599382872,0.16842565472416407,10Bet,late
51.48484848484849,1.3519369521569204,0.16678193503140948,10Bet,late
52.474747474747474,1.3143991815996048,0.16548211901676654,10Bet,late
53.46464646464646,1.278464237288771,0.1645327935150299,10Bet,late
54.45454545454545,1.2445482155482828,0.1639015603397599,10Bet,late
55.44444444444444,1.2130308116834456,0.16352056986227914,10Bet,late
56.43434343434344,1.1842497252246709,0.1632940661972532,10Bet,late
57.42424242424242,1.1584956821019363,0.16310872522856157,10Bet,late
58.414141414141405,1.1360081674300369,0.16284528820776792,10Bet,late
59.4040404040404,1.1169719510420641,0.16239009715370623,10Bet,late
60.39393939393939,1.1015144747099133,0.16164549055479718,10Bet,late
61.38383838383839,1.0897041553650288,0.16053843717120952,10Bet,late
62.37373737373737,1.081549642840935,0.15902712954406276,10Bet,late
63.36363636363637,1.0770000539815898,0.1571054579891763,10Bet,late
64.35353535353535,1.0759461877008936,0.1548053330308361,10Bet,late
65.34343434343434,1.0782227080483073,0.15219674741041228,10Bet,late
66.33333333333333,1.083611264846383,0.14938531454184048,10Bet,late
67.32323232323232,1.0918445043554197,0.14650685556389942,10Bet,late
68.31313131313131,1.1026109059843825,0.14371853484486166,10Bet,late
69.3030303030303,1.1155603656162654,0.14118621233214151,10Bet,late
70.2929292929293,1.1303104319303203,0.13906825209632423,10Bet,late
71.28282828282828,1.1464530894458922,0.13749706179807558,10Bet,late
72.27272727272727,1.163561971112911,0.13656092329300681,10Bet,late
73.26262626262626,1.1811998743325058,0.13628962563606084,10Bet,late
74.25252525252525,1.198926447468693,0.13664729323424948,10Bet,late
75.24242424242425,1.2163059093294646,0.1375342851375239,10Bet,late
76.23232323232322,1.2329146618335098,0.13879765291065133,10Bet,late
77.22222222222221,1.2483486561669457,0.1402475347980841,10Bet,late
78.2121212121212,1.262230375162204,0.14167598112357965,10Bet,late
79.2020202020202,1.2742152993440738,0.1428751688276583,10Bet,late
80.1919191919192,1.283997730978065,0.14365318356427373,10Bet,late
81.18181818181817,1.2913158593770444,0.1438468098226392,10Bet,late
82.17171717171718,1.295955961488865,0.14333165770472392,10Bet,late
83.16161616161615,1.2977556441702514,0.14203040320156016,10Bet,late
84.15151515151514,1.2966060482925936,0.13992004351521625,10Bet,late
85.14141414141415,1.2924529496301584,0.13703899788554155,10Bet,late
86.13131313131312,1.2852967070345647,0.13349465644315184,10Bet,late
87.12121212121212,1.2751910243648694,0.12947149183852594,10Bet,late
88.1111111111111,1.2622405086660091,0.12523881785997437,10Bet,late
89.1010101010101,1.2465970228117143,0.12115526659356099,10Bet,late
90.0909090909091,1.2284548458821478,0.11766378463338638,10Bet,late
91.08080808080807,1.2080446685691109,0.11526738014520471,10Bet,late
92.07070707070707,1.185626463545168,0.11447598883727149,10Bet,late
93.06060606060605,1.1614812816373432,0.11572540466800066,10Bet,late
94.05050505050505,1.1359020334953664,0.11929133012612787,10Bet,late
95.04040404040404,1.109183322928054,0.12523834708083695,10Bet,late
96.03030303030302,1.0816104019154906,0.13343067891805868,10Bet,late
97.02020202020202,1.0534473182298356,0.1435942930092598,10Bet,late
98.010101010101,1.0249243243835802,0.15539474021902505,10Bet,late
99.0,0.9962246110652158,0.16850091073820225,10Bet,late
1.0,0.4892952659112191,0.6958773623153525,Vulkan Bet,early
1.9898989898989898,0.5135585557738291,0.6741491912291393,Vulkan Bet,early
2.9797979797979797,0.5378216395010936,0.6526396394349402,Vulkan Bet,early
3.9696969696969697,0.5620831021737164,0.6313732792856552,Vulkan Bet,early
4.959595959595959,0.5863391040443042,0.6103805061760712,Vulkan Bet,early
5.94949494949495,0.6105819688722112,0.5896983584836151,Vulkan Bet,early
6.939393939393939,0.6348003193281416,0.5693683825540361,Vulkan Bet,early
7.929292929292929,0.658979769149295,0.5494338220147582,Vulkan Bet,early
8.919191919191919,0.683103338735134,0.5299373748023474,Vulkan Bet,early
9.909090909090908,0.7071519865287985,0.5109190727678278,Vulkan Bet,early
10.898989898989898,0.7311053714991725,0.4924142749329589,Vulkan Bet,early
11.888888888888888,0.754942118038125,0.474452441445937,Vulkan Bet,early
12.878787878787879,0.7786399832625452,0.4570562646268531,Vulkan Bet,early
13.868686868686869,0.8021758392194749,0.4402413223845151,Vulkan Bet,early
14.85858585858586,0.8255257277717685,0.42401614536682997,Vulkan Bet,early
15.848484848484848,0.8486651542048962,0.40838250430569284,Vulkan Bet,early
16.838383838383837,0.8715693301801295,0.39333622381450367,Vulkan Bet,early
17.82828282828283,0.8942134079963557,0.37886835233372834,Vulkan Bet,early
18.818181818181817,0.9165726899873388,0.36496659455799574,Vulkan Bet,early
19.80808080808081,0.9386228030149528,0.3516168981049895,Vulkan Bet,early
20.7979797979798,0.9603398371413931,0.3388050589949778,Vulkan Bet,early
21.787878787878785,0.9817004484191428,0.32651820822437044,Vulkan Bet,early
22.77777777777778,1.0026819265979423,0.3147460508030863,Vulkan Bet,early
23.767676767676768,1.0232622293919793,0.30348174821759505,Vulkan Bet,early
24.757575757575758,1.043419984123703,0.29272235793223117,Vulkan Bet,early
25.747474747474747,1.0631344333703838,0.2824686882519529,Vulkan Bet,early
26.737373737373737,1.0823853881747862,0.27272477944052553,Vulkan Bet,early
27.727272727272727,1.101153154679904,0.26349691940701625,Vulkan Bet,early
28.71717171717172,1.1194184351233405,0.2547922696899198,Vulkan Bet,early
29.707070707070706,1.1371622807689565,0.24661753041221207,Vulkan Bet,early
30.696969696969695,1.1543660030556198,0.2389773647531105,Vulkan Bet,early
31.686868686868685,1.1710110794037882,0.23187285998699714,Vulkan Bet,early
32.676767676767675,1.187079066236883,0.2253002220992459,Vulkan Bet,early
33.666666666666664,1.202551525577978,0.21924978769224202,Vulkan Bet,early
34.65656565656566,1.2174099676749177,0.2137056515426776,Vulkan Bet,early
35.64646464646465,1.2316358151696094,0.20864596105308514,Vulkan Bet,early
36.63636363636363,1.245210394478928,0.20404374996716299,Vulkan Bet,early
37.62626262626262,1.2581149569590981,0.1998682795756171,Vulkan Bet,early
38.61616161616161,1.270330732543935,0.1960867401083748,Vulkan Bet,early
39.60606060606061,1.2818390177391277,0.19266611672371203,Vulkan Bet,early
40.5959595959596,1.292621298959613,0.18957500481637954,Vulkan Bet,early
41.58585858585859,1.3026594112578043,0.1867851682684339,Vulkan Bet,early
42.57575757575757,1.311935731526989,0.18427266825837021,Vulkan Bet,early
43.56565656565656,1.320433404297416,0.18201844264797995,Vulkan Bet,early
44.55555555555556,1.328136597293461,0.18000827910265738,Vulkan Bet,early
45.54545454545455,1.335030783009651,0.1782321918740615,Vulkan Bet,early
46.535353535353536,1.3411030417118612,0.1766832766217896,Vulkan Bet,early
47.525252525252526,1.3463423804970576,0.1753561746107546,Vulkan Bet,early
48.51515151515151,1.3507400623683703,0.1742453221073879,Vulkan Bet,early
49.505050505050505,1.3542899387186165,0.17334318775698432,Vulkan Bet,early
50.494949494949495,1.3569887781787289,0.1726387056132511,Vulkan Bet,early
51.48484848484849,1.3588365844897332,0.17211609164391264,Vulkan Bet,early
52.474747474747474,1.3598368959070695,0.1717541877557086,Vulkan Bet,early
53.46464646464646,1.3599970586504544,0.17152641488503848,Vulkan Bet,early
54.45454545454545,1.3593284670743842,0.1714013446887052,Vulkan Bet,early
55.44444444444444,1.3578467635539662,0.17134382909487747,Vulkan Bet,early
56.43434343434344,1.3555719915549889,0.1713165689323111,Vulkan Bet,early
57.42424242424242,1.3525286959794043,0.17128196420877803,Vulkan Bet,early
58.414141414141405,1.3487459656401357,0.17120407184036276,Vulkan Bet,early
59.4040404040404,1.3442574136084426,0.17105049978884804,Vulkan Bet,early
60.39393939393939,1.3391010921792377,0.1707940847598553,Vulkan Bet,early
61.38383838383839,1.333319340297885,0.17041422801153594,Vulkan Bet,early
62.37373737373737,1.326958562466675,0.16989779534107832,Vulkan Bet,early
63.36363636363637,1.320068939379819,0.1692395196323952,Vulkan Bet,early
64.35353535353535,1.3127040718000134,0.16844187612620534,Vulkan Bet,early
65.34343434343434,1.3049205604647882,0.16751443207686703,Vulkan Bet,early
66.33333333333333,1.2967775260730776,0.16647270479423032,Vulkan Bet,early
67.32323232323232,1.2883360746286052,0.16533659625529878,Vulkan Bet,early
68.31313131313131,1.279658714583539,0.16412850851785238,Vulkan Bet,early
69.3030303030303,1.2708087333114562,0.162871280311328,Vulkan Bet,early
70.2929292929293,1.261849541422496,0.1615861175168091,Vulkan Bet,early
71.28282828282828,1.2528439942958665,0.16029071302361522,Vulkan Bet,early
72.27272727272727,1.2438537009296466,0.1589977581860839,Vulkan Bet,early
73.26262626262626,1.2349383307804416,0.15771403345066426,Vulkan Bet,early
74.25252525252525,1.2261549296742815,0.1564402275599592,Vulkan Bet,early
75.24242424242425,1.2175572561068955,0.15517157566692685,Vulkan Bet,early
76.23232323232322,1.2091951493108284,0.15389933406745274,Vulkan Bet,early
77.22222222222221,1.2011139403469422,0.15261303341937424,Vulkan Bet,early
78.2121212121212,1.1933539171804033,0.1513033834274235,Vulkan Bet,early
79.2020202020202,1.185949854231057,0.14996564666456633,Vulkan Bet,early
80.1919191919192,1.1789306162544808,0.14860325828549167,Vulkan Bet,early
81.18181818181817,1.1723188456239484,0.14723143657818893,Vulkan Bet,early
82.17171717171718,1.1661307411595856,0.145880497141995,Vulkan Bet,early
83.16161616161615,1.1603759356090164,0.1445985413914302,Vulkan Bet,early
84.15151515151514,1.1550574777424363,0.14345313440053414,Vulkan Bet,early
85.14141414141415,1.1501719238079802,0.14253152802187496,Vulkan Bet,early
86.13131313131312,1.1457095418251786,0.1419389553488691,Vulkan Bet,early
87.12121212121212,1.141654630901594,0.14179458113964663,Vulkan Bet,early
88.1111111111111,1.1379859564680639,0.1422249148511371,Vulkan Bet,early
89.1010101010101,1.1346773010696118,0.14335493120862844,Vulkan Bet,early
90.0909090909091,1.1316981291506822,0.14529776342260706,Vulkan Bet,early
91.08080808080807,1.1290143631634564,0.14814445992424874,Vulkan Bet,early
92.07070707070707,1.1265892673350333,0.15195563461683934,Vulkan Bet,early
93.06060606060605,1.1243844345794003,0.15675663588930194,Vulkan Bet,early
94.05050505050505,1.1223608713604725,0.16253709020940008,Vulkan Bet,early
95.04040404040404,1.120480174827575,0.16925463108660393,Vulkan Bet,early
96.03030303030302,1.1187057962763471,0.17684174234341396,Vulkan Bet,early
97.02020202020202,1.1170043849579927,0.1852142387961712,Vulkan Bet,early
98.010101010101,1.1153472064866263,0.19428000734816758,Vulkan Bet,early
99.0,1.1137116305950663,0.2039470443605573,Vulkan Bet,early
1.0,1.9632580128159338,1.5492289905697145,Vulkan Bet,late
1.9898989898989898,1.9179965429485324,1.5059837936247937,Vulkan Bet,late
2.9797979797979797,1.8727350730811225,1.4628946446137545,Vulkan Bet,late
3.9696969696969697,1.827473603213718,1.4199757494263374,Vulkan Bet,late
4.959595959595959,1.7822121333463092,1.3772430249663112,Vulkan Bet,late
5.94949494949495,1.7369506634789014,1.3347143528927918,Vulkan Bet,late
6.939393939393939,1.691689193611495,1.2924098773059285,Vulkan Bet,late
7.929292929292929,1.646427723744092,1.25035235483363,Vulkan Bet,late
8.919191919191919,1.6011662538766775,1.2085675672705656,Vulkan Bet,late
9.909090909090908,1.5559047820509926,1.167084814618551,Vulkan Bet,late
10.898989898989898,1.5106427869374295,1.1259389434340359,Vulkan Bet,late
11.888888888888888,1.4653779261935092,1.0851742484385565,Vulkan Bet,late
12.878787878787879,1.4201061227728125,1.0448441324313567,Vulkan Bet,late
13.868686868686869,1.3748206487649084,1.0050132362046773,Vulkan Bet,late
14.85858585858586,1.3295136241552457,0.965752170312225,Vulkan Bet,late
15.848484848484848,1.2841766702549413,0.92713546750833,Vulkan Bet,late
16.838383838383837,1.2388002983931028,0.889244500736208,Vulkan Bet,late
17.82828282828283,1.1933736040008867,0.8521700935053789,Vulkan Bet,late
18.818181818181817,1.1478855402297876,0.8160076803488442,Vulkan Bet,late
19.80808080808081,1.1023267508916283,0.7808522967284468,Vulkan Bet,late
20.7979797979798,1.056691379086461,0.7467932735388468,Vulkan Bet,late
21.787878787878785,1.0109784430151318,0.7139086277210426,Vulkan Bet,late
22.77777777777778,0.9651932081817017,0.6822611415379981,Vulkan Bet,late
23.767676767676768,0.9193485496932957,0.6518958131565151,Vulkan Bet,late
24.757575757575758,0.8734668789964668,0.6228391878310323,Vulkan Bet,late
25.747474747474747,0.8275812995947855,0.5951001353755466,Vulkan Bet,late
26.737373737373737,0.7817362210709923,0.5686720761815973,Vulkan Bet,late
27.727272727272727,0.7359876649176734,0.5435364637673857,Vulkan Bet,late
28.71717171717172,0.6904032533593121,0.519667108763417,Vulkan Bet,late
29.707070707070706,0.6450618781915014,0.49703483015874167,Vulkan Bet,late
30.696969696969695,0.6000530542908403,0.47561187233960384,Vulkan Bet,late
31.686868686868685,0.5554759701996653,0.45537553930248204,Vulkan Bet,late
32.676767676767675,0.5114382558216324,0.4363105714309758,Vulkan Bet,late
33.666666666666664,0.4680544945453706,0.4184099199605304,Vulkan Bet,late
34.65656565656566,0.4254445138267529,0.40167375025127106,Vulkan Bet,late
35.64646464646465,0.38373149420705965,0.3861067153765478,Vulkan Bet,late
36.63636363636363,0.34303994174975844,0.37171377139245654,Vulkan Bet,late
37.62626262626262,0.30349357279486644,0.3584950339173775,Vulkan Bet,late
38.61616161616161,0.26521316263972533,0.34644037148401213,Vulkan Bet,late
39.60606060606061,0.2283144111738715,0.3355245536284826,Vulkan Bet,late
40.5959595959596,0.192905878574312,0.3257037770816396,Vulkan Bet,late
41.58585858585859,0.15908704289193892,0.3169142508877418,Vulkan Bet,late
42.57575757575757,0.126946528752011,0.3090732321843612,Vulkan Bet,late
43.56565656565656,0.0965605525088715,0.3020825141382212,Vulkan Bet,late
44.55555555555556,0.06799162412786065,0.2958339590908509,Vulkan Bet,late
45.54545454545455,0.04128753993766572,0.2902163376017362,Vulkan Bet,late
46.535353535353536,0.016480693353714056,0.28512254917167174,Vulkan Bet,late
47.525252525252526,-0.006412277108277131,0.2804562875903697,Vulkan Bet,late
48.51515151515151,-0.027390491536569785,0.2761373494104092,Vulkan Bet,late
49.505050505050505,-0.04646848171743117,0.27210501475827953,Vulkan Bet,late
50.494949494949495,-0.06367550007424794,0.26831919846745683,Vulkan Bet,late
51.48484848484849,-0.07905449958778296,0.2647593343847126,Vulkan Bet,late
52.474747474747474,-0.09266080819162105,0.26142119540991204,Vulkan Bet,late
53.46464646464646,-0.10456052895907834,0.25831205984227923,Vulkan Bet,late
54.45454545454545,-0.11482870448378593,0.25544480770647665,Vulkan Bet,late
55.44444444444444,-0.12354729002307047,0.25283165905806343,Vulkan Bet,late
56.43434343434344,-0.13080298506064306,0.2504783298433397,Vulkan Bet,late
57.42424242424242,-0.13668497681855526,0.24837935491599858,Vulkan Bet,late
58.414141414141405,-0.14128265180391186,0.24651519516258386,Vulkan Bet,late
59.4040404040404,-0.14468333264106845,0.24485151077405132,Vulkan Bet,late
60.39393939393939,-0.1469700971775997,0.24334067856556643,Vulkan Bet,late
61.38383838383839,-0.1482197351598904,0.24192531391551986,Vulkan Bet,late
62.37373737373737,-0.1485008946850467,0.24054328893481852,Vulkan Bet,late
63.36363636363637,-0.1478724662178591,0.23913356414403206,Vulkan Bet,late
64.35353535353535,-0.14638224631588165,0.23764208859829708,Vulkan Bet,late
65.34343434343434,-0.14406591646400532,0.23602706129059814,Vulkan Bet,late
66.33333333333333,-0.1409463647415215,0.23426295508520145,Vulkan Bet,late
67.32323232323232,-0.1370333696120244,0.23234285115420966,Vulkan Bet,late
68.31313131313131,-0.13232365614179317,0.23027879431985496,Vulkan Bet,late
69.3030303030303,-0.12680132563082014,0.22810004986383087,Vulkan Bet,late
70.2929292929293,-0.12043865020732268,0.22584932439959807,Vulkan Bet,late
71.28282828282828,-0.11319721461871492,0.22357721545079207,Vulkan Bet,late
72.27272727272727,-0.10502937847492727,0.22133537737173692,Vulkan Bet,late
73.26262626262626,-0.09588002378024167,0.2191691181604528,Vulkan Bet,late
74.25252525252525,-0.08568854493115959,0.21711033229186114,Vulkan Bet,late
75.24242424242425,-0.07439103164417721,0.2151717713898571,Vulkan Bet,late
76.23232323232322,-0.06192258967079421,0.2133436023883212,Vulkan Bet,late
77.22222222222221,-0.048219739790092545,0.21159297776113134,Vulkan Bet,late
78.2121212121212,-0.033222832545670475,0.2098669734092519,Vulkan Bet,late
79.2020202020202,-0.016878414581691162,0.20809881810101782,Vulkan Bet,late
80.1919191919192,0.0008585177337105954,0.20621694845628905,Vulkan Bet,late
81.18181818181817,0.020022440433862213,0.20415615903194564,Vulkan Bet,late
82.17171717171718,0.040635460186212766,0.20187000544952238,Vulkan Bet,late
83.16161616161615,0.06270576498721665,0.19934362038998046,Vulkan Bet,late
84.15151515151514,0.08622641845552004,0.1966061257571012,Vulkan Bet,late
85.14141414141415,0.11117454256870235,0.1937417508839604,Vulkan Bet,late
86.13131313131312,0.13751092649789168,0.19089848176842944,Vulkan Bet,late
87.12121212121212,0.16518009130157366,0.18829250625549354,Vulkan Bet,late
88.1111111111111,0.19411083186300315,0.1862059659123478,Vulkan Bet,late
89.1010101010101,0.2242172488311596,0.1849749603171675,Vulkan Bet,late
90.0909090909091,0.25540027469841176,0.1849651897111506,Vulkan Bet,late
91.08080808080807,0.28754968977359047,0.18653510932203826,Vulkan Bet,late
92.07070707070707,0.3205466159397812,0.1899913294937835,Vulkan Bet,late
93.06060606060605,0.35426646897305086,0.19554646424122174,Vulkan Bet,late
94.05050505050505,0.38858234408249365,0.2032918226731534,Vulkan Bet,late
95.04040404040404,0.42336880444274494,0.21319324940924483,Vulkan Bet,late
96.03030303030302,0.458506039039132,0.22510969388389984,Vulkan Bet,late
97.02020202020202,0.49388435432626276,0.23882635694518486,Vulkan Bet,late
98.010101010101,0.5294089641836742,0.25409189850536884,Vulkan Bet,late
99.0,0.5650050445868343,0.27065184525363356,Vulkan Bet,late
1.0,1.573336180181065,0.1261678827710626,Betfred,early
1.9898989898989898,1.568156842290747,0.12458376393003351,Betfred,early
2.9797979797979797,1.5629775077768873,0.12300743367336488,Betfred,early
3.9696969696969697,1.5577981803321552,0.12143919681546272,Betfred,early
4.959595959595959,1.55261886477598,0.119879371145484,Betfred,early
5.94949494949495,1.5474395668743581,0.11832828722561543,Betfred,early
6.939393939393939,1.5422602931695073,0.1167862883906364,Betfred,early
7.929292929292929,1.5370810508188957,0.11525373096555036,Betfred,early
8.919191919191919,1.5319018474431723,0.11373098471113152,Betfred,early
9.909090909090908,1.5267226909825125,0.11221843349848358,Betfred,early
10.898989898989898,1.521543589560923,0.1107164762040502,Betfred,early
11.888888888888888,1.516364551358061,0.10922552780681954,Betfred,early
12.878787878787879,1.5111855844881785,0.10774602066051697,Betfred,early
13.868686868686869,1.5060066968858348,0.10627840590606141,Betfred,early
14.85858585858586,1.5008278961980959,0.10482315498400523,Betfred,early
15.848484848484848,1.4956491896829867,0.10338076120345105,Betfred,early
16.838383838383837,1.4904705841140513,0.10195174132321809,Betfred,early
17.82828282828283,1.4852920856909306,0.10053663710279899,Betfred,early
18.818181818181817,1.4801136999559605,0.09913601678469816,Betfred,early
19.80808080808081,1.474935431716849,0.09775047647569797,Betfred,early
20.7979797979798,1.4697572849755833,0.09638064140192983,Betfred,early
21.787878787878785,1.4645792628637597,0.09502716702070682,Betfred,early
22.77777777777778,1.4594013675846105,0.09369073998020086,Betfred,early
23.767676767676768,1.4542236003620392,0.09237207892551318,Betfred,early
24.757575757575758,1.44904596139702,0.09107193515581725,Betfred,early
25.747474747474747,1.4438684498317444,0.08979109314145832,Betfred,early
26.737373737373737,1.4386910637219221,0.08853037091171867,Betfred,early
27.727272727272727,1.4335138000176242,0.08729062032310832,Betfred,early
28.71717171717172,1.4283366545530731,0.08607272721442288,Betfred,early
29.707070707070706,1.423159622045727,0.08487761144853384,Betfred,early
30.696969696969695,1.417982696104987,0.08370622683226024,Betfred,early
31.686868686868685,1.4128058692507797,0.08255956089523288,Betfred,early
32.676767676767675,1.4076291329422126,0.08143863449708721,Betfred,early
33.666666666666664,1.4024524776164002,0.08034450122042974,Betfred,early
34.65656565656566,1.3972758927374769,0.07927824649571832,Betfred,early
35.64646464646465,1.3920993668556891,0.07824098639441554,Betfred,early
36.63636363636363,1.3869228876763653,0.07723386601942435,Betfred,early
37.62626262626262,1.3817464421384171,0.07625805741772018,Betfred,early
38.61616161616161,1.3765700165019168,0.07531475693993656,Betfred,early
39.60606060606061,1.3713935964441557,0.07440518197593522,Betfred,early
40.5959595959596,1.3662171671634715,0.0735305670043629,Betfred,early
41.58585858585859,1.361040713489989,0.0726921589078736,Betfred,early
42.57575757575757,1.355864220002322,0.07189121152381736,Betfred,early
43.56565656565656,1.3506876711491502,0.07112897942223381,Betfred,early
44.55555555555556,1.345511051374496,0.07040671092815755,Betfred,early
45.54545454545455,1.3403343452454324,0.06972564043253869,Betfred,early
46.535353535353536,1.335157537580878,0.06908698006432284,Betfred,early
47.525252525252526,1.329980613580076,0.06849191082412368,Betfred,early
48.51515151515151,1.324803558949316,0.06794157330610792,Betfred,early
49.505050505050505,1.3196263600254348,0.06743705815787783,Betfred,early
50.494949494949495,1.314449003894633,0.06697939644706248,Betfred,early
51.48484848484849,1.309271478505166,0.06656955011698736,Betfred,early
52.474747474747474,1.3040937727725055,0.0662084027213957,Betfred,early
53.46464646464646,1.2989158766756397,0.06589675062927518,Betfred,early
54.45454545454545,1.293737781343261,0.06563529488526276,Betfred,early
55.44444444444444,1.288559479128692,0.0654246338990875,Betfred,early
56.43434343434344,1.2833809636725342,0.06526525711962228,Betfred,early
57.42424242424242,1.2782022299521545,0.06515753982621891,Betfred,early
58.414141414141405,1.2730232743172951,0.06510173914318575,Betfred,early
59.4040404040404,1.2678440945112528,0.0650979913537802,Betfred,early
60.39393939393939,1.262664689677263,0.06514631055922634,Betfred,early
61.38383838383839,1.2574850603499128,0.06524658869729005,Betfred,early
62.37373737373737,1.2523052084316055,0.06539859690498409,Betfred,early
63.36363636363637,1.2471251371542982,0.06560198818198076,Betfred,early
64.35353535353535,1.2419448510269322,0.06585630128599242,Betfred,early
65.34343434343434,1.2367643557691794,0.06616096576921722,Betfred,early
66.33333333333333,1.2315836582323032,0.06651530804618547,Betfred,early
67.32323232323232,1.226402766308135,0.06691855836803827,Betfred,early
68.31313131313131,1.2212216888273106,0.06736985856634842,Betfred,early
69.3030303030303,1.2160404354480898,0.06786827042089477,Betfred,early
70.2929292929293,1.2108590165371953,0.06841278450014522,Betfred,early
71.28282828282828,1.2056774430442463,0.06900232932042907,Betfred,early
72.27272727272727,1.2004957263714393,0.06963578066976968,Betfred,early
73.26262626262626,1.195313878240214,0.07031197094504817,Betfred,early
74.25252525252525,1.190131910556685,0.07102969835656261,Betfred,early
75.24242424242425,1.184949835277651,0.07178773586214966,Betfred,early
76.23232323232322,1.179767664278982,0.07258483970384336,Betfred,early
77.22222222222221,1.1745854092281747,0.07341975743351215,Betfred,early
78.2121212121212,1.1694030814628011,0.07429123532990252,Betfred,early
79.2020202020202,1.1642206918765206,0.07519802512777912,Betfred,early
80.1919191919192,1.1590382508142103,0.07613889000000283,Betfred,early
81.18181818181817,1.1538557679776789,0.07711260975491253,Betfred,early
82.17171717171718,1.1486732523432712,0.07811798523362859,Betfred,early
83.16161616161615,1.1434907120925468,0.07915384191412839,Betfred,early
84.15151515151514,1.1383081545570377,0.0802190327503483,Betfred,early
85.14141414141415,1.1331255861779344,0.08131244029430681,Betfred,early
86.13131313131312,1.1279430124813619,0.08243297816652394,Betfred,early
87.12121212121212,1.1227604380697416,0.08357959195411453,Betfred,early
88.1111111111111,1.1175778666295466,0.08475125962627524,Betfred,early
89.1010101010101,1.112395300955593,0.08594699156306308,Betfred,early
90.0909090909091,1.107212742991841,0.0871658302951793,Betfred,early
91.08080808080807,1.1020301938885337,0.08840685004996636,Betfred,early
92.07070707070707,1.096847654075353,0.08966915619227024,Betfred,early
93.06060606060605,1.09166512335017,0.09095188463872937,Betfred,early
94.05050505050505,1.0864826009828619,0.09225420131114481,Betfred,early
95.04040404040404,1.0813000858336002,0.09357530167977132,Betfred,early
96.03030303030302,1.076117576484978,0.09491441043169269,Betfred,early
97.02020202020202,1.0709350713873311,0.09627078128404762,Betfred,early
98.010101010101,1.0657525690166394,0.09764369694794418,Betfred,early
99.0,1.0605700680444445,0.09903246923763084,Betfred,early
1.0,1.4274349855189183,0.19095765600214615,Betfred,late
1.9898989898989898,1.4090173682496991,0.1827472053544567,Betfred,late
2.9797979797979797,1.390607572068175,0.17486089503420776,Betfred,late
3.9696969696969697,1.3722156763011157,0.16734798887269073,Betfred,late
4.959595959595959,1.353855345756054,0.1602611093734625,Betfred,late
5.94949494949495,1.3355433009683808,0.15365328273649353,Betfred,late
6.939393939393939,1.3172987970274064,0.14757465357189323,Betfred,late
7.929292929292929,1.2991431146734231,0.14206899483904134,Betfred,late
8.919191919191919,1.281099067703221,0.137170246139499,Betfred,late
9.909090909090908,1.2631905309059874,0.1328994201227584,Betfred,late
10.898989898989898,1.2454419927832463,0.12926228512913407,Betfred,late
11.888888888888888,1.2278781371951841,0.12624821910983586,Betfred,late
12.878787878787879,1.2105234578322983,0.12383050743864099,Betfred,late
13.868686868686869,1.1934019090483192,0.12196813565342456,Betfred,late
14.85858585858586,1.1765365961215208,0.12060886313866713,Betfred,late
15.848484848484848,1.1599495074518689,0.1196931372050712,Betfred,late
16.838383838383837,1.1436612905668255,0.11915828889837024,Betfred,late
17.82828282828283,1.1276910731159733,0.11894246748503617,Betfred,late
18.818181818181817,1.1120563293008583,0.11898789446935709,Betfred,late
19.80808080808081,1.096772791429402,0.11924319472403876,Betfred,late
20.7979797979798,1.0818544055216823,0.11966473616117573,Betfred,late
21.787878787878785,1.0673133291427477,0.12021704464049617,Betfred,late
22.77777777777778,1.0531599689154283,0.12087244598703727,Betfred,late
23.767676767676768,1.0394030544877044,0.12161012765596287,Betfred,late
24.757575757575758,1.026049745109911,0.12241482141222414,Betfred,late
25.747474747474747,1.013105764430353,0.12327529771478744,Betfred,late
26.737373737373737,1.000575558655638,0.1241828409386416,Betfred,late
27.727272727272727,0.9884624728542777,0.12512984685027667,Betfred,late
28.71717171717172,0.9767689399169294,0.12610865201859459,Betfred,late
29.707070707070706,0.9654966765301081,0.1271106702865061,Betfred,late
30.696969696969695,0.954646880475728,0.12812587546960275,Betfred,late
31.686868686868685,0.9442204236384105,0.12914263420405334,Betfred,late
32.676767676767675,0.9342180352849113,0.130147860973176,Betfred,late
33.666666666666664,0.9246404704722935,0.1311274413880933,Betfred,late
34.65656565656566,0.9154886588382503,0.13206685168849017,Betfred,late
35.64646464646465,0.9067638295209337,0.13295189296969917,Betfred,late
36.63636363636363,0.8984676085372575,0.1337694574615676,Betfred,late
37.62626262626262,0.8906020856068924,0.13450824998234073,Betfred,late
38.61616161616161,0.8831698481312106,0.1351593986660856,Betfred,late
39.60606060606061,0.8761739808083147,0.1357169033578315,Betfred,late
40.5959595959596,0.8696180301718696,0.13617788610301246,Betfred,late
41.58585858585859,0.8635059341668356,0.136542624771221,Betfred,late
42.57575757575757,0.8578419177032685,0.13681436730779492,Betfred,late
43.56565656565656,0.8526303559434429,0.13699893993650175,Betfred,late
44.55555555555556,0.8478756078614625,0.1371041774660001,Betfred,late
45.54545454545455,0.8435818233525341,0.13713921720750152,Betfred,late
46.535353535353536,0.8397527278461546,0.13711370919581833,Betfred,late
47.525252525252526,0.8363913889797243,0.13703700348681694,Betfred,late
48.51515151515151,0.8334999704039469,0.13691737921415528,Betfred,late
49.505050505050505,0.8310794782079841,0.1367613788489582,Betfred,late
50.494949494949495,0.8291295057614125,0.13657330411951243,Betfred,late
51.48484848484849,0.8276479829646114,0.136354917373866,Betfred,late
52.474747474747474,0.8266309359741247,0.1361053746914693,Betfred,late
53.46464646464646,0.8260722634224282,0.1358213964581776,Betfred,late
54.45454545454545,0.8259635349813789,0.13549765966642613,Betfred,late
55.44444444444444,0.8262938178276403,0.13512737631011912,Betfred,late
56.43434343434344,0.8270495361609991,0.13470300605187494,Betfred,late
57.42424242424242,0.8282143684087223,0.13421704034403542,Betfred,late
58.414141414141405,0.829769186129736,0.13366279005506107,Betfred,late
59.4040404040404,0.8316920379218617,0.13303510927482565,Betfred,late
60.39393939393939,0.8339581808459982,0.13233099365846035,Betfred,late
61.38383838383839,0.836540161026795,0.13155000145574663,Betfred,late
62.37373737373737,0.8394079441851984,0.13069445830150156,Betfred,late
63.36363636363637,0.8425290959204592,0.12976942213509157,Betfred,late
64.35353535353535,0.8458690106046434,0.12878240172188066,Betfred,late
65.34343434343434,0.8493911867989419,0.1277428407393931,Betfred,late
66.33333333333333,0.8530575461649902,0.1266613987631313,Betfred,late
67.32323232323232,0.8568287919436366,0.12554907991558084,Betfred,late
68.31313131313131,0.8606648022248328,0.12441627808161558,Betfred,late
69.3030303030303,0.8645250524508599,0.12327182252681256,Betfred,late
70.2929292929293,0.8683690608957636,0.12212211716885042,Betfred,late
71.28282828282828,0.8721568502597193,0.12097046837602156,Betfred,late
72.27272727272727,0.8758494180194509,0.11981668840401927,Betfred,late
73.26262626262626,0.8794092077942465,0.11865704414950567,Betfred,late
74.25252525252525,0.8828005737288539,0.11748459522343514,Betfred,late
75.24242424242425,0.8859902297646831,0.11628993449170157,Betfred,late
76.23232323232322,0.8889476756719888,0.11506231227320309,Betfred,late
77.22222222222221,0.8916455918478999,0.11379109639097237,Betfred,late
78.2121212121212,0.8940601951464608,0.11246749717486171,Betfred,late
79.2020202020202,0.8961715483926586,0.11108647026507587,Betfred,late
80.1919191919192,0.8979638167345996,0.10964869928494798,Betfred,late
81.18181818181817,0.899425464597954,0.10816255165273436,Betfred,late
82.17171717171718,0.9005493877125517,0.10664588911900688,Betfred,late
83.16161616161615,0.9013329754688328,0.10512759500896786,Betfred,late
84.15151515151514,0.9017780997165061,0.10364864925808817,Betfred,late
85.14141414141415,0.9018910270220448,0.10226254133736165,Betfred,late
86.13131313131312,0.901682252337459,0.10103476990001153,Betfred,late
87.12121212121212,0.901166252980772,0.10004115946827316,Betfred,late
88.1111111111111,0.9003611627689656,0.0993647666666209,Betfred,late
89.1010101010101,0.8992883670560288,0.09909129657704069,Betfred,late
90.0909090909091,0.8979720202925017,0.09930323172538526,Betfred,late
91.08080808080807,0.8964384885177992,0.10007326325575076,Betfred,late
92.07070707070707,0.8947157199022726,0.10145798953407802,Betfred,late
93.06060606060605,0.8928325470542824,0.10349302841207543,Betfred,late
94.05050505050505,0.8908179252796604,0.10619052218023703,Betfred,late
95.04040404040404,0.8887001113104216,0.1095394985692874,Betfred,late
96.03030303030302,0.8865057871898809,0.11350887951789067,Betfred,late
97.02020202020202,0.8842591339991476,0.118052381274987,Betfred,late
98.010101010101,0.8819808599215828,0.12311431734562726,Betfred,late
99.0,0.8796871867564434,0.12863540987075062,Betfred,late
1.0,1.2344840771962688,0.15580999324114025,Betsson,early
1.9898989898989898,1.2148774601516161,0.1493205842844535,Betsson,early
2.9797979797979797,1.19527761847833,0.14319256447552595,Betsson,early
3.9696969696969697,1.1756922114001842,0.13747510630765986,Betsson,early
4.959595959595959,1.1561314091871806,0.13221791109996767,Betsson,early
5.94949494949495,1.1366075813908536,0.12746764354818205,Betsson,early
6.939393939393939,1.117134996378217,0.12326410778528371,Betsson,early
7.929292929292929,1.0977295327324366,0.11963647395116593,Betsson,early
8.919191919191919,1.0784084031525156,0.11659999521209195,Betsson,early
9.909090909090908,1.059189891517645,0.11415371766228573,Betsson,early
10.898989898989898,1.0400931037868686,0.1122796253186721,Betsson,early
11.888888888888888,1.0211377333826177,0.1109434604241755,Betsson,early
12.878787878787879,1.0023438416597437,0.11009715711796364,Betsson,early
13.868686868686869,0.9837316539922933,0.10968251897813933,Betsson,early
14.85858585858586,0.9653213719209695,0.10963556173389398,Betsson,early
15.848484848484848,0.9471330016977856,0.10989089120619193,Betsson,early
16.838383838383837,0.9291861994439483,0.11038558409559696,Betsson,early
17.82828282828283,0.911500133005268,0.11106222465586847,Betsson,early
18.818181818181817,0.8940933604497121,0.11187095047980214,Betsson,early
19.80808080808081,0.8769837250073989,0.11277052318800665,Betsson,early
20.7979797979798,0.8601882661073967,0.11372854413923941,Betsson,early
21.787878787878785,0.8437231460213341,0.11472098563561689,Betsson,early
22.77777777777778,0.8276035914841221,0.11573122037879156,Betsson,early
23.767676767676768,0.8118438495298431,0.11674872292614123,Betsson,early
24.757575757575758,0.7964571566587902,0.11776759885283872,Betsson,early
25.747474747474747,0.7814557203423325,0.1187850769016927,Betsson,early
26.737373737373737,0.7668507117776789,0.11980007886612139,Betsson,early
27.727272727272727,0.7526522687264046,0.12081196106846939,Betsson,early
28.71717171717172,0.738869507210998,0.12181949903692106,Betsson,early
29.707070707070706,0.7255105408030973,0.12282016271946768,Betsson,early
30.696969696969695,0.71258250621658,0.1238097036666946,Betsson,early
31.686868686868685,0.7000915939185721,0.12478204948084677,Betsson,early
32.676767676767675,0.6880430824916803,0.125729476569843,Betsson,early
33.666666666666664,0.67644137552091,0.12664301207546846,Betsson,early
34.65656565656566,0.665290039837978,0.12751300151561457,Betsson,early
35.64646464646465,0.6545918440330422,0.12832977109365915,Betsson,early
36.63636363636363,0.6443487962372032,0.12908431273546153,Betsson,early
37.62626262626262,0.6345621802873352,0.12976892486971614,Betsson,early
38.61616161616161,0.6252325895053842,0.13037775144709368,Betsson,early
39.60606060606061,0.6163599574549115,0.1309071742428048,Betsson,early
40.5959595959596,0.607943585175878,0.13135602779230668,Betsson,early
41.58585858585859,0.5999821645417985,0.13172562134043625,Betsson,early
42.57575757575757,0.5924737975287037,0.1320195672005483,Betsson,early
43.56565656565656,0.5854160113299872,0.1322434293807446,Betsson,early
44.55555555555556,0.5788057693925638,0.1324042197547595,Betsson,early
45.54545454545455,0.572639478584975,0.13250978087650772,Betsson,early
46.535353535353536,0.5669129928345336,0.13256810404766303,Betsson,early
47.525252525252526,0.5616216136862151,0.1325866375923464,Betsson,early
48.51515151515151,0.5567600883383123,0.13257164259333823,Betsson,early
49.505050505050505,0.5523226057970368,0.13252765089223115,Betsson,early
50.494949494949495,0.548302791862707,0.13245707265233225,Betsson,early
51.48484848484849,0.5446937037125559,0.13235998853564293,Betsson,early
52.474747474747474,0.5414878248786457,0.13223414555406962,Betsson,early
53.46464646464646,0.5386770614332286,0.13207515753420324,Betsson,early
54.45454545454545,0.5362527401881964,0.13187689286950713,Betsson,early
55.44444444444444,0.534205609689764,0.13163201583346718,Betsson,early
56.43434343434344,0.5325258447452348,0.13133263486918745,Betsson,early
57.42424242424242,0.5312030551564507,0.13097100304185377,Betsson,early
58.414141414141405,0.530226299255482,0.1305402126357944,Betsson,early
59.4040404040404,0.5295841027440302,0.13003482746936676,Betsson,early
60.39393939393939,0.5292644832307942,0.1294514022292903,Betsson,early
61.38383838383839,0.5292549807428296,0.12878884714012986,Betsson,early
62.37373737373737,0.5295426943601846,0.128048607752328,Betsson,early
63.36363636363637,0.5301143249903641,0.12723464286827052,Betsson,early
64.35353535353535,0.5309562241631853,0.12635319811449905,Betsson,early
65.34343434343434,0.5320544485899199,0.12541238798621,Betsson,early
66.33333333333333,0.5333948200964825,0.12442161485815595,Betsson,early
67.32323232323232,0.5349629904111745,0.12339086877900836,Betsson,early
68.31313131313131,0.5367445101659692,0.12232996580353629,Betsson,early
69.3030303030303,0.5387249013590977,0.1212477937631393,Betsson,early
70.2929292929293,0.5408897324279412,0.12015164109075853,Betsson,early
71.28282828282828,0.5432246949972942,0.1190466850215873,Betsson,early
72.27272727272727,0.5457156813005593,0.11793570907726275,Betsson,early
73.26262626262626,0.5483488612219615,0.11681910597781395,Betsson,early
74.25252525252525,0.5511107578776401,0.11569520191243843,Betsson,early
75.24242424242425,0.5539883206432838,0.11456091341849162,Betsson,early
76.23232323232322,0.5569689945461795,0.11341272163536181,Betsson,early
77.22222222222221,0.5600407849702016,0.1122479231023075,Betsson,early
78.2121212121212,0.5631923166729451,0.1110660935170329,Betsson,early
79.2020202020202,0.5664128861842564,0.10987068162462396,Betsson,early
80.1919191919192,0.569692506743444,0.10867063382431615,Betsson,early
81.18181818181817,0.5730219450370865,0.10748193412695231,Betsson,early
82.17171717171718,0.5763927491186404,0.1063289263946179,Betsson,early
83.16161616161615,0.5797972670224638,0.10524526508575133,Betsson,early
84.15151515151514,0.5832286557268149,0.10427431890118227,Betsson,early
85.14141414141415,0.5866808802686825,0.10346883619020891,Betsson,early
86.13131313131312,0.5901487029663914,0.1028896865451801,Betsson,early
87.12121212121212,0.5936276628595565,0.10260354127893499,Betsson,early
88.1111111111111,0.5971140456277322,0.10267946869909429,Betsson,early
89.1010101010101,0.6006048443952112,0.10318460741616307,Betsson,early
90.0909090909091,0.6040977119667601,0.1041793198034806,Betsson,early
91.08080808080807,0.607590905164302,0.10571245241634597,Betsson,early
92.07070707070707,0.6110832220444693,0.10781744490217356,Betsson,early
93.06060606060605,0.6145739328686044,0.11050995318531638,Betsson,early
94.05050505050505,0.6180627057671563,0.11378737746728676,Betsson,early
95.04040404040404,0.6215495280866554,0.11763029622058946,Betsson,early
96.03030303030302,0.6250346244273526,0.12200544496000153,Betsson,early
97.02020202020202,0.6285183723706798,0.12686966266687283,Betsson,early
98.010101010101,0.6320012168559834,0.13217419925208987,Betsson,early
99.0,0.6354835840938032,0.1378688934912304,Betsson,early
1.0,1.6895274266207725,0.17561538879988225,Betsson,late
1.9898989898989898,1.6815581790272174,0.1734181822687984,Betsson,late
2.9797979797979797,1.6735889313300398,0.17122994040781941,Betsson,late
3.9696969696969697,1.6656196832957428,0.16905101182382737,Betsson,late
4.959595959595959,1.657650434583526,0.16688176178082867,Betsson,late
5.94949494949495,1.649681184783837,0.16472257284076286,Betsson,late
6.939393939393939,1.6417119334551917,0.1625738455857822,Betsson,late
7.929292929292929,1.633742680159088,0.1604359994284171,Betsson,late
8.919191919191919,1.6257734244928026,0.15830947351498129,Betsson,late
9.909090909090908,1.6178041661198481,0.15619472772584644,Betsson,late
10.898989898989898,1.609834904797852,0.15409224377403613,Betsson,late
11.888888888888888,1.6018656404036224,0.15200252640116035,Betsson,late
12.878787878787879,1.5938963729551805,0.14992610466723383,Betsson,late
13.868686868686869,1.5859271026305555,0.14786353332856525,Betsson,late
14.85858585858586,1.5779578297831607,0.14581539429582047,Betsson,late
15.848484848484848,1.5699885549536132,0.14378229816265858,Betsson,late
16.838383838383837,1.5620192788778877,0.14176488579408422,Betsson,late
17.82828282828283,1.5540500024917439,0.13976382996287173,Betsson,late
18.818181818181817,1.546080726931416,0.1377798370220694,Betsson,late
19.80808080808081,1.5381114535305997,0.13581364860161277,Betsson,late
20.7979797979798,1.5301421838138196,0.13386604331734522,Betsson,late
21.787878787878785,1.5221729194863165,0.13193783848111423,Betsson,late
22.77777777777778,1.5142036624206465,0.13002989180090488,Betsson,late
23.767676767676768,1.5062344146402158,0.128143103059999,Betsson,late
24.757575757575758,1.498265178300046,0.12627841576371587,Betsson,late
25.747474747474747,1.490295955665076,0.12443681874122374,Betsson,late
26.737373737373737,1.4823267490863712,0.12261934768804902,Betsson,late
27.727272727272727,1.4743575609756168,0.12082708663214405,Betsson,late
28.71717171717172,1.4663883937783175,0.11906116930262493,Betsson,late
29.707070707070706,1.4584192499461266,0.11732278037555259,Betsson,late
30.696969696969695,1.4504501319087497,0.11561315656544416,Betsson,late
31.686868686868685,1.4424810420458702,0.11393358752468742,Betsson,late
32.676767676767675,1.4345119826595332,0.11228541650585985,Betsson,late
33.666666666666664,1.4265429559474228,0.11067004073437814,Betsson,late
34.65656565656566,1.418573963977446,0.10908891143122003,Betsson,late
35.64646464646465,1.4106050086640092,0.10754353341803295,Betsson,late
36.63636363636363,1.4026360917463476,0.1060354642301776,Betsson,late
37.62626262626262,1.394667214769225,0.10456631265759533,Betsson,late
38.61616161616161,1.386698379066285,0.10313773662931518,Betsson,late
39.60606060606061,1.3787295857462882,0.10175144035541993,Betsson,late
40.5959595959596,1.3707608356824115,0.10040917064087668,Betsson,late
41.58585858585859,1.3627921295047467,0.09911271228929303,Betsson,late
42.57575757575757,1.3548234675960698,0.09786388252185063,Betsson,late
43.56565656565656,1.3468548500909066,0.09666452434780516,Betsson,late
44.55555555555556,1.338886276877855,0.09551649883835536,Betsson,late
45.54545454545455,1.330917747605086,0.0944216762755921,Betsson,late
46.535353535353536,1.322949261688874,0.09338192617270308,Betsson,late
47.525252525252526,1.3149808183249831,0.09239910619049185,Betsson,late
48.51515151515151,1.3070124165026664,0.09147505000819266,Betsson,late
49.505050505050505,1.299044055021019,0.09061155424285476,Betsson,late
50.494949494949495,1.2910757325073687,0.08981036455024884,Betsson,late
51.48484848484849,1.283107447437385,0.08907316107998843,Betsson,late
52.474747474747474,1.2751391981565356,0.08840154349672119,Betsson,late
53.46464646464646,1.2671709829025322,0.08779701581589335,Betsson,late
54.45454545454545,1.2592027998283786,0.08726097133460027,Betsson,late
55.44444444444444,1.251234647025643,0.08679467796318902,Betsson,late
56.43434343434344,1.243266522547577,0.08639926427943524,Betsson,late
57.42424242424242,1.2352984244317164,0.08607570663239128,Betsson,late
58.414141414141405,1.2273303507216187,0.08582481761595336,Betsson,late
59.4040404040404,1.2193622994874151,0.08564723621201352,Betsson,late
60.39393939393939,1.2113942688448844,0.08554341986970647,Betsson,late
61.38383838383839,1.2034262569727903,0.08551363874155263,Betsson,late
62.37373737373737,1.195458262128264,0.08555797224092829,Betsson,late
63.36363636363637,1.1874902826600542,0.0856763080207436,Betsson,late
64.35353535353535,1.1795223170195097,0.08586834340359405,Betsson,late
65.34343434343434,1.171554363769213,0.08613358922248716,Betsson,late
66.33333333333333,1.1635864215892133,0.08647137596216684,Betsson,late
67.32323232323232,1.1556184892808807,0.08688086202753079,Betsson,late
68.31313131313131,1.1476505657684153,0.08736104391068493,Betsson,late
69.3030303030303,1.1396826500981196,0.08791076798416139,Betsson,late
70.2929292929293,1.131714741435561,0.0885287436162985,Betsson,late
71.28282828282828,1.1237468390607996,0.08921355728642272,Betsson,late
72.27272727272727,1.1157789423618834,0.08996368737212186,Betsson,late
73.26262626262626,1.1078110508268448,0.09077751928765088,Betsson,late
74.25252525252525,1.099843164034455,0.09165336066986157,Betsson,late
75.24242424242425,1.0918752816440012,0.09258945633408928,Betsson,late
76.23232323232322,1.083907403384377,0.09358400275502808,Betsson,late
77.22222222222221,1.0759395290427667,0.09463516186460812,Betsson,late
78.2121212121212,1.0679716584532142,0.09574107399818124,Betsson,late
79.2020202020202,1.0600037914853513,0.09689986986006452,Betsson,late
80.1919191919192,1.05203592803355,0.09810968141811013,Betsson,late
81.18181818181817,1.0440680680067516,0.09936865167320653,Betsson,late
82.17171717171718,1.0361002113191877,0.10067494328253285,Betsson,late
83.16161616161615,1.0281323578821933,0.10202674604434751,Betsson,late
84.15151515151514,1.0201645075972754,0.10342228327672719,Betsson,late
85.14141414141415,1.0121966603505634,0.10485981714283207,Betsson,late
86.13131313131312,1.0042288160087391,0.10633765299099997,Betsson,late
87.12121212121212,0.9962609744164934,0.10785414278943722,Betsson,late
88.1111111111111,0.9882931353955335,0.1094076877427634,Betsson,late
89.1010101010101,0.9803252987451114,0.11099674018153949,Betsson,late
90.0909090909091,0.9723574642440238,0.11261980481657674,Betsson,late
91.08080808080807,0.9643896316539814,0.1142754394477377,Betsson,late
92.07070707070707,0.9564218007242331,0.11596225521257252,Betsson,late
93.06060606060605,0.9484539711972901,0.11767891645396626,Betsson,late
94.05050505050505,0.9404861428155816,0.11942414027849516,Betsson,late
95.04040404040404,0.9325183153288501,0.121196695868878,Betsson,late
96.03030303030302,0.9245504885020948,0.12299540360523568,Betsson,late
97.02020202020202,0.9165826621238582,0.12481913404127769,Betsson,late
98.010101010101,0.9086148360146646,0.12666680677344144,Betsson,late
99.0,0.9006470100354209,0.1285373892338,Betsson,late
1.0,1.2408680237625784,0.15226321869939607,NordicBet,early
1.9898989898989898,1.2256025491052642,0.14649942228543963,NordicBet,early
2.9797979797979797,1.2103408478330204,0.14104037799827726,NordicBet,early
3.9696969696969697,1.1950872057405553,0.13592352023425758,NordicBet,early
4.959595959595959,1.1798473835484113,0.1311863352794933,NordicBet,early
5.94949494949495,1.1646284869487358,0.12686382594381065,NordicBet,early
6.939393939393939,1.1494388388187657,0.12298589261901803,NordicBet,early
7.929292929292929,1.1342878538833143,0.11957482634069097,NordicBet,early
8.919191919191919,1.1191859161323714,0.11664316857610472,NordicBet,early
9.909090909090908,1.1041442593144102,0.11419221385112627,NordicBet,early
10.898989898989898,1.0891748508298624,0.11221139341269272,NordicBet,early
11.888888888888888,1.0742902793431974,0.1106786743744568,NordicBet,early
12.878787878787879,1.0595036464171739,0.10956195665588132,NordicBet,early
13.868686868686869,1.0448284624495994,0.1088212887315636,NordicBet,early
14.85858585858586,1.0302785471624167,0.1084115988024425,NordicBet,early
15.848484848484848,1.0158679348560937,0.10828558326985191,NordicBet,early
16.838383838383837,1.0016107846002515,0.10839641585196116,NordicBet,early
17.82828282828283,0.9875212954854055,0.108700019730326,NordicBet,early
18.818181818181817,0.9736136270118586,0.10915675046636714,NordicBet,early
19.80808080808081,0.9599018246413844,0.10973243968733658,NordicBet,early
20.7979797979798,0.9463997504865597,0.11039883021536423,NordicBet,early
21.787878787878785,0.9331210190628495,0.1111334862563405,NordicBet,early
22.77777777777778,0.9200789379808392,0.1119192901015501,NordicBet,early
23.767676767676768,0.9072864534115779,0.11274364603676047,NordicBet,early
24.757575757575758,0.8947561001177804,0.11359750946432477,NordicBet,early
25.747474747474747,0.8824999558086779,0.11447434957480586,NordicBet,early
26.737373737373737,0.8705295995472858,0.11536914015775478,NordicBet,early
27.727272727272727,0.858856073916698,0.1162774566817355,NordicBet,early
28.71717171717172,0.8474898506367459,0.11719473920905202,NordicBet,early
29.707070707070706,0.8364407993148574,0.1181157605628187,NordicBet,early
30.696969696969695,0.825718159015142,0.11903431827216521,NordicBet,early
31.686868686868685,0.8153305123376293,0.11994314842484236,NordicBet,early
32.676767676767675,0.8052857617150693,0.1208340411311174,NordicBet,early
33.666666666666664,0.7955911076574266,0.12169812226278497,NordicBet,early
34.65656565656566,0.7862530287036569,0.12252625552985542,NordicBet,early
35.64646464646465,0.777277262875864,0.12330951329382031,NordicBet,early
36.63636363636363,0.7686687904718825,0.12403966369406007,NordicBet,early
37.62626262626262,0.7604318180774494,0.12470962509533837,NordicBet,early
38.61616161616161,0.7525697637275438,0.12531384565730536,NordicBet,early
39.60606060606061,0.7450852431973255,0.12584857498954283,NordicBet,early
40.5959595959596,0.7379800574548077,0.1263120054590833,NordicBet,early
41.58585858585859,0.7312551813589254,0.12670427198137207,NordicBet,early
42.57575757575757,0.7249107537367426,0.1270273104319797,NordicBet,early
43.56565656565656,0.7189460690209162,0.12728458566302808,NordicBet,early
44.55555555555556,0.7133595706720012,0.1274807100382989,NordicBet,early
45.54545454545455,0.7081488466486567,0.1276209819367257,NordicBet,early
46.535353535353536,0.7033106272212619,0.12771088028572591,NordicBet,early
47.525252525252526,0.6988407854494503,0.12775555531159502,NordicBet,early
48.51515151515151,0.6947343406616383,0.12775935681125883,NordicBet,early
49.505050505050505,0.6909854652833898,0.12772543899437405,NordicBet,early
50.494949494949495,0.6875874953611288,0.127655475235549,NordicBet,early
51.48484848484849,0.6845329451179292,0.1275495072145648,NordicBet,early
52.474747474747474,0.6818135258586931,0.12740594162333144,NordicBet,early
53.46464646464646,0.6794201695129678,0.12722169495337715,NordicBet,early
54.45454545454545,0.6773430570651887,0.12699247412989906,NordicBet,early
55.44444444444444,0.6755716520748177,0.12671316922299608,NordicBet,early
56.43434343434344,0.674094739432731,0.12637832525043002,NordicBet,early
57.42424242424242,0.6729004694367462,0.1259826539515536,NordicBet,early
58.414141414141405,0.6719764071989273,0.1255215437110559,NordicBet,early
59.4040404040404,0.6713095873213697,0.12499152650747683,NordicBet,early
60.39393939393939,0.6708865736967851,0.12439066452391674,NordicBet,early
61.38383838383839,0.6706935242067507,0.12371882538959682,NordicBet,early
62.37373737373737,0.6707162600053334,0.12297782337678914,NordicBet,early
63.36363636363637,0.6709403389904307,0.12217141374756536,NordicBet,early
64.35353535353535,0.6713511329811728,0.12130513837494876,NordicBet,early
65.34343434343434,0.6719339080384711,0.12038603232569856,NordicBet,early
66.33333333333333,0.6726739072889664,0.11942221281262232,NordicBet,early
67.32323232323232,0.6735564355416493,0.11842238319921751,NordicBet,early
68.31313131313131,0.6745669449226197,0.11739529477852585,NordicBet,early
69.3030303030303,0.675691120698148,0.11634921687198976,NordicBet,early
70.2929292929293,0.6769149664105942,0.11529147032087478,NordicBet,early
71.28282828282828,0.6782248874167751,0.11422807966103686,NordicBet,early
72.27272727272727,0.6796077718950109,0.11316359447366765,NordicBet,early
73.26262626262626,0.6810510683758344,0.11210112041519202,NordicBet,early
74.25252525252525,0.682542858852641,0.11104258574783728,NordicBet,early
75.24242424242425,0.6840719265430097,0.10998925097173584,NordicBet,early
76.23232323232322,0.6856278173985093,0.1089424489924796,NordicBet,early
77.22222222222221,0.687200894500577,0.10790452281745154,NordicBet,early
78.2121212121212,0.6887823845320714,0.10687990840463911,NordicBet,early
79.2020202020202,0.6903644155776292,0.10587629270390073,NordicBet,early
80.1919191919192,0.6919400455800759,0.10490576115841081,NordicBet,early
81.18181818181817,0.6935032808637932,0.10398583458924981,NordicBet,early
82.17171717171718,0.6950490842278214,0.10314028232870198,NordicBet,early
83.16161616161615,0.6965733722098068,0.10239958777540659,NordicBet,early
84.15151515151514,0.6980730012257002,0.10180093762276812,NordicBet,early
85.14141414141415,0.6995457423969791,0.10138761339678118,NordicBet,early
86.13131313131312,0.700990244985186,0.10120769302423954,NordicBet,early
87.12121212121212,0.7024059884612297,0.10131203077609713,NordicBet,early
88.1111111111111,0.7037932233416702,0.10175158109793947,NordicBet,early
89.1010101010101,0.7051529010242408,0.10257425839833807,NordicBet,early
90.0909090909091,0.7064865929480046,0.1038216557857532,NordicBet,early
91.08080808080807,0.7077963994875893,0.10552603998934026,NordicBet,early
92.07070707070707,0.7090848490639731,0.10770805404004956,NordicBet,early
93.06060606060605,0.7103547880142906,0.11037547068147562,NordicBet,early
94.05050505050505,0.7116092618082416,0.11352316297167957,NordicBet,early
95.04040404040404,0.7128513882268309,0.1171342460355705,NordicBet,early
96.03030303030302,0.714084223129002,0.12118216107819592,NordicBet,early
97.02020202020202,0.7153106194214764,0.12563336812557832,NordicBet,early
98.010101010101,0.716533079815455,0.1304503004257774,NordicBet,early
99.0,0.7177536038993366,0.13559429114369387,NordicBet,early
1.0,1.466709077603941,0.17544988908221215,NordicBet,late
1.9898989898989898,1.4598063140777207,0.17325436383680562,NordicBet,late
2.9797979797979797,1.4529035505134016,0.17106812600153193,NordicBet,late
3.9696969696969697,1.4460007868332116,0.16889153678700336,NordicBet,late
4.959595959595959,1.4390980229439174,0.16672497460245006,NordicBet,late
5.94949494949495,1.43219525876718,0.16456883567849534,NordicBet,late
6.939393939393939,1.4252924942684926,0.1624235347762683,NordicBet,late
7.929292929292929,1.4183897294844892,0.16028950598980926,NordicBet,late
8.919191919191919,1.4114869645483952,0.15816720364750014,NordicBet,late
9.909090909090908,1.404584199713357,0.15605710331625997,NordicBet,late
10.898989898989898,1.397681435373385,0.15395970290972524,NordicBet,late
11.888888888888888,1.3907786720816464,0.15187552389882522,NordicBet,late
12.878787878787879,1.383875910565854,0.14980511262029364,NordicBet,late
13.868686868686869,1.3769731517405226,0.14774904167593186,NordicBet,late
14.85858585858586,1.3700703967158931,0.14570791141302847,NordicBet,late
15.848484848484848,1.3631676468033618,0.14368235147437458,NordicBet,late
16.838383838383837,1.3562649035172993,0.14167302240487503,NordicBet,late
17.82828282828283,1.349362168573193,0.13968061730087017,NordicBet,late
18.818181818181817,1.3424594438820943,0.13770586348792313,NordicBet,late
19.80808080808081,1.3355567315414183,0.13574952421291306,NordicBet,late
20.7979797979798,1.3286540338221904,0.13381240033667785,NordicBet,late
21.787878787878785,1.3217513531528982,0.1318953320140004,NordicBet,late
22.77777777777778,1.3148486921001612,0.1299992003482345,NordicBet,late
23.767676767676768,1.3079460533464815,0.12812492900810746,NordicBet,late
24.757575757575758,1.3010434396653963,0.12627348579400244,NordicBet,late
25.747474747474747,1.2941408538943868,0.12444588414011659,NordicBet,late
26.737373737373737,1.2872382989059517,0.12264318453714047,NordicBet,late
27.727272727272727,1.2803357775772721,0.12086649585738549,NordicBet,late
28.71717171717172,1.273433292758937,0.11911697656052697,NordicBet,late
29.707070707070706,1.2665308472431989,0.11739583575332531,NordicBet,late
30.696969696969695,1.2596284437322613,0.11570433407090275,NordicBet,late
31.686868686868685,1.2527260848070783,0.11404378434052634,NordicBet,late
32.676767676767675,1.245823772897161,0.11241555198159611,NordicBet,late
33.666666666666664,1.2389215102518603,0.1108210550879451,NordicBet,late
34.65656565656566,1.2320192989135723,0.10926176413097938,NordicBet,late
35.64646464646465,1.22511714069329,0.1077392012150302,NordicBet,late
36.63636363636363,1.2182150371488774,0.10625493881001281,NordicBet,late
37.62626262626262,1.211312989566409,0.10481059788158138,NordicBet,late
38.61616161616161,1.204410998944857,0.10340784533594484,NordicBet,late
39.60606060606061,1.197509065984363,0.10204839069588396,NordicBet,late
40.5959595959596,1.1906071910782658,0.1007339819267876,NordicBet,late
41.58585858585859,1.1837053743089998,0.09946640033717569,NordicBet,late
42.57575757575757,1.1768036154479133,0.09824745448761373,NordicBet,late
43.56565656565656,1.169901913958993,0.09707897305547943,NordicBet,late
44.55555555555556,1.163000269006417,0.09596279662093261,NordicBet,late
45.54545454545455,1.1560986794657966,0.09490076836173895,NordicBet,late
46.535353535353536,1.149197143938913,0.09389472367118804,NordicBet,late
47.525252525252526,1.1422956607716914,0.09294647874389358,NordicBet,late
48.51515151515151,1.1353942280751117,0.09205781820817165,NordicBet,late
49.505050505050505,1.128492843748711,0.09123048192008548,NordicBet,late
50.494949494949495,1.1215915055062857,0.0904661510719449,NordicBet,late
51.48484848484849,1.1146902109033823,0.08976643380558517,NordicBet,late
52.474747474747474,1.1077889573661321,0.08913285055639729,NordicBet,late
53.46464646464646,1.1008877422209753,0.08856681938591426,NordicBet,late
54.45454545454545,1.093986562724809,0.08806964158675679,NordicBet,late
55.44444444444444,1.0870854160950965,0.08764248786191756,NordicBet,late
56.43434343434344,1.0801842995394808,0.0872863853889177,NordicBet,late
57.42424242424242,1.073283210284469,0.08700220607685585,NordicBet,late
58.414141414141405,1.0663821456027676,0.08679065630986503,NordicBet,late
59.4040404040404,1.0594811028388875,0.08665226844372567,NordicBet,late
60.39393939393939,1.052580079432678,0.08658739428383903,NordicBet,late
61.38383838383839,1.045679072940478,0.08659620072371108,NordicBet,late
62.37373737373737,1.0387780810536391,0.0866786676655404,NordicBet,late
63.36363636363637,1.0318771016142139,0.08683458828108302,NordicBet,late
64.35353535353535,1.024976132627657,0.08706357160475331,NordicBet,late
65.34343434343434,1.0180751722724555,0.08736504738520363,NordicBet,late
66.33333333333333,1.0111742189066453,0.08773827305963747,NordicBet,late
67.32323232323232,1.0042732710712376,0.0881823426597941,NordicBet,late
68.31313131313131,0.9973723274906339,0.08869619741232027,NordicBet,late
69.3030303030303,0.9904713870701529,0.08927863776086668,NordicBet,late
70.2929292929293,0.9835704488908508,0.08992833651371245,NordicBet,late
71.28282828282828,0.9766695122018563,0.09064385280924307,NordicBet,late
72.27272727272727,0.9697685764104812,0.09142364659170985,NordicBet,late
73.26262626262626,0.9628676410704012,0.09226609330028356,NordicBet,late
74.25252525252525,0.9559667058682325,0.09316949849396093,NordicBet,late
75.24242424242425,0.9490657706088429,0.09413211216156744,NordicBet,late
76.23232323232322,0.9421648351997554,0.09515214249799454,NordicBet,late
77.22222222222221,0.9352638996350056,0.09622776896300403,NordicBet,late
78.2121212121212,0.9283629639788125,0.09735715447564613,NordicBet,late
79.2020202020202,0.9214620283494139,0.09853845663401484,NordicBet,late
80.1919191919192,0.914561092903402,0.0997698378853993,NordicBet,late
81.18181818181817,0.907660157820871,0.10104947460485655,NordicBet,late
82.17171717171718,0.9007592232916632,0.10237556507007511,NordicBet,late
83.16161616161615,0.893858289502965,0.10374633634660366,NordicBet,late
84.15151515151514,0.8869573566284635,0.10516005011979271,NordicBet,late
85.14141414141415,0.88005642481924,0.10661500752801559,NordicBet,late
86.13131313131312,0.8731554941965242,0.10810955306592586,NordicBet,late
87.12121212121212,0.8662545648463924,0.10964207763681165,NordicBet,late
88.1111111111111,0.8593536368164479,0.11121102083974758,NordicBet,late
89.1010101010101,0.8524527101144693,0.11281487258052246,NordicBet,late
90.0909090909091,0.8455517847089762,0.11445217409558262,NordicBet,late
91.08080808080807,0.8386508605316161,0.11612151847587067,NordicBet,late
92.07070707070707,0.8317499374812418,0.11782155077287852,NordicBet,late
93.06060606060605,0.8248490154295114,0.11955096776292236,NordicBet,late
94.05050505050505,0.817948094227823,0.12130851743804745,NordicBet,late
95.04040404040404,0.8110471737153724,0.12309299828355325,NordicBet,late
96.03030303030302,0.8041462537281092,0.12490325839336398,NordicBet,late
97.02020202020202,0.7972453341083665,0.12673819446581402,NordicBet,late
98.010101010101,0.7903444147149412,0.12859675071430898,NordicBet,late
99.0,0.7834434954334175,0.1304779177201721,NordicBet,late
1.0,1.4181970122615295,0.15125929014575565,Betsafe,early
1.9898989898989898,1.4019107768402168,0.14565112958593987,Betsafe,early
2.9797979797979797,1.385628374716298,0.1403232365349744,Betsafe,early
3.9696969696969697,1.36935409693139,0.13530954700867834,Betsafe,early
4.959595959595959,1.3530936627838068,0.13064415845588492,Betsafe,early
5.94949494949495,1.3368540707860392,0.1263591192008626,Betsafe,early
6.939393939393939,1.3206434550096948,0.12248215840014788,Betsafe,early
7.929292929292929,1.304470946882755,0.11903451369707632,Betsafe,early
8.919191919191919,1.288346542517941,0.11602905978992951,Betsafe,early
9.909090909090908,1.2722809756589237,0.11346895947247648,Betsafe,early
10.898989898989898,1.2562855963339792,0.1113470332170272,Betsafe,early
11.888888888888888,1.2403722553039835,0.10964596774690483,Betsafe,early
12.878787878787879,1.2245531943841446,0.10833936863343602,Betsafe,early
13.868686868686869,1.208840942707139,0.10739353360782046,Betsafe,early
14.85858585858586,1.1932482189795235,0.10676971629557455,Betsafe,early
15.848484848484848,1.1777878397641994,0.1064265922138995,Betsafe,early
16.838383838383837,1.1624726337996258,0.1063226403776955,Betsafe,early
17.82828282828283,1.1473153623421788,0.1064182056007987,Betsafe,early
18.818181818181817,1.1323286454920196,0.10667708700354447,Betsafe,early
19.80808080808081,1.1175248944357405,0.1070675838680384,Betsafe,early
20.7979797979798,1.1029162495113503,0.10756300348363229,Betsafe,early
21.787878787878785,1.088514523973656,0.10814168872502904,Betsafe,early
22.77777777777778,1.0743311533112205,0.10878665517882513,Betsafe,early
23.767676767676768,1.060377149940425,0.10948494238138191,Betsafe,early
24.757575757575758,1.0466630630782632,0.11022678607210544,Betsafe,early
25.747474747474747,1.0331989435737692,0.11100471253315712,Betsafe,early
26.737373737373737,1.0199943134588803,0.11181264495276168,Betsafe,early
27.727272727272727,1.007058139963449,0.1126450969895333,Betsafe,early
28.71717171717172,0.9943988137263466,0.11349651132625486,Betsafe,early
29.707070707070706,0.9820241309250594,0.11436078182851103,Betsafe,early
30.696969696969695,0.9699412790406029,0.11523097799469288,Betsafe,early
31.686868686868685,0.9581568259725413,0.11609927099616828,Betsafe,early
32.676767676767675,0.9466767122206264,0.11695704318886499,Betsafe,early
33.666666666666664,0.9355062458549142,0.11779514884265543,Betsafe,early
34.65656565656566,0.9246501000050551,0.11860428392785478,Betsafe,early
35.64646464646465,0.9141123126115651,0.11937541753921721,Betsafe,early
36.63636363636363,0.903896288196958,0.12010023680111159,Betsafe,early
37.62626262626262,0.8940048014325278,0.12077156031249392,Betsafe,early
38.61616161616161,0.8844400022963466,0.12138368151814093,Betsafe,early
39.60606060606061,0.8752034226399892,0.12193261190776754,Betsafe,early
40.5959595959596,0.8662959840047039,0.12241620378291446,Betsafe,early
41.58585858585859,0.857718006551782,0.12283414276450755,Betsafe,early
42.57575757575757,0.8494692189962961,0.12318781065916724,Betsafe,early
43.56565656565656,0.8415487694576319,0.12348002928279307,Betsafe,early
44.55555555555556,0.8339552371638321,0.12371470492194366,Betsafe,early
45.54545454545455,0.8266866449691892,0.12389640085108282,Betsafe,early
46.535353535353536,0.8197404726654716,0.12402987123335334,Betsafe,early
47.525252525252526,0.8131136710858307,0.12411959331512634,Betsafe,early
48.51515151515151,0.8068026770167946,0.12416933563015017,Betsafe,early
49.505050505050505,0.800803428947425,0.12418179766044324,Betsafe,early
50.494949494949495,0.7951113836952485,0.12415835102126359,Betsafe,early
51.48484848484849,0.7897215339559047,0.12409890405003136,Betsafe,early
52.474747474747474,0.7846284268273749,0.12400190135010512,Betsafe,early
53.46464646464646,0.7798261833601561,0.1238644583416009,Betsafe,early
54.45454545454545,0.7753085191817519,0.12368261935118126,Betsafe,early
55.44444444444444,0.7710687662375721,0.12345171738132116,Betsafe,early
56.43434343434344,0.7670998956807652,0.12316680541600093,Betsafe,early
57.42424242424242,0.7633945419308791,0.12282312362041821,Betsafe,early
58.414141414141405,0.7599450279060823,0.12241656439164812,Betsafe,early
59.4040404040404,0.7567433914160395,0.12194409789031187,Betsafe,early
60.39393939393939,0.7537814126829664,0.12140412414382176,Betsafe,early
61.38383838383839,0.7510506429373303,0.12079672362190796,Betsafe,early
62.37373737373737,0.7485424340125791,0.12012378585756328,Betsafe,early
63.36363636363637,0.7462479688407101,0.11938900475277728,Betsafe,early
64.35353535353535,0.7441582927279844,0.11859773923922358,Betsafe,early
65.34343434343434,0.7422643452681548,0.11775674854338053,Betsafe,early
66.33333333333333,0.7405569927297613,0.11687382197293428,Betsafe,early
67.32323232323232,0.739027060734945,0.11595733332167135,Betsafe,early
68.31313131313131,0.7376653670303022,0.11501575895337621,Betsafe,early
69.3030303030303,0.7364627541360078,0.11405720548898587,Betsafe,early
70.2929292929293,0.7354101216482236,0.11308899683003908,Betsafe,early
71.28282828282828,0.7344984579621034,0.11211737012830944,Betsafe,early
72.27272727272727,0.7337188711787246,0.11114732565581471,Betsafe,early
73.26262626262626,0.7330626189593907,0.11018266620778716,Betsafe,early
74.25252525252525,0.7325211370950074,0.10922624813134466,Betsafe,early
75.24242424242425,0.7320860665668418,0.10828044932292784,Betsafe,early
76.23232323232322,0.7317492788879406,0.10734784096583916,Betsafe,early
77.22222222222221,0.7315028995315972,0.10643203085738358,Betsafe,early
78.2121212121212,0.7313393292745725,0.10553862813257071,Betsafe,early
79.2020202020202,0.7312512633078636,0.10467626278627765,Betsafe,early
80.1919191919192,0.7312317079965096,0.10385757889771723,Betsafe,early
81.18181818181817,0.731273995201693,0.10310010791903561,Betsafe,early
82.17171717171718,0.731371794112929,0.1024269181929634,Betsafe,early
83.16161616161615,0.7315191205746046,0.10186693051007657,Betsafe,early
84.15151515151514,0.7317103439293571,0.10145479036777949,Betsafe,early
85.14141414141415,0.7319401914397821,0.10123020120718523,Betsafe,early
86.13131313131312,0.7322037503890977,0.1012366563080905,Betsafe,early
87.12121212121212,0.7324964680000777,0.10151956628566979,Betsafe,early
88.1111111111111,0.7328141493489092,0.10212386506805583,Betsafe,early
89.1010101010101,0.7331529534859405,0.10309128042257491,Betsafe,early
90.0909090909091,0.733509388007814,0.10445755325425667,Betsafe,early
91.08080808080807,0.7338803023543814,0.10624995146488851,Betsafe,early
92.07070707070707,0.7342628801284617,0.10848541980508591,Betsafe,early
93.06060606060605,0.7346546307560193,0.11116962523875501,Betsafe,early
94.05050505050505,0.7350533808183696,0.11429701404546688,Betsafe,early
95.04040404040404,0.7354572653955163,0.11785183250511846,Betsafe,early
96.03030303030302,0.7358647197602599,0.12180992467901462,Betsafe,early
97.02020202020202,0.7362744717559515,0.12614104193443948,Betsafe,early
98.010101010101,0.73668553517575,0.1308113877088162,Betsafe,early
99.0,0.7370972044380004,0.13578616328550058,Betsafe,early
1.0,1.4402014810998112,0.17561875214859,Betsafe,late
1.9898989898989898,1.4337019160833746,0.17342063279741282,Betsafe,late
2.9797979797979797,1.4272023508804184,0.17123184388675058,Betsafe,late
3.9696969696969697,1.4207027850664093,0.1690527482342161,Betsafe,late
4.959595959595959,1.4142032179967794,0.16688372592765055,Betsafe,late
5.94949494949495,1.4077036488531423,0.16472517503062217,Betsafe,late
6.939393939393939,1.4012040766879792,0.16257751236394113,Betsafe,late
7.929292929292929,1.3947045004675878,0.16044117436864933,Betsafe,late
8.919191919191919,1.3882049191130494,0.158316618054982,Betsafe,late
9.909090909090908,1.3817053315389551,0.15620432204027143,Betsafe,late
10.898989898989898,1.375205736689619,0.15410478767684066,Betsafe,late
11.888888888888888,1.3687061335725068,0.15201854026879458,Betsafe,late
12.878787878787879,1.3622065212886185,0.1499461303744135,Betsafe,late
13.868686868686869,1.3557068990595864,0.14788813518874125,Betsafe,late
14.85858585858586,1.3492072662512726,0.1458451599990478,Betsafe,late
15.848484848484848,1.3427076223936916,0.14381783970423226,Betsafe,late
16.838383838383837,1.336207967197117,0.1418068403879621,Betsafe,late
17.82828282828283,1.3297083005642856,0.13981286093443496,Betsafe,late
18.818181818181817,1.3232086225986528,0.13783663467507118,Betsafe,late
19.80808080808081,1.3167089336087168,0.13587893105413398,Betsafe,late
20.7979797979798,1.3102092341084683,0.1339405573011249,Betsafe,late
21.787878787878785,1.3037095248140937,0.13202236009768875,Betsafe,late
22.77777777777778,1.297209806637095,0.13012522722653022,Betsafe,late
23.767676767676768,1.290710080674057,0.12825008918933412,Betsafe,late
24.757575757575758,1.2842103481933242,0.1263979207797315,Betsafe,late
25.747474747474747,1.2777106106189084,0.12456974259581517,Betsafe,late
26.737373737373737,1.2712108695119737,0.1227666224744554,Betsafe,late
27.727272727272727,1.2647111265502864,0.12098967682660729,Betsafe,late
28.71717171717172,1.2582113835060413,0.11924007184888999,Betsafe,late
29.707070707070706,1.2517116422224905,0.11751902458195512,Betsafe,late
30.696969696969695,1.245211904589822,0.11582780378061178,Betsafe,late
31.686868686868685,1.2387121725207295,0.11416773055445885,Betsafe,late
32.676767676767675,1.2322124479261147,0.11254017873107773,Betsafe,late
33.666666666666664,1.2257127326913602,0.1109465748869067,Betsafe,late
34.65656565656566,1.2192130286535734,0.10938839798405786,Betsafe,late
35.64646464646465,1.2127133375801984,0.10786717854490979,Betsafe,late
36.63636363636363,1.2062136611493428,0.10638449729072018,Betsafe,late
37.62626262626262,1.1997140009321363,0.10494198316620287,Betsafe,late
38.61616161616161,1.1932143583773929,0.10354131066947575,Betsafe,late
39.60606060606061,1.1867147347988023,0.1021841964065049,Betsafe,late
40.5959595959596,1.1802151313648166,0.10087239479163788,Betsafe,late
41.58585858585859,1.1737155490913542,0.09960769282150911,Betsafe,late
42.57575757575757,1.1672159888373832,0.09839190385894467,Betsafe,late
43.56565656565656,1.1607164513033856,0.09722686037685466,Betsafe,late
44.55555555555556,1.1542169370326567,0.09611440562973368,Betsafe,late
45.54545454545455,1.147717446415333,0.09505638424240963,Betsafe,late
46.535353535353536,1.141217979694996,0.0940546317320157,Betsafe,late
47.525252525252526,1.134718536977644,0.0931109630095127,Betsafe,late
48.51515151515151,1.128219118242792,0.0922271599408906,Betsafe,late
49.505050505050505,1.121719723356409,0.09140495808456275,Betsafe,late
50.494949494949495,1.115220352085379,0.09064603275925222,Betsafe,late
51.48484848484849,1.1087210041131466,0.08995198463435847,Betsafe,late
52.474747474747474,1.1022216790561798,0.08932432507061665,Betsafe,late
53.46464646464646,1.0957223764808826,0.08876446147083508,Betsafe,late
54.45454545454545,1.0892230959205822,0.08827368292653802,Betsafe,late
55.44444444444444,1.0827238368922156,0.0878531464643944,Betsafe,late
56.43434343434344,1.076224598912357,0.08750386420452723,Betsafe,late
57.42424242424242,1.069725381512242,0.08722669173969091,Betsafe,late
58.414141414141405,1.0632261842514745,0.08702231802894311,Betsafe,late
59.4040404040404,1.0567270067301227,0.08689125707157554,Betsafe,late
60.39393939393939,1.0502278485989653,0.0868338415872481,Betsafe,late
61.38383838383839,1.04372870956767,0.08685021887784325,Betsafe,late
62.37373737373737,1.0372295894107497,0.08694034898764084,Betsafe,late
63.36363636363637,1.030730487971182,0.08710400521376475,Betsafe,late
64.35353535353535,1.0242314051616292,0.08734077695166184,Betsafe,late
65.34343434343434,1.017732340963251,0.08765007479403521,Betsafe,late
66.33333333333333,1.0112332954221543,0.08803113773947527,Betsafe,late
67.32323232323232,1.0047342686435738,0.08848304231199929,Betsafe,late
68.31313131313131,0.9982352607839283,0.08900471334724515,Betsafe,late
69.3030303030303,0.9917362720409486,0.0895949361668809,Betsafe,late
70.2929292929293,0.9852373026421053,0.0902523698408064,Betsafe,late
71.28282828282828,0.9787383528316185,0.09097556122705183,Betsafe,late
72.27272727272727,0.9722394228563501,0.09176295948131026,Betsafe,late
73.26262626262626,0.9657405129509181,0.09261293074055742,Betsafe,late
74.25252525252525,0.959241623322388,0.09352377270655561,Betsafe,late
75.24242424242425,0.9527427541349079,0.09449372888327895,Betsafe,late
76.23232323232322,0.946243905494671,0.09552100225541105,Betsafe,late
77.22222222222221,0.9397450774355758,0.09660376823107808,Betsafe,late
78.2121212121212,0.9332462699059605,0.09774018670907782,Betsafe,late
79.2020202020202,0.9267474827567608,0.0989284131674853,Betsafe,late
80.1919191919192,0.9202487157314324,0.10016660870537916,Betsafe,late
81.18181818181817,0.913749968457941,0.10145294900156317,Betsafe,late
82.17171717171718,0.9072512404430985,0.1027856321828693,Betsafe,late
83.16161616161615,0.9007525310694819,0.10416288561949345,Betsafe,late
84.15151515151514,0.89425383959513,0.10558297168562994,Betsafe,late
85.14141414141415,0.8877551651561737,0.10704419254041418,Betsafe,late
86.13131313131312,0.8812565067724971,0.10854489399697011,Betsafe,late
87.12121212121212,0.8747578633564949,0.11008346855641658,Betsafe,late
88.1111111111111,0.868259233724925,0.11165835768931,Betsafe,late
89.1010101010101,0.8617606166138264,0.113268053449541,Betsafe,late
90.0909090909091,0.855262010696412,0.11491109950554229,Betsafe,late
91.08080808080807,0.8487634146038114,0.11658609167120607,Betsafe,late
92.07070707070707,0.8422648269485082,0.1182916780145657,Betsafe,late
93.06060606060605,0.8357662463502646,0.12002655861648472,Betsafe,late
94.05050505050505,0.8292676714643237,0.12178948504472777,Betsafe,late
95.04040404040404,0.8227691010116448,0.12357925960126748,Betsafe,late
96.03030303030302,0.8162705338109235,0.1253947343929011,Betsafe,late
97.02020202020202,0.8097719688121481,0.1272348102675757,Betsafe,late
98.010101010101,0.8032734051314456,0.12909843565160245,Betsafe,late
99.0,0.796774842086998,0.13098460531649378,Betsafe,late
1.0,-0.34755084522685165,0.5787154031614038,Dafabet,early
1.9898989898989898,-0.27809404815289307,0.5476763973299257,Dafabet,early
2.9797979797979797,-0.20872683493327093,0.5173263466755155,Dafabet,early
3.9696969696969697,-0.1395510707741514,0.4878164740388884,Dafabet,early
4.959595959595959,-0.07071172324289154,0.45932572459096327,Dafabet,early
5.94949494949495,-0.0023911465865911197,0.4320538251779535,Dafabet,early
6.939393939393939,0.06519842559288946,0.4062122304754454,Dafabet,early
7.929292929292929,0.13182204820536647,0.38201351308119963,Dafabet,early
8.919191919191919,0.19722887033973002,0.3596589882095254,Dafabet,early
9.909090909090908,0.26115855436636193,0.33932466760270164,Dafabet,early
10.898989898989898,0.3233472833262281,0.3211461940099142,Dafabet,early
11.888888888888888,0.3835333317305769,0.30520419588979913,Dafabet,early
12.878787878787879,0.4414621761462105,0.2915123260618704,Dafabet,early
13.868686868686869,0.496891124083374,0.2800107098012788,Dafabet,early
14.85858585858586,0.5495934426416527,0.2705671660216139,Dafabet,early
15.848484848484848,0.5993619720053442,0.262987174192079,Dafabet,early
16.838383838383837,0.6460122131004684,0.2570314820877516,Dafabet,early
17.82828282828283,0.6893848834257057,0.2524383172556528,Dafabet,early
18.818181818181817,0.7293479401386549,0.24894621443362747,Dafabet,early
19.80808080808081,0.7657980747831197,0.2463138040353453,Dafabet,early
20.7979797979798,0.7986616894812577,0.24433416648031067,Dafabet,early
21.787878787878785,0.8278953698631388,0.2428428696952894,Dafabet,early
22.77777777777778,0.8534858753549464,0.2417200249746032,Dafabet,early
23.767676767676768,0.875449672586839,0.24088740745578077,Dafabet,early
24.757575757575758,0.8938320425097359,0.24030195662480305,Dafabet,early
25.747474747474747,0.9087057962345764,0.23994697606574011,Dafabet,early
26.737373737373737,0.9201696385352376,0.23982224766326007,Dafabet,early
27.727272727272727,0.9283462213344609,0.2399341486976395,Dafabet,early
28.71717171717172,0.9333799322291148,0.24028672702581247,Dafabet,early
29.707070707070706,0.9354344651749942,0.24087452728804698,Dafabet,early
30.696969696969695,0.9346902218022954,0.24167774291882368,Dafabet,early
31.686868686868685,0.9313415924461307,0.2426599896253948,Dafabet,early
32.676767676767675,0.925594165843073,0.24376868280804953,Dafabet,early
33.666666666666664,0.9176619155701745,0.244937704672974,Dafabet,early
34.65656565656566,0.9077644097054878,0.2460918198646282,Dafabet,early
35.64646464646465,0.8961240879003646,0.2471521758047742,Dafabet,early
36.63636363636363,0.8829636471209601,0.2480422099634772,Dafabet,early
37.62626262626262,0.8685035737911084,0.24869335833917447,Dafabet,early
38.61616161616161,0.8529598560197071,0.24905008067927484,Dafabet,early
39.60606060606061,0.8365419050998342,0.24907385211042612,Dafabet,early
40.5959595959596,0.8194507106062523,0.2487458920147998,Dafabet,early
41.58585858585859,0.80187724828174,0.24806849725162083,Dafabet,early
42.57575757575757,0.7840011545854146,0.24706491864074623,Dafabet,early
43.56565656565656,0.7659896763730528,0.24577777601924403,Dafabet,early
44.55555555555556,0.7479968987883908,0.2442660615341693,Dafabet,early
45.54545454545455,0.730163249163969,0.24260084692929124,Dafabet,early
46.535353535353536,0.7126152696432567,0.24085989862983195,Dafabet,early
47.525252525252526,0.6954656464440868,0.2391215166675922,Dafabet,early
48.51515151515151,0.6788134792619333,0.23745804001460954,Dafabet,early
49.505050505050505,0.6627447703349839,0.23592957747533083,Dafabet,early
50.494949494949495,0.6473331092279975,0.23457859418540147,Dafabet,early
51.48484848484849,0.6326405264932464,0.23342597157576897,Dafabet,early
52.474747474747474,0.6187184870785755,0.23246903976480998,Dafabet,early
53.46464646464646,0.6056089927061559,0.2316818606252838,Dafabet,early
54.45454545454545,0.5933457614626045,0.2310177556785715,Dafabet,early
55.44444444444444,0.5819554525241055,0.2304137873232986,Dafabet,early
56.43434343434344,0.571458904285914,0.22979667767423964,Dafabet,early
57.42424242424242,0.5618723551576155,0.22908952744783093,Dafabet,early
58.414141414141405,0.5532086178880524,0.22821868477515128,Dafabet,early
59.4040404040404,0.5454781804574241,0.22712018688157115,Dafabet,early
60.39393939393939,0.5386902092652661,0.225745316588866,Dafabet,early
61.38383838383839,0.5328534334891565,0.22406494144514807,Dafabet,early
62.37373737373737,0.527976893019755,0.22207240872269685,Dafabet,early
63.36363636363637,0.524070536215146,0.21978484330007106,Dafabet,early
64.35353535353535,0.5211456577787323,0.21724274119563206,Dafabet,early
65.34343434343434,0.519215171264175,0.21450778445250648,Dafabet,early
66.33333333333333,0.5182937149594584,0.21165884627059126,Dafabet,early
67.32323232323232,0.5183975941103712,0.20878623548145966,Dafabet,early
68.31313131313131,0.519544566526496,0.2059843703540496,Dafabet,early
69.3030303030303,0.5217534824843068,0.20334328306017274,Dafabet,early
70.2929292929293,0.5250437934247152,0.20093961967562074,Dafabet,early
71.28282828282828,0.5294349471631321,0.19882805939954878,Dafabet,early
72.27272727272727,0.5349456901239749,0.1970342395562534,Dafabet,early
73.26262626262626,0.541593299423289,0.1955502439268961,Dafabet,early
74.25252525252525,0.5493927694074796,0.1943334398804457,Dafabet,early
75.24242424242425,0.5583559784772729,0.19330897154403423,Dafabet,early
76.23232323232322,0.5684908626621814,0.19237565917033014,Dafabet,early
77.22222222222221,0.579800622452449,0.1914145853749665,Dafabet,early
78.2121212121212,0.5922829888417516,0.19029939565324228,Dafabet,early
79.2020202020202,0.6059295734021339,0.18890734098324946,Dafabet,early
80.1919191919192,0.6207253255271437,0.18713029068265163,Dafabet,early
81.18181818181817,0.6366481177781662,0.18488524132995543,Dafabet,early
82.17171717171718,0.6536684776029735,0.18212413929761162,Dafabet,early
83.16161616161615,0.6717494806234818,0.17884304220972047,Dafabet,early
84.15151515151514,0.6908468172761173,0.1750907113174967,Dafabet,early
85.14141414141415,0.7109090409144805,0.17097659217154831,Dafabet,early
86.13131313131312,0.7318780016313957,0.16667771574222992,Dafabet,early
87.12121212121212,0.7536894661102806,0.16244321776040133,Dafabet,early
88.1111111111111,0.7762739198689228,0.15859386368109366,Dafabet,early
89.1010101010101,0.7995575444035468,0.15551241438237573,Dafabet,early
90.0909090909091,0.8234633580704762,0.15361984823037964,Dafabet,early
91.08080808080807,0.8479125061506636,0.1533343367244269,Dafabet,early
92.07070707070707,0.8728256825168015,0.15501636932040364,Dafabet,early
93.06060606060605,0.898124662749797,0.15891325638029563,Dafabet,early
94.05050505050505,0.9237339265116997,0.1651225222791271,Dafabet,early
95.04040404040404,0.949582345551724,0.17358856738160913,Dafabet,early
96.03030303030302,0.9756049129648279,0.18413174311722505,Dafabet,early
97.02020202020202,1.001744489299055,0.19649533115644238,Dafabet,early
98.010101010101,1.0279535418733263,0.2103932513550253,Dafabet,early
99.0,1.054195855258858,0.22554782743964993,Dafabet,early
1.0,-1.1819615625143118,4.621728080378046,Dafabet,late
1.9898989898989898,-1.1865012331978715,4.4845374214243,Dafabet,late
2.9797979797979797,-1.1910409038812988,4.3477924321907,Dafabet,late
3.9696969696969697,-1.1955805745648362,4.211536524444857,Dafabet,late
4.959595959595959,-1.2001202452482973,4.075818748927698,Dafabet,late
5.94949494949495,-1.204659915931761,3.9406947059557016,Dafabet,late
6.939393939393939,-1.209199586615303,3.8062276299562856,Dafabet,late
7.929292929292929,-1.2137392572987862,3.672489685567203,Dafabet,late
8.919191919191919,-1.2182789279822632,3.5395635217087213,Dafabet,late
9.909090909090908,-1.2228185986657518,3.407544140856261,Dafabet,late
10.898989898989898,-1.2273582693492848,3.2765411539633615,Dafabet,late
11.888888888888888,-1.231897940032768,3.146681507462478,Dafabet,late
12.878787878787879,-1.2364321092917985,3.0181164952154154,Dafabet,late
13.868686868686869,-1.2409176703973914,2.8910457226563606,Dafabet,late
14.85858585858586,-1.2452355758100184,2.7657395724781706,Dafabet,late
15.848484848484848,-1.249235693976615,2.6425048373675053,Dafabet,late
16.838383838383837,-1.2527546270220213,2.521672044610956,Dafabet,late
17.82828282828283,-1.2555767001158107,2.4036149095206185,Dafabet,late
18.818181818181817,-1.257423181559978,2.288746137856465,Dafabet,late
19.80808080808081,-1.2579702690039554,2.1774947486500253,Dafabet,late
20.7979797979798,-1.2568603166887677,2.0702867990389793,Dafabet,late
21.787878787878785,-1.2537171799488926,1.9675242206018753,Dafabet,late
22.77777777777778,-1.2481405018781841,1.8695736300117742,Dafabet,late
23.767676767676768,-1.2396948982406686,1.7767548406543634,Dafabet,late
24.757575757575758,-1.2279256386843427,1.6893124525708707,Dafabet,late
25.747474747474747,-1.2123766978834496,1.6073918621819996,Dafabet,late
26.737373737373737,-1.192601449229326,1.5310334201131364,Dafabet,late
27.727272727272727,-1.1681679751560674,1.4601624058324902,Dafabet,late
28.71717171717172,-1.1386693143395163,1.3945890005315054,Dafabet,late
29.707070707070706,-1.1037494667701524,1.3340282524436766,Dafabet,late
30.696969696969695,-1.0631107069794852,1.2781235192623759,Dafabet,late
31.686868686868685,-1.0165108833690342,1.2264714424353793,Dafabet,late
32.676767676767675,-0.9637872716548115,1.1786625296257922,Dafabet,late
33.666666666666664,-0.9048648438736122,1.1343172818487541,Dafabet,late
34.65656565656566,-0.8397569381405119,1.0931137081186537,Dafabet,late
35.64646464646465,-0.7685654780653799,1.0548058583231557,Dafabet,late
36.63636363636363,-0.6914756930176891,1.0192286616973327,Dafabet,late
37.62626262626262,-0.6087526840740525,0.986292023251686,Dafabet,late
38.61616161616161,-0.5207383053313852,0.9559642700800228,Dafabet,late
39.60606060606061,-0.427837951110295,0.9282414093131126,Dafabet,late
40.5959595959596,-0.3305095910637499,0.90311321020339,Dafabet,late
41.58585858585859,-0.22925587568187789,0.8805309548181263,Dafabet,late
42.57575757575757,-0.1246094494151826,0.86037652403505,Dafabet,late
43.56565656565656,-0.017119228828351485,0.84244141828559,Dafabet,late
44.55555555555556,0.09266311701788044,0.8264207687931414,Dafabet,late
45.54545454545455,0.20419592494484373,0.8119246983078312,Dafabet,late
46.535353535353536,0.31695880177648106,0.7985004113509647,Dafabet,late
47.525252525252526,0.43046257713063785,0.7856634633830384,Dafabet,late
48.51515151515151,0.5442596054106636,0.7729372700043868,Dafabet,late
49.505050505050505,0.6579507206766781,0.759890773893901,Dafabet,late
50.494949494949495,0.7711897782262616,0.7461708678439064,Dafabet,late
51.48484848484849,0.8836843692604519,0.7315249077481257,Dafabet,late
52.474747474747474,0.9951917639731184,0.7158101900915519,Dafabet,late
53.46464646464646,1.1055184424222047,0.6990004709127877,Dafabet,late
54.45454545454545,1.2145159353303974,0.6811814777066728,Dafabet,late
55.44444444444444,1.3220763947576661,0.6625399478980779,Dafabet,late
56.43434343434344,1.4281249815674482,0.6433423830594777,Dafabet,late
57.42424242424242,1.5326100435285204,0.6239053609615502,Dafabet,late
58.414141414141405,1.6354922034969424,0.6045604079964043,Dafabet,late
59.4040404040404,1.7367327488337077,0.5856163403098955,Dafabet,late
60.39393939393939,1.8362817391708615,0.56732295704429,Dafabet,late
61.38383838383839,1.9340662630534387,0.5498407270017938,Dafabet,late
62.37373737373737,2.0299792743389933,0.5332211973462191,Dafabet,late
63.36363636363637,2.1238694265751983,0.5174018782869726,Dafabet,late
64.35353535353535,2.215532298206196,0.5022172640515085,Dafabet,late
65.34343434343434,2.304703364009566,0.4874248821278438,Dafabet,late
66.33333333333333,2.391053019468902,0.47274264428561,Dafabet,late
67.32323232323232,2.474183906461615,0.4578921120091929,Dafabet,late
68.31313131313131,2.5536307220502836,0.4426419606622242,Dafabet,late
69.3030303030303,2.6288626192686415,0.4268467244564899,Dafabet,late
70.2929292929293,2.6992882312601982,0.4104772236285654,Dafabet,late
71.28282828282828,2.7642632705594696,0.39364024344267373,Dafabet,late
72.27272727272727,2.8231005755887724,0.37658557342149407,Dafabet,late
73.26262626262626,2.875082398881874,0.359698269098274,Dafabet,late
74.25252525252525,2.9194746581301834,0.3434732324626363,Dafabet,late
75.24242424242425,2.9555428041703347,0.3284687881250005,Dafabet,late
76.23232323232322,2.982568901235135,0.31523750049334265,Dafabet,late
77.22222222222221,2.9998694657407308,0.3042380299728161,Dafabet,late
78.2121212121212,3.006813571983878,0.29574183575675406,Dafabet,late
79.2020202020202,3.002840707618102,0.2897589885431622,Dafabet,late
80.1919191919192,2.98747784915637,0.2860095407513158,Dafabet,late
81.18181818181817,2.960355228455578,0.2839543110764852,Dafabet,late
82.17171717171718,2.921220274999987,0.28287662580282213,Dafabet,late
83.16161616161615,2.869949245954299,0.28198935010052517,Dafabet,late
84.15151515151514,2.8065560949329313,0.28053981084619434,Dafabet,late
85.14141414141415,2.7311981805353427,0.2778959696312401,Dafabet,late
86.13131313131312,2.644178475135242,0.2736103739658378,Dafabet,late
87.12121212121212,2.545944002100491,0.2674670429472772,Dafabet,late
88.1111111111111,2.43708030283884,0.2595194330591684,Dafabet,late
89.1010101010101,2.318301811854648,0.25012644484182195,Dafabet,late
90.0909090909091,2.1904380959994962,0.23998842469013537,Dafabet,late
91.08080808080807,2.0544159910690363,0.23017371841826137,Dafabet,late
92.07070707070707,1.9112377421425082,0.2221042644543205,Dafabet,late
93.06060606060605,1.7619553208436272,0.21743975539313912,Dafabet,late
94.05050505050505,1.607641151022555,0.21779922744427663,Dafabet,late
95.04040404040404,1.449355521821159,0.22435305832662272,Dafabet,late
96.03030303030302,1.2881110014455048,0.237488730294222,Dafabet,late
97.02020202020202,1.1248341841712053,0.2567834194985619,Dafabet,late
98.010101010101,0.9603251056433835,0.28128213608115754,Dafabet,late
99.0,0.7952146461211793,0.3098614646924814,Dafabet,late
1.0,1.5089657016486206,0.31480963187868166,Betfair,early
1.9898989898989898,1.4487388262841059,0.2938128379973074,Betfair,early
2.9797979797979797,1.3885561325642453,0.2738311277244591,Betfair,early
3.9696969696969697,1.3284785378503627,0.2551176049787847,Betfair,early
4.959595959595959,1.2685899174683355,0.23796253367820547,Betfair,early
5.94949494949495,1.2089936854610506,0.22267458801532122,Betfair,early
6.939393939393939,1.1498094094110953,0.20955194172364383,Betfair,early
7.929292929292929,1.091169485319424,0.1988423487909689,Betfair,early
8.919191919191919,1.0332159010731956,0.1906964227290935,Betfair,early
9.909090909090908,0.9760971184638518,0.1851254396356078,Betfair,early
10.898989898989898,0.9199651040813808,0.18197947865263034,Betfair,early
11.888888888888888,0.8649725387759357,0.18095760381851514,Betfair,early
12.878787878787879,0.8112702338201336,0.18164888171428842,Betfair,early
13.868686868686869,0.7590047795088435,0.18358991064787095,Betfair,early
14.85858585858586,0.7083164487918698,0.1863206100682125,Betfair,early
15.848484848484848,0.6593373747525271,0.18942592268702316,Betfair,early
16.838383838383837,0.6121900164307137,0.1925600966436519,Betfair,early
17.82828282828283,0.5669859227556628,0.1954563873433749,Betfair,early
18.818181818181817,0.5238247993242371,0.1979270282489356,Betfair,early
19.80808080808081,0.4827938775541032,0.1998577158583391,Betfair,early
20.7979797979798,0.44396758047988416,0.20119941566344185,Betfair,early
21.787878787878785,0.40740747426454105,0.20195899653188662,Betfair,early
22.77777777777778,0.37316248948309316,0.20218932892084876,Betfair,early
23.767676767676768,0.34126939151408453,0.20197900961962156,Betfair,early
24.757575757575758,0.3117534750466835,0.2014416977047334,Betfair,early
25.747474747474747,0.28462945387404104,0.20070507354113112,Betfair,early
26.737373737373737,0.25990251387802576,0.19989960148182057,Betfair,early
27.727272727272727,0.23756949448826703,0.19914753070453864,Betfair,early
28.71717171717172,0.21762016197696255,0.19855283570603735,Betfair,early
29.707070707070706,0.20003853677001004,0.1981929848115791,Betfair,early
30.696969696969695,0.1848042365462269,0.1981134350242703,Betfair,early
31.686868686868685,0.17189379726791643,0.1983255266369505,Betfair,early
32.676767676767675,0.16128193543456637,0.19880801360418518,Betfair,early
33.666666666666664,0.15294271675642446,0.1995119268292109,Betfair,early
34.65656565656566,0.14685059907092013,0.2003679852931846,Betfair,early
35.64646464646465,0.14298132062196683,0.20129547732405526,Betfair,early
36.63636363636363,0.14131260872631207,0.20221148243601994,Betfair,early
37.62626262626262,0.141824688286115,0.203039454269846,Betfair,early
38.61616161616161,0.1445005744854389,0.20371644513160278,Betfair,early
39.60606060606061,0.1493261392346505,0.2041985274457096,Betfair,early
40.5959595959596,0.15628994639564514,0.20446419385548079,Betfair,early
41.58585858585859,0.16538285642545686,0.2045156736208714,Betfair,early
42.57575757575757,0.17659740670185192,0.20437819883629077,Betfair,early
43.56565656565656,0.1899269793290438,0.2040973181458611,Betfair,early
44.55555555555556,0.20536477355289476,0.2037344209559451,Betfair,early
45.54545454545455,0.222902604933247,0.2033607287761762,Betfair,early
46.535353535353536,0.24252955802304685,0.20305014501886678,Betfair,early
47.525252525252526,0.26423052339323505,0.2028715211300557,Betfair,early
48.51515151515151,0.28798465333235135,0.2028810600753454,Betfair,early
49.505050505050505,0.31376377829143154,0.20311567779335665,Betfair,early
50.494949494949495,0.3415311655796564,0.2035878784214552,Betfair,early
51.48484848484849,0.3712401964048791,0.2042831771379621,Betfair,early
52.474747474747474,0.4028323482004922,0.2051608620145341,Betfair,early
53.46464646464646,0.43623577465785174,0.20615703637065802,Betfair,early
54.45454545454545,0.4713640979804271,0.20718984168951854,Betfair,early
55.44444444444444,0.5081153949732355,0.208166227647557,Betfair,early
56.43434343434344,0.5463714114362939,0.20898949804506495,Betfair,early
57.42424242424242,0.585997035713056,0.20956690723258667,Betfair,early
58.414141414141405,0.6268400579266082,0.2098167186157171,Betfair,early
59.4040404040404,0.6687312364909521,0.20967430505310372,Betfair,early
60.39393939393939,0.7114846879969361,0.20909702210754363,Betfair,early
61.38383838383839,0.7548986106381907,0.20806769207332151,Betfair,early
62.37373737373737,0.7987563450668149,0.20659659265256528,Betfair,early
63.36363636363637,0.8428277700634881,0.20472185685942715,Betfair,early
64.35353535353535,0.886871023789906,0.20250817738186908,Betfair,early
65.34343434343434,0.9306345347826913,0.20004369339120423,Betfair,early
66.33333333333333,0.973859340365618,0.1974349514076276,Betfair,early
67.32323232323232,1.016281663925207,0.19479991022898788,Betfair,early
68.31313131313131,1.0576357166245254,0.19225913731000682,Betfair,early
69.3030303030303,1.0976566837311843,0.18992563638869356,Betfair,early
70.2929292929293,1.1360838509102953,0.1878941268041345,Betfair,early
71.28282828282828,1.1726638216707026,0.18623097338484157,Betfair,early
72.27272727272727,1.2071537737334386,0.18496619434389913,Betfair,early
73.26262626262626,1.2393246994798173,0.18408890188425536,Betfair,early
74.25252525252525,1.2689645738836148,0.18354709010834414,Betfair,early
75.24242424242425,1.295881392472936,0.183251965819644,Betfair,early
76.23232323232322,1.319906021920386,0.1830862473409959,Betfair,early
77.22222222222221,1.3408948068232442,0.182915291644173,Betfair,early
78.2121212121212,1.3587318781006181,0.1825997061523798,Betfair,early
79.2020202020202,1.373331111159986,0.18200825056756487,Betfair,early
80.1919191919192,1.3846376855238383,0.18103020281507506,Betfair,early
81.18181818181817,1.3926292018933606,0.17958678214216922,Betfair,early
82.17171717171718,1.397316317577495,0.1776415560350271,Betfair,early
83.16161616161615,1.3987428667376558,0.1752099230389148,Betfair,early
84.15151515151514,1.3969854378826128,0.17236770713697327,Betfair,early
85.14141414141415,1.3921523873764468,0.169258560864327,Betfair,early
86.13131313131312,1.3843822742679337,0.16609917243328054,Betfair,early
87.12121212121212,1.3738417083774295,0.16318015526805624,Betfair,early
88.1111111111111,1.360722610148578,0.1608591247403293,Betfair,early
89.1010101010101,1.3452388871427017,0.15954153954324946,Betfair,early
90.0909090909091,1.3276225380862494,0.15964591083151858,Betfair,early
91.08080808080807,1.3081192009295715,0.16155469191388458,Betfair,early
92.07070707070707,1.2869831662990414,0.16556031024213191,Betfair,early
93.06060606060605,1.2644718818963265,0.17182277512389715,Betfair,early
94.05050505050505,1.2408399766867044,0.1803541140401369,Betfair,early
95.04040404040404,1.2163328360077081,0.1910338592027787,Betfair,early
96.03030303030302,1.1911797599059089,0.20364653412456035,Betfair,early
97.02020202020202,1.1655867369775192,0.21792607175584344,Betfair,early
98.010101010101,1.1397288646551238,0.233595126905535,Betfair,early
99.0,1.1137424441691852,0.25039408297474425,Betfair,early
1.0,0.40295087941343405,0.4995816576589122,Betfair,late
1.9898989898989898,0.39956158823653404,0.4853666692116184,Betfair,late
2.9797979797979797,0.39617233223313686,0.47140363763794085,Betfair,late
3.9696969696969697,0.3927834862538577,0.4577173101100328,Betfair,late
4.959595959595959,0.38939606539968596,0.44433672705641125,Betfair,late
5.94949494949495,0.38601181068078805,0.43129414313248465,Betfair,late
6.939393939393939,0.38263311143911494,0.4186231526844956,Betfair,late
7.929292929292929,0.37926296857655917,0.4063570320955723,Betfair,late
8.919191919191919,0.37590492676610043,0.39452708317114665,Betfair,late
9.909090909090908,0.3725629904146174,0.3831611178801597,Betfair,late
10.898989898989898,0.3692415377068565,0.3722821965323124,Betfair,late
11.888888888888888,0.3659452358290518,0.36190768209110996,Betfair,late
12.878787878787879,0.3626789604611208,0.3520486595492087,Betfair,late
13.868686868686869,0.35944772251137386,0.3427097480651625,Betfair,late
14.85858585858586,0.3562566048558733,0.33388930645427567,Betfair,late
15.848484848484848,0.3531107115460407,0.325580002313107,Betfair,late
16.838383838383837,0.3500151315736696,0.3177696850595914,Betfair,late
17.82828282828283,0.34697491884443354,0.31044247734568203,Betfair,late
18.818181818181817,0.3439950895219552,0.3035799811685827,Betfair,late
19.80808080808081,0.34108063737813277,0.2971624871096606,Betfair,late
20.7979797979798,0.3382365672356522,0.2911700785830753,Betfair,late
21.787878787878785,0.33546794602949637,0.28558353734369946,Betfair,late
22.77777777777778,0.3327799687539895,0.2803849686149617,Betfair,late
23.767676767676768,0.33017802866367163,0.27555804527849653,Betfair,late
24.757575757575758,0.3276678200761898,0.27108807592817774,Betfair,late
25.747474747474747,0.3252554514739874,0.2669617934766918,Betfair,late
26.737373737373737,0.3229475592523332,0.2631668599138792,Betfair,late
27.727272727272727,0.3207514257682238,0.25969120641766347,Betfair,late
28.71717171717172,0.31867509824788376,0.2565222997213001,Betfair,late
29.707070707070706,0.3167275048759808,0.2536464305302332,Betfair,late
30.696969696969695,0.31491855282464076,0.25104810213228124,Betfair,late
31.686868686868685,0.3132591255818083,0.24870951000962757,Betfair,late
32.676767676767675,0.311761187833822,0.24661040084513514,Betfair,late
33.666666666666664,0.3104379407870659,0.24472828156089385,Betfair,late
34.65656565656566,0.30930387298530326,0.24303880083248677,Betfair,late
35.64646464646465,0.30837473189489656,0.24151628724276217,Betfair,late
36.63636363636363,0.3076674798647664,0.24013445390354432,Betfair,late
37.62626262626262,0.307200264487845,0.23886724464105166,Betfair,late
38.61616161616161,0.3069924243065517,0.23768980434944686,Betfair,late
39.60606060606061,0.3070644172366835,0.2365793375386574,Betfair,late
40.5959595959596,0.30743769593952386,0.2355158003761504,Betfair,late
41.58585858585859,0.3081345522028605,0.2344823968965908,Betfair,late
42.57575757575757,0.3091779313474375,0.2334658421922685,Betfair,late
43.56565656565656,0.3105912183569852,0.23245637628622604,Betfair,late
44.55555555555556,0.31239799809551494,0.23144753344906155,Betfair,late
45.54545454545455,0.31462179261107065,0.23043569157420604,Betfair,late
46.535353535353536,0.3172857791170068,0.2294194437206413,Betfair,late
47.525252525252526,0.3204124927772811,0.2283988480436156,Betfair,late
48.51515151515151,0.3240235188892406,0.22737462212157059,Betfair,late
49.505050505050505,0.3281391794453769,0.22634735231887948,Betfair,late
50.494949494949495,0.3327782219669894,0.22531678575865544,Betfair,late
51.48484848484849,0.3379575962894365,0.22428120900265225,Betfair,late
52.474747474747474,0.3436921757382681,0.22323707875087168,Betfair,late
53.46464646464646,0.3499943749147116,0.22217897406305379,Betfair,late
54.45454545454545,0.35687388343792886,0.2210997179582296,Betfair,late
55.44444444444444,0.3643374332168714,0.21999072224270527,Betfair,late
56.43434343434344,0.3723885977152344,0.21884252913347668,Betfair,late
57.42424242424242,0.3810276277216466,0.21764550113076506,Betfair,late
58.414141414141405,0.3902513276185028,0.21639059803019167,Betfair,late
59.4040404040404,0.4000529755377795,0.21507017308772852,Betfair,late
60.39393939393939,0.4104222901111284,0.2136787194218011,Betfair,late
61.38383838383839,0.4213454457755299,0.21221350244584325,Betfair,late
62.37373737373737,0.4328051377971635,0.21067502376730063,Betfair,late
63.36363636363637,0.4447806973404908,0.2090672756651219,Betfair,late
64.35353535353535,0.45724825605004255,0.20739776202667604,Betfair,late
65.34343434343434,0.47018095874510185,0.2056772805722701,Betfair,late
66.33333333333333,0.48354922196781236,0.20391948140946578,Betfair,late
67.32323232323232,0.4973210352889533,0.2021402374330207,Betfair,late
68.31313131313131,0.5114623014778575,0.20035688159142134,Betfair,late
69.3030303030303,0.5259372108984355,0.19858738303732462,Betfair,late
70.2929292929293,0.540708644815699,0.19684954682302638,Betfair,late
71.28282828282828,0.5557386016993112,0.19516032810128653,Betfair,late
72.27272727272727,0.5709886401031876,0.1935353499182169,Betfair,late
73.26262626262626,0.5864203312930697,0.19198870238552523,Betfair,late
74.25252525252525,0.6019957144948699,0.19053308002224303,Betfair,late
75.24242424242425,0.6176777474506809,0.18918028432220754,Betfair,late
76.23232323232322,0.633430744900552,0.187942082307691,Betfair,late
77.22222222222221,0.6492207976575195,0.1868313720446783,Betfair,late
78.2121212121212,0.6650161651101208,0.18586356627832257,Betfair,late
79.2020202020202,0.680787634267268,0.18505806883655748,Betfair,late
80.1919191919192,0.6965088388496669,0.18443968821691858,Betfair,late
81.18181818181817,0.7121565324220728,0.18403981158363597,Betfair,late
82.17171717171718,0.7277108101415368,0.18389715336879964,Betfair,late
83.16161616161615,0.7431552743577731,0.1840578998883442,Betfair,late
84.15151515151514,0.7584771400289025,0.18457510012540093,Betfair,late
85.14141414141415,0.7736672766937338,0.1855072086344128,Betfair,late
86.13131313131312,0.7887201845552848,0.18691577263630982,Betfair,late
87.12121212121212,0.8036339030618168,0.1888623688287246,Betfair,late
88.1111111111111,0.818409851203241,0.1914050230620654,Betfair,late
89.1010101010101,0.8330525995543485,0.19459446324355256,Betfair,late
90.0909090909091,0.8475695748730012,0.19847063091090228,Betfair,late
91.08080808080807,0.8619706987827813,0.203059881503077,Betfair,late
92.07070707070707,0.8762679627176748,0.20837322552244134,Betfair,late
93.06060606060605,0.8904749418629004,0.21440581562455205,Betfair,late
94.05050505050505,0.9046062512754652,0.22113770409925113,Betfair,late
95.04040404040404,0.9186769476929935,0.22853572667745709,Betfair,late
96.03030303030302,0.9327018807260609,0.2365562496708524,Betfair,late
97.02020202020202,0.9466949971641478,0.2451484655557671,Betfair,late
98.010101010101,0.9606686019959901,0.25425793288223375,Betfair,late
99.0,0.9746325794409403,0.26383011102419884,Betfair,late
