beta_1,se,pctl,level,model,evalvar
1.3188549667668055,0.05207931134471195,1.0,-0.7008064774239704,M1  nur Verspätung,DW
1.313160630575396,0.047627562694242134,1.9898989898989898,-0.7008064774239704,M1  nur Verspätung,DW
1.3074578216305075,0.04345055502202146,2.9797979797979797,-0.7008064774239704,M1  nur Verspätung,DW
1.3017422766093332,0.039626660001459035,3.9696969696969697,-0.7008064774239704,M1  nur Verspätung,DW
1.2960097321890625,0.03624333686053043,4.959595959595959,-0.7008064774239704,M1  nur Verspätung,DW
1.2902559250468855,0.03339264250729983,5.94949494949495,-0.7008064774239704,M1  nur Verspätung,DW
1.2844765918599959,0.031160415788169613,6.939393939393939,-0.7008064774239704,M1  nur Verspätung,DW
1.2786674693055828,0.02960814777328899,7.929292929292929,-0.7008064774239704,M1  nur Verspätung,DW
1.2728242940608372,0.0287516840145745,8.919191919191919,-0.7008064774239704,M1  nur Verspätung,DW
1.2669428028029504,0.028547184282795457,9.909090909090908,-0.7008064774239704,M1  nur Verspätung,DW
1.261018732209113,0.02889435332623208,10.898989898989898,-0.7008064774239704,M1  nur Verspätung,DW
1.2550478189565155,0.029656409310257686,11.888888888888888,-0.7008064774239704,M1  nur Verspätung,DW
1.24902579972235,0.030685568891407354,12.878787878787879,-0.7008064774239704,M1  nur Verspätung,DW
1.242948411183806,0.03184277054796899,13.868686868686869,-0.7008064774239704,M1  nur Verspätung,DW
1.2368113900180755,0.03300779205481204,14.85858585858586,-0.7008064774239704,M1  nur Verspätung,DW
1.2306104729023497,0.034081885620838505,15.848484848484848,-0.7008064774239704,M1  nur Verspätung,DW
1.2243413965138188,0.03498658152573504,16.838383838383837,-0.7008064774239704,M1  nur Verspätung,DW
1.217999897529674,0.03566140071100614,17.82828282828283,-0.7008064774239704,M1  nur Verspätung,DW
1.211581712627105,0.03606198796480268,18.818181818181817,-0.7008064774239704,M1  nur Verspätung,DW
1.2050825784833048,0.03615940879222173,19.80808080808081,-0.7008064774239704,M1  nur Verspätung,DW
1.1984986791035048,0.035945676801624846,20.7979797979798,-0.7008064774239704,M1  nur Verspätung,DW
1.1918296366561554,0.035464920686990344,21.787878787878785,-0.7008064774239704,M1  nur Verspätung,DW
1.1850766675698352,0.03478958001328461,22.77777777777778,-0.7008064774239704,M1  nur Verspätung,DW
1.1782409970079044,0.03400089718877172,23.767676767676768,-0.7008064774239704,M1  nur Verspätung,DW
1.1713238501337249,0.03318632527930304,24.757575757575758,-0.7008064774239704,M1  nur Verspätung,DW
1.164326452110655,0.03243585161132899,25.747474747474747,-0.7008064774239704,M1  nur Verspätung,DW
1.1572500281020563,0.03183640905164188,26.737373737373737,-0.7008064774239704,M1  nur Verspätung,DW
1.1500958032712887,0.031464198604280826,27.727272727272727,-0.7008064774239704,M1  nur Verspätung,DW
1.1428650027817113,0.03137582502324682,28.71717171717172,-0.7008064774239704,M1  nur Verspätung,DW
1.1355588517966881,0.031600400502974524,29.707070707070706,-0.7008064774239704,M1  nur Verspätung,DW
1.1281785754795755,0.032135280974459356,30.696969696969695,-0.7008064774239704,M1  nur Verspätung,DW
1.1207253989937356,0.03294708135297482,31.686868686868685,-0.7008064774239704,M1  nur Verspätung,DW
1.1132005475025286,0.03397747564188831,32.676767676767675,-0.7008064774239704,M1  nur Verspätung,DW
1.1056052461693153,0.035151516177482474,33.666666666666664,-0.7008064774239704,M1  nur Verspätung,DW
1.0979407201574545,0.03638590871005814,34.65656565656566,-0.7008064774239704,M1  nur Verspätung,DW
1.0902081946303086,0.03759561936259123,35.64646464646465,-0.7008064774239704,M1  nur Verspätung,DW
1.0824088947512374,0.03869839794356526,36.63636363636363,-0.7008064774239704,M1  nur Verspätung,DW
1.0745440456835997,0.039617605905388376,37.62626262626262,-0.7008064774239704,M1  nur Verspätung,DW
1.0666148725907567,0.040284046434844754,38.61616161616161,-0.7008064774239704,M1  nur Verspätung,DW
1.0586226006360702,0.04063752014701783,39.60606060606061,-0.7008064774239704,M1  nur Verspätung,DW
1.0505700826544098,0.040631542044250346,40.5959595959596,-0.7008064774239704,M1  nur Verspätung,DW
1.0424856881176323,0.040275887004357705,41.58585858585859,-0.7008064774239704,M1  nur Verspätung,DW
1.0344180409732264,0.039626931080143264,42.57575757575757,-0.7008064774239704,M1  nur Verspätung,DW
1.0264163227789591,0.038751912052995115,43.56565656565656,-0.7008064774239704,M1  nur Verspätung,DW
1.018529715092603,0.03772608894377642,44.55555555555556,-0.7008064774239704,M1  nur Verspätung,DW
1.0108073994719253,0.03663088357653019,45.54545454545455,-0.7008064774239704,M1  nur Verspätung,DW
1.0032985574746993,0.035551344585324836,46.535353535353536,-0.7008064774239704,M1  nur Verspätung,DW
0.9960523706586931,0.0345722521210202,47.525252525252526,-0.7008064774239704,M1  nur Verspätung,DW
0.9891180205816785,0.03377239388976587,48.51515151515151,-0.7008064774239704,M1  nur Verspätung,DW
0.9825446888014239,0.03321713427616255,49.505050505050505,-0.7008064774239704,M1  nur Verspätung,DW
0.9763815568757007,0.03295038938100904,50.494949494949495,-0.7008064774239704,M1  nur Verspätung,DW
0.9706778063622781,0.032988095703282386,51.48484848484849,-0.7008064774239704,M1  nur Verspätung,DW
0.9654826188189276,0.033315423243627934,52.474747474747474,-0.7008064774239704,M1  nur Verspätung,DW
0.9608451758034176,0.033888844694587306,53.46464646464646,-0.7008064774239704,M1  nur Verspätung,DW
0.9568146588735204,0.03464228246573399,54.45454545454545,-0.7008064774239704,M1  nur Verspätung,DW
0.9534402495870036,0.03549518578148864,55.44444444444444,-0.7008064774239704,M1  nur Verspätung,DW
0.9507711295016399,0.03636031475808761,56.43434343434344,-0.7008064774239704,M1  nur Verspätung,DW
0.9488564801751972,0.037149908818264715,57.42424242424242,-0.7008064774239704,M1  nur Verspätung,DW
0.9477454831654475,0.03777997803263543,58.414141414141405,-0.7008064774239704,M1  nur Verspätung,DW
0.9474873200301595,0.03817315660506501,59.4040404040404,-0.7008064774239704,M1  nur Verspätung,DW
0.9481298267961008,0.03826159426124656,60.39393939393939,-0.7008064774239704,M1  nur Verspätung,DW
0.9496649043297573,0.038019417507017685,61.38383838383839,-0.7008064774239704,M1  nur Verspätung,DW
0.9520096205388058,0.037475427250075334,62.37373737373737,-0.7008064774239704,M1  nur Verspätung,DW
0.9550758175795415,0.03667320830068333,63.36363636363637,-0.7008064774239704,M1  nur Verspätung,DW
0.9587753376082585,0.035665902093815614,64.35353535353535,-0.7008064774239704,M1  nur Verspätung,DW
0.9630200227812525,0.03451464222311804,65.34343434343434,-0.7008064774239704,M1  nur Verspätung,DW
0.9677217152548182,0.03328725071684193,66.33333333333333,-0.7008064774239704,M1  nur Verspätung,DW
0.9727922571852504,0.032056614893307585,67.32323232323232,-0.7008064774239704,M1  nur Verspätung,DW
0.9781434907288443,0.030898106943343374,68.31313131313131,-0.7008064774239704,M1  nur Verspätung,DW
0.9836872580418944,0.02988541806568283,69.3030303030303,-0.7008064774239704,M1  nur Verspätung,DW
0.9893354012806956,0.029084462252320243,70.2929292929293,-0.7008064774239704,M1  nur Verspätung,DW
0.9949997626015433,0.028545755941461574,71.28282828282828,-0.7008064774239704,M1  nur Verspätung,DW
1.0005921841607315,0.028296806949768123,72.27272727272727,-0.7008064774239704,M1  nur Verspätung,DW
1.0060245081145571,0.028336904894623753,73.26262626262626,-0.7008064774239704,M1  nur Verspätung,DW
1.011208576619312,0.028636385281005396,74.25252525252525,-0.7008064774239704,M1  nur Verspätung,DW
1.0160562318312933,0.02914074597689982,75.24242424242425,-0.7008064774239704,M1  nur Verspätung,DW
1.0204793159067953,0.029778003650454864,76.23232323232322,-0.7008064774239704,M1  nur Verspätung,DW
1.0243896710021136,0.030466784185504078,77.22222222222221,-0.7008064774239704,M1  nur Verspätung,DW
1.0276991392735422,0.0311231745124924,78.2121212121212,-0.7008064774239704,M1  nur Verspätung,DW
1.0303195628773758,0.03166554830091735,79.2020202020202,-0.7008064774239704,M1  nur Verspätung,DW
1.0321629311598206,0.032017611383282574,80.1919191919192,-0.7008064774239704,M1  nur Verspätung,DW
1.0331771411828303,0.03212394728224291,81.18181818181817,-0.7008064774239704,M1  nur Verspätung,DW
1.033392648024719,0.03197161966531601,82.17171717171718,-0.7008064774239704,M1  nur Verspätung,DW
1.032851466130872,0.03156454315700658,83.16161616161615,-0.7008064774239704,M1  nur Verspätung,DW
1.0315956099466723,0.030916975628853455,84.15151515151514,-0.7008064774239704,M1  nur Verspätung,DW
1.0296670939175032,0.030052345500223388,85.14141414141415,-0.7008064774239704,M1  nur Verspätung,DW
1.0271079324887482,0.02900313254337017,86.13131313131312,-0.7008064774239704,M1  nur Verspätung,DW
1.0239601401057927,0.027811673386159187,87.12121212121212,-0.7008064774239704,M1  nur Verspätung,DW
1.0202657312140189,0.02653180153441168,88.1111111111111,-0.7008064774239704,M1  nur Verspätung,DW
1.0160667202588096,0.02523112144423311,89.1010101010101,-0.7008064774239704,M1  nur Verspätung,DW
1.0114051216855506,0.023993320604379566,90.0909090909091,-0.7008064774239704,M1  nur Verspätung,DW
1.0063229499396238,0.022919065407358035,91.08080808080807,-0.7008064774239704,M1  nur Verspätung,DW
1.000862219466414,0.022122748190787075,92.07070707070707,-0.7008064774239704,M1  nur Verspätung,DW
0.9950649447113042,0.021721625817133987,93.06060606060605,-0.7008064774239704,M1  nur Verspätung,DW
0.9889731401196789,0.021816160441222806,94.05050505050505,-0.7008064774239704,M1  nur Verspätung,DW
0.982628820136921,0.022467255509026913,95.04040404040404,-0.7008064774239704,M1  nur Verspätung,DW
0.9760739992084136,0.02368260172340776,96.03030303030302,-0.7008064774239704,M1  nur Verspätung,DW
0.9693506917795414,0.025420752247850984,97.02020202020202,-0.7008064774239704,M1  nur Verspätung,DW
0.9625009122956881,0.027608886596673658,98.010101010101,-0.7008064774239704,M1  nur Verspätung,DW
0.955566675202237,0.03016261704016452,99.0,-0.7008064774239704,M1  nur Verspätung,DW
1.3156623352637205,0.046432138447989255,1.0,-0.6017748486752462,M1  nur Verspätung,DW
1.309982983394403,0.04245225812831029,1.9898989898989898,-0.6017748486752462,M1  nur Verspätung,DW
1.3043028620231663,0.03872708858398403,2.9797979797979797,-0.6017748486752462,M1  nur Verspätung,DW
1.298621583951793,0.03532909147629403,3.9696969696969697,-0.6017748486752462,M1  nur Verspätung,DW
1.2929387619820585,0.03233885269040613,4.959595959595959,-0.6017748486752462,M1  nur Verspätung,DW
1.2872540089157425,0.029840425880630385,5.94949494949495,-0.6017748486752462,M1  nur Verspätung,DW
1.2815669375546237,0.027910627527870956,6.939393939393939,-0.6017748486752462,M1  nur Verspätung,DW
1.2758771607004804,0.02660176296306163,7.929292929292929,-0.6017748486752462,M1  nur Verspätung,DW
1.270184291155092,0.025922363773468203,8.919191919191919,-0.6017748486752462,M1  nur Verspätung,DW
1.264487941720236,0.025825967652326864,9.909090909090908,-0.6017748486752462,M1  nur Verspätung,DW
1.2587877251976922,0.02621632991648399,10.898989898989898,-0.6017748486752462,M1  nur Verspätung,DW
1.2530832543892385,0.026967002736101118,11.888888888888888,-0.6017748486752462,M1  nur Verspätung,DW
1.2473741420966549,0.02794434705554777,12.878787878787879,-0.6017748486752462,M1  nur Verspätung,DW
1.2416600011217185,0.02902435826930259,13.868686868686869,-0.6017748486752462,M1  nur Verspätung,DW
1.2359404442662076,0.030100750938682756,14.85858585858586,-0.6017748486752462,M1  nur Verspätung,DW
1.2302150843319029,0.031086664630139475,15.848484848484848,-0.6017748486752462,M1  nur Verspätung,DW
1.2244835341205815,0.03191328860829375,16.838383838383837,-0.6017748486752462,M1  nur Verspätung,DW
1.2187454064340224,0.03252773472854423,17.82828282828283,-0.6017748486752462,M1  nur Verspätung,DW
1.2130003140740044,0.03289139885368245,18.818181818181817,-0.6017748486752462,M1  nur Verspätung,DW
1.2072478698423068,0.03297941116949529,19.80808080808081,-0.6017748486752462,M1  nur Verspätung,DW
1.2014865975888558,0.03278571240215765,20.7979797979798,-0.6017748486752462,M1  nur Verspätung,DW
1.1957066514799337,0.03235118829902622,21.787878787878785,-0.6017748486752462,M1  nur Verspätung,DW
1.1898943046988382,0.031742127514221806,22.77777777777778,-0.6017748486752462,M1  nur Verspätung,DW
1.184035809165377,0.031032606585235604,23.767676767676768,-0.6017748486752462,M1  nur Verspätung,DW
1.178117416799356,0.030302115344568326,24.757575757575758,-0.6017748486752462,M1  nur Verspätung,DW
1.1721253795205815,0.029632174488401237,25.747474747474747,-0.6017748486752462,M1  nur Verspätung,DW
1.166045949248861,0.0291012237693548,26.737373737373737,-0.6017748486752462,M1  nur Verspätung,DW
1.1598653779039991,0.028777663226092872,27.727272727272727,-0.6017748486752462,M1  nur Verspätung,DW
1.1535699174058038,0.028711903868930307,28.71717171717172,-0.6017748486752462,M1  nur Verspätung,DW
1.1471458196740811,0.028929382806936344,29.707070707070706,-0.6017748486752462,M1  nur Verspätung,DW
1.1405793366286376,0.02942690023956469,30.696969696969695,-0.6017748486752462,M1  nur Verspätung,DW
1.13385672018928,0.030173682088082125,31.686868686868685,-0.6017748486752462,M1  nur Verspätung,DW
1.1269642222758154,0.03111666648941743,32.676767676767675,-0.6017748486752462,M1  nur Verspätung,DW
1.1198880948080483,0.03218797650057677,33.666666666666664,-0.6017748486752462,M1  nur Verspätung,DW
1.1126145897057877,0.03331231437384425,34.65656565656566,-0.6017748486752462,M1  nur Verspätung,DW
1.1051299588888397,0.034412857612150786,35.64646464646465,-0.6017748486752462,M1  nur Verspätung,DW
1.097420454277009,0.03541530219372798,36.63636363636363,-0.6017748486752462,M1  nur Verspätung,DW
1.089472327790104,0.036250402778816915,37.62626262626262,-0.6017748486752462,M1  nur Verspätung,DW
1.0812718313479304,0.03685563061154617,38.61616161616161,-0.6017748486752462,M1  nur Verspätung,DW
1.0728052168702955,0.03717659369024814,39.60606060606061,-0.6017748486752462,M1  nur Verspätung,DW
1.0640616447110065,0.037171324018433316,40.5959595959596,-0.6017748486752462,M1  nur Verspätung,DW
1.0550758700838305,0.03684882553297869,41.58585858585859,-0.6017748486752462,M1  nur Verspätung,DW
1.045918840275198,0.03626029705496806,42.57575757575757,-0.6017748486752462,M1  nur Verspätung,DW
1.0366624989474635,0.03546673545311832,43.56565656565656,-0.6017748486752462,M1  nur Verspätung,DW
1.027378789762985,0.03453634588569984,44.55555555555556,-0.6017748486752462,M1  nur Verspätung,DW
1.0181396563841159,0.033542838407208016,45.54545454545455,-0.6017748486752462,M1  nur Verspätung,DW
1.0090170424732134,0.03256311628423074,46.535353535353536,-0.6017748486752462,M1  nur Verspätung,DW
1.000082891692633,0.03167375188591811,47.525252525252526,-0.6017748486752462,M1  nur Verspätung,DW
0.9914091477047307,0.030945839990135875,48.51515151515151,-0.6017748486752462,M1  nur Verspätung,DW
0.983067754171862,0.030438345005683296,49.505050505050505,-0.6017748486752462,M1  nur Verspätung,DW
0.9751306547563829,0.030190932815319132,50.494949494949495,-0.6017748486752462,M1  nur Verspätung,DW
0.9676697931206492,0.030218133601887257,51.48484848484849,-0.6017748486752462,M1  nur Verspätung,DW
0.9607571129270166,0.03050682565345877,52.474747474747474,-0.6017748486752462,M1  nur Verspätung,DW
0.9544645578378415,0.031018033919936627,53.46464646464646,-0.6017748486752462,M1  nur Verspätung,DW
0.948864071515479,0.0316923760813408,54.45454545454545,-0.6017748486752462,M1  nur Verspätung,DW
0.9440275976222857,0.032457269926782335,55.44444444444444,-0.6017748486752462,M1  nur Verspätung,DW
0.9400270798206168,0.03323392684520489,56.43434343434344,-0.6017748486752462,M1  nur Verspätung,DW
0.9369344617728279,0.03394293604882267,57.42424242424242,-0.6017748486752462,M1  nur Verspätung,DW
0.9348216871412757,0.03450818352237106,58.414141414141405,-0.6017748486752462,M1  nur Verspätung,DW
0.9337606995883152,0.03485948199518144,59.4040404040404,-0.6017748486752462,M1  nur Verspätung,DW
0.9338216733677485,0.03493523468565356,60.39393939393939,-0.6017748486752462,M1  nur Verspätung,DW
0.9350012265307855,0.03471187526257557,61.38383838383839,-0.6017748486752462,M1  nur Verspätung,DW
0.9371975698254125,0.034215405826145594,62.37373737373737,-0.6017748486752462,M1  nur Verspätung,DW
0.9403020419995085,0.03348526914587027,63.36363636363637,-0.6017748486752462,M1  nur Verspätung,DW
0.9442059818009545,0.032569591715284965,64.35353535353535,-0.6017748486752462,M1  nur Verspätung,DW
0.9488007279776295,0.031523741214060895,65.34343434343434,-0.6017748486752462,M1  nur Verspätung,DW
0.9539776192774141,0.030409118526998374,66.33333333333333,-0.6017748486752462,M1  nur Verspätung,DW
0.959627994448188,0.02929166136495142,67.32323232323232,-0.6017748486752462,M1  nur Verspätung,DW
0.9656431922378317,0.028239488360224104,68.31313131313131,-0.6017748486752462,M1  nur Verspätung,DW
0.9719145513942246,0.027319126212524435,69.3030303030303,-0.6017748486752462,M1  nur Verspätung,DW
0.9783334106652475,0.026590020268683755,70.2929292929293,-0.6017748486752462,M1  nur Verspätung,DW
0.98479110879878,0.026097699502667805,71.28282828282828,-0.6017748486752462,M1  nur Verspätung,DW
0.991178984542702,0.02586696473224706,72.27272727272727,-0.6017748486752462,M1  nur Verspätung,DW
0.9973883766448937,0.025897224688407088,73.26262626262626,-0.6017748486752462,M1  nur Verspätung,DW
1.0033106238532354,0.026161819999706352,74.25252525252525,-0.6017748486752462,M1  nur Verspätung,DW
1.0088370649156067,0.026611680160370667,75.24242424242425,-0.6017748486752462,M1  nur Verspätung,DW
1.0138590385798874,0.02718189468030579,76.23232323232322,-0.6017748486752462,M1  nur Verspätung,DW
1.0182678835939587,0.02779897506579823,77.22222222222221,-0.6017748486752462,M1  nur Verspätung,DW
1.0219549387056992,0.028387041345837048,78.2121212121212,-0.6017748486752462,M1  nur Verspätung,DW
1.0248115426629891,0.028872213194312095,79.2020202020202,-0.6017748486752462,M1  nur Verspätung,DW
1.026729214581354,0.02918541185279258,80.1919191919192,-0.6017748486752462,M1  nur Verspätung,DW
1.0276434751662826,0.02927649059996522,81.18181818181817,-0.6017748486752462,M1  nur Verspätung,DW
1.0275910123489929,0.029133847898903584,82.17171717171718,-0.6017748486752462,M1  nur Verspätung,DW
1.0266226789976642,0.02876124968543587,83.16161616161615,-0.6017748486752462,M1  nur Verspätung,DW
1.0247893279804752,0.028171950702624078,84.15151515151514,-0.6017748486752462,M1  nur Verspätung,DW
1.0221418121656047,0.02738764809193044,85.14141414141415,-0.6017748486752462,M1  nur Verspätung,DW
1.0187309844212316,0.02643839118512653,86.13131313131312,-0.6017748486752462,M1  nur Verspätung,DW
1.014607697615535,0.025363325624813575,87.12121212121212,-0.6017748486752462,M1  nur Verspätung,DW
1.0098228046166946,0.024212176009467522,88.1111111111111,-0.6017748486752462,M1  nur Verspätung,DW
1.0044271582928879,0.0230472559566834,89.1010101010101,-0.6017748486752462,M1  nur Verspätung,DW
0.9984716115122948,0.021945415185714835,90.0909090909091,-0.6017748486752462,M1  nur Verspätung,DW
0.9920070171430944,0.02099854577309466,91.08080808080807,-0.6017748486752462,M1  nur Verspätung,DW
0.9850842280534652,0.020310164011942942,92.07070707070707,-0.6017748486752462,M1  nur Verspätung,DW
0.9777540971115861,0.019985111172334112,93.06060606060605,-0.6017748486752462,M1  nur Verspätung,DW
0.9700674771856364,0.020111726246274438,94.05050505050505,-0.6017748486752462,M1  nur Verspätung,DW
0.9620752211437945,0.02074200141822033,95.04040404040404,-0.6017748486752462,M1  nur Verspätung,DW
0.9538281818542401,0.021880438479943073,96.03030303030302,-0.6017748486752462,M1  nur Verspätung,DW
0.9453772121851512,0.02348848781511729,97.02020202020202,-0.6017748486752462,M1  nur Verspätung,DW
0.9367731650047075,0.02550046777091247,98.010101010101,-0.6017748486752462,M1  nur Verspätung,DW
0.9280668931810886,0.02784084749845855,99.0,-0.6017748486752462,M1  nur Verspätung,DW
1.2438146282388571,0.05501348085253114,1.0,-0.20762428182761866,M1  nur Verspätung,DW
1.2371539208069762,0.05046526698068992,1.9898989898989898,-0.20762428182761866,M1  nur Verspätung,DW
1.2305155419074947,0.04612927422482788,2.9797979797979797,-0.20762428182761866,M1  nur Verspätung,DW
1.2239107268185028,0.04206703930237606,3.9696969696969697,-0.20762428182761866,M1  nur Verspätung,DW
1.217350710818086,0.03834815273022333,4.959595959595959,-0.20762428182761866,M1  nur Verspätung,DW
1.2108467291843317,0.03504938671732467,5.94949494949495,-0.20762428182761866,M1  nur Verspätung,DW
1.204410017195325,0.0322505961740505,6.939393939393939,-0.20762428182761866,M1  nur Verspätung,DW
1.1980518101291528,0.030025362314765318,7.929292929292929,-0.20762428182761866,M1  nur Verspätung,DW
1.1917833432639027,0.028425624830494763,8.919191919191919,-0.20762428182761866,M1  nur Verspätung,DW
1.1856158518776607,0.027463614120186976,9.909090909090908,-0.20762428182761866,M1  nur Verspätung,DW
1.1795605712485133,0.027099471976452297,10.898989898989898,-0.20762428182761866,M1  nur Verspätung,DW
1.1736287366545466,0.027243046950097216,11.888888888888888,-0.20762428182761866,M1  nur Verspätung,DW
1.1678315833738486,0.027770262390747053,12.878787878787879,-0.20762428182761866,M1  nur Verspätung,DW
1.1621803466845047,0.02854531062999878,13.868686868686869,-0.20762428182761866,M1  nur Verspätung,DW
1.1566862618646023,0.02943884745134486,14.85858585858586,-0.20762428182761866,M1  nur Verspätung,DW
1.151360564192226,0.03033809492502154,15.848484848484848,-0.20762428182761866,M1  nur Verspätung,DW
1.1462144889454646,0.031150131324009324,16.838383838383837,-0.20762428182761866,M1  nur Verspätung,DW
1.141259271402404,0.03180144766453689,17.82828282828283,-0.20762428182761866,M1  nur Verspätung,DW
1.1365061468411306,0.03223632563606996,18.818181818181817,-0.20762428182761866,M1  nur Verspätung,DW
1.1319663505397313,0.0324155780096612,19.80808080808081,-0.20762428182761866,M1  nur Verspätung,DW
1.127646486398487,0.032320648621337746,20.7979797979798,-0.20762428182761866,M1  nur Verspätung,DW
1.1235175615490374,0.03198107317214489,21.787878787878785,-0.20762428182761866,M1  nur Verspätung,DW
1.1195340770686535,0.03145328982837364,22.77777777777778,-0.20762428182761866,M1  nur Verspätung,DW
1.1156504435996972,0.030802761270569495,23.767676767676768,-0.20762428182761866,M1  nur Verspätung,DW
1.1118210717845285,0.030101473059426075,24.757575757575758,-0.20762428182761866,M1  nur Verspätung,DW
1.1080003722655078,0.02942492748866312,25.747474747474747,-0.20762428182761866,M1  nur Verspätung,DW
1.104142755684995,0.028847863770553567,26.737373737373737,-0.20762428182761866,M1  nur Verspätung,DW
1.1002026326853516,0.028438367446722807,27.727272727272727,-0.20762428182761866,M1  nur Verspätung,DW
1.0961344139089375,0.02825075001138043,28.71717171717172,-0.20762428182761866,M1  nur Verspätung,DW
1.0918925099981134,0.028318555210039523,29.707070707070706,-0.20762428182761866,M1  nur Verspätung,DW
1.0874313315952393,0.028649727699790024,30.696969696969695,-0.20762428182761866,M1  nur Verspätung,DW
1.0827052893426767,0.029225661531981847,31.686868686868685,-0.20762428182761866,M1  nur Verspätung,DW
1.077668793882785,0.030004444803762253,32.676767676767675,-0.20762428182761866,M1  nur Verspätung,DW
1.0722762558579237,0.030927006814939182,33.666666666666664,-0.20762428182761866,M1  nur Verspätung,DW
1.0664820859104558,0.03192412510003653,34.65656565656566,-0.20762428182761866,M1  nur Verspätung,DW
1.0602406946827405,0.03292261953878793,35.64646464646465,-0.20762428182761866,M1  nur Verspätung,DW
1.053506492817137,0.03384997812018713,36.63636363636363,-0.20762428182761866,M1  nur Verspätung,DW
1.0462338909560076,0.034637463525372385,37.62626262626262,-0.20762428182761866,M1  nur Verspätung,DW
1.038377299741712,0.03522217833042643,38.61616161616161,-0.20762428182761866,M1  nur Verspätung,DW
1.0298911298166094,0.035548697467702166,39.60606060606061,-0.20762428182761866,M1  nur Verspätung,DW
1.0207354185757749,0.03557323814097885,40.5959595959596,-0.20762428182761866,M1  nur Verspätung,DW
1.0109584127399063,0.035300206352463975,41.58585858585859,-0.20762428182761866,M1  nur Verspätung,DW
1.0006783774117232,0.03477434704360447,42.57575757575757,-0.20762428182761866,M1  nur Verspätung,DW
0.9900155053157971,0.034050099967752566,43.56565656565656,-0.20762428182761866,M1  nur Verspätung,DW
0.9790899891767009,0.03318896512241233,44.55555555555556,-0.20762428182761866,M1  nur Verspätung,DW
0.9680220217190081,0.03225783113926279,45.54545454545455,-0.20762428182761866,M1  nur Verspätung,DW
0.9569317956672913,0.03132687825527115,46.535353535353536,-0.20762428182761866,M1  nur Verspätung,DW
0.9459395037461229,0.030466509909841115,47.525252525252526,-0.20762428182761866,M1  nur Verspätung,DW
0.9351653386800755,0.02974291580135125,48.51515151515151,-0.20762428182761866,M1  nur Verspätung,DW
0.9247294931937219,0.029212278507318373,49.505050505050505,-0.20762428182761866,M1  nur Verspätung,DW
0.914752160011636,0.028914348760914203,50.494949494949495,-0.20762428182761866,M1  nur Verspätung,DW
0.9053535318583886,0.02886688353738414,51.48484848484849,-0.20762428182761866,M1  nur Verspätung,DW
0.8966538014585538,0.029062714057426695,52.474747474747474,-0.20762428182761866,M1  nur Verspätung,DW
0.8887731615367045,0.029470543604878444,53.46464646464646,-0.20762428182761866,M1  nur Verspätung,DW
0.8818318048174125,0.03003920386202229,54.45454545454545,-0.20762428182761866,M1  nur Verspätung,DW
0.8759499240252517,0.030703899208512415,55.44444444444444,-0.20762428182761866,M1  nur Verspätung,DW
0.871247711884794,0.031392659935205465,56.43434343434344,-0.20762428182761866,M1  nur Verspätung,DW
0.8678453611206124,0.03203176299416406,57.42424242424242,-0.20762428182761866,M1  nur Verspätung,DW
0.8658630644572798,0.032549702484178815,58.414141414141405,-0.20762428182761866,M1  nur Verspätung,DW
0.8654210146193686,0.03287992809685951,59.4040404040404,-0.20762428182761866,M1  nur Verspätung,DW
0.8666364928671014,0.032963502850907975,60.39393939393939,-0.20762428182761866,M1  nur Verspätung,DW
0.8695057477794234,0.03277604124412772,61.38383838383839,-0.20762428182761866,M1  nur Verspätung,DW
0.873863104136238,0.03233854931094129,62.37373737373737,-0.20762428182761866,M1  nur Verspätung,DW
0.8795315792196567,0.03168460943277843,63.36363636363637,-0.20762428182761866,M1  nur Verspätung,DW
0.8863341903117893,0.03085585657453004,64.35353535353535,-0.20762428182761866,M1  nur Verspätung,DW
0.8940939546947466,0.029900512286450538,65.34343434343434,-0.20762428182761866,M1  nur Verspätung,DW
0.9026338896506388,0.02887220191327341,66.33333333333333,-0.20762428182761866,M1  nur Verspätung,DW
0.9117770124615768,0.027828616293724903,67.32323232323232,-0.20762428182761866,M1  nur Verspätung,DW
0.9213463404096717,0.0268295543667617,68.31313131313131,-0.20762428182761866,M1  nur Verspätung,DW
0.931164890777033,0.025933890065599416,69.3030303030303,-0.20762428182761866,M1  nur Verspätung,DW
0.9410556808457724,0.025195176271250883,70.2929292929293,-0.20762428182761866,M1  nur Verspätung,DW
0.9508417278979995,0.02465606543707176,71.28282828282828,-0.20762428182761866,M1  nur Verspätung,DW
0.9603460492158253,0.024342475702258976,72.27272727272727,-0.20762428182761866,M1  nur Verspätung,DW
0.9693916620813605,0.024259111695397694,73.26262626262626,-0.20762428182761866,M1  nur Verspätung,DW
0.9778015837767156,0.024387959311320147,74.25252525252525,-0.20762428182761866,M1  nur Verspätung,DW
0.9853988315840014,0.024690412940646098,75.24242424242425,-0.20762428182761866,M1  nur Verspätung,DW
0.9920064227853279,0.02511226804430378,76.23232323232322,-0.20762428182761866,M1  nur Verspätung,DW
0.9974473746628064,0.025589887765581115,77.22222222222221,-0.20762428182761866,M1  nur Verspätung,DW
1.001544704498547,0.026055924014894413,78.2121212121212,-0.20762428182761866,M1  nur Verspätung,DW
1.0041214295746599,0.026443716824792976,79.2020202020202,-0.20762428182761866,M1  nur Verspätung,DW
1.0050008703526718,0.026690332180015812,80.1919191919192,-0.20762428182761866,M1  nur Verspätung,DW
1.004080309430396,0.026749425758967722,81.18181818181817,-0.20762428182761866,M1  nur Verspätung,DW
1.0014270810820376,0.026608980337843497,82.17171717171718,-0.20762428182761866,M1  nur Verspätung,DW
0.9971323293804658,0.026271349402257813,83.16161616161615,-0.20762428182761866,M1  nur Verspätung,DW
0.991287198398551,0.025748024047446597,84.15151515151514,-0.20762428182761866,M1  nur Verspätung,DW
0.983982832209161,0.025058623004693817,85.14141414141415,-0.20762428182761866,M1  nur Verspätung,DW
0.9753103748851678,0.02423074079033358,86.13131313131312,-0.20762428182761866,M1  nur Verspätung,DW
0.9653609704994389,0.023300518932101357,87.12121212121212,-0.20762428182761866,M1  nur Verspätung,DW
0.9542257631248456,0.022313802369059728,88.1111111111111,-0.20762428182761866,M1  nur Verspätung,DW
0.9419958968342564,0.021327607954463118,89.1010101010101,-0.20762428182761866,M1  nur Verspätung,DW
0.9287625157005414,0.020411273101651205,90.0909090909091,-0.20762428182761866,M1  nur Verspätung,DW
0.9146167637965701,0.019646007268608906,91.08080808080807,-0.20762428182761866,M1  nur Verspätung,DW
0.8996497851952119,0.019120840593448943,92.07070707070707,-0.20762428182761866,M1  nur Verspätung,DW
0.8839527239693373,0.018923036294575507,93.06060606060605,-0.20762428182761866,M1  nur Verspätung,DW
0.8676167241918155,0.019123365909603188,94.05050505050505,-0.20762428182761866,M1  nur Verspätung,DW
0.8507329299355155,0.01976124341520227,95.04040404040404,-0.20762428182761866,M1  nur Verspätung,DW
0.8333924852733077,0.02083751699823587,96.03030303030302,-0.20762428182761866,M1  nur Verspätung,DW
0.8156865342780613,0.022318944355205962,97.02020202020202,-0.20762428182761866,M1  nur Verspätung,DW
0.797706221022646,0.02415069956809826,98.010101010101,-0.20762428182761866,M1  nur Verspätung,DW
0.7795426895799313,0.026269645965796465,99.0,-0.20762428182761866,M1  nur Verspätung,DW
1.0458674336429763,0.12296827844765622,1.0,0.3782444879889625,M1  nur Verspätung,DW
1.0380815414181428,0.11332981195829152,1.9898989898989898,0.3782444879889625,M1  nur Verspätung,DW
1.0303709908446455,0.10394850270920007,2.9797979797979797,0.3782444879889625,M1  nur Verspätung,DW
1.0227736923587434,0.09490366945112359,3.9696969696969697,0.3782444879889625,M1  nur Verspätung,DW
1.01532755639669,0.08628395415300973,4.959595959595959,0.3782444879889625,M1  nur Verspätung,DW
1.0080704933947373,0.07818929638675466,5.94949494949495,0.3782444879889625,M1  nur Verspätung,DW
1.0010404137891424,0.07073237851849147,6.939393939393939,0.3782444879889625,M1  nur Verspätung,DW
0.994275228016162,0.06403816543534296,7.929292929292929,0.3782444879889625,M1  nur Verspätung,DW
0.9878128465120477,0.058238988401952727,8.919191919191919,0.3782444879889625,M1  nur Verspätung,DW
0.9816911797130554,0.053461539259982024,9.909090909090908,0.3782444879889625,M1  nur Verspätung,DW
0.9759481380554399,0.04980292122896132,10.898989898989898,0.3782444879889625,M1  nur Verspätung,DW
0.9706216319754563,0.04729832795953728,11.888888888888888,0.3782444879889625,M1  nur Verspätung,DW
0.9657495719093591,0.04589277365221682,12.878787878787879,0.3782444879889625,M1  nur Verspätung,DW
0.961369868293403,0.04543472074177383,13.868686868686869,0.3782444879889625,M1  nur Verspätung,DW
0.9575204315638426,0.04569939923655672,14.85858585858586,0.3782444879889625,M1  nur Verspätung,DW
0.9542391721569332,0.0464300671912971,15.848484848484848,0.3782444879889625,M1  nur Verspätung,DW
0.951564000508929,0.04737678793171501,16.838383838383837,0.3782444879889625,M1  nur Verspätung,DW
0.9495328270560855,0.04832057623137872,17.82828282828283,0.3782444879889625,M1  nur Verspätung,DW
0.9481835622346572,0.04908302690480249,18.818181818181817,0.3782444879889625,M1  nur Verspätung,DW
0.9475541164808987,0.04952739491797971,19.80808080808081,0.3782444879889625,M1  nur Verspätung,DW
0.9476706242270533,0.04956424976059359,20.7979797979798,0.3782444879889625,M1  nur Verspätung,DW
0.9484687095414883,0.04919776762137712,21.787878787878785,0.3782444879889625,M1  nur Verspätung,DW
0.9498420272621168,0.048489315566901565,22.77777777777778,0.3782444879889625,M1  nur Verspätung,DW
0.9516840022819096,0.0475240210116804,23.767676767676768,0.3782444879889625,M1  nur Verspätung,DW
0.9538880594938388,0.04640486979090842,24.757575757575758,0.3782444879889625,M1  nur Verspätung,DW
0.9563476237908756,0.04524749399956085,25.747474747474747,0.3782444879889625,M1  nur Verspätung,DW
0.9589561200659917,0.04417387178328927,26.737373737373737,0.3782444879889625,M1  nur Verspätung,DW
0.9616069732121572,0.04330363958025713,27.727272727272727,0.3782444879889625,M1  nur Verspätung,DW
0.9641936081223459,0.042742564842713146,28.71717171717172,0.3782444879889625,M1  nur Verspätung,DW
0.9666094496895271,0.04256933653897858,29.707070707070706,0.3782444879889625,M1  nur Verspätung,DW
0.9687479228066733,0.04282374185572407,30.696969696969695,0.3782444879889625,M1  nur Verspätung,DW
0.970502452366756,0.04350014876647354,31.686868686868685,0.3782444879889625,M1  nur Verspätung,DW
0.9717664632627466,0.04454877593066291,32.676767676767675,0.3782444879889625,M1  nur Verspätung,DW
0.9724333803876162,0.04588405496656557,33.666666666666664,0.3782444879889625,M1  nur Verspätung,DW
0.9723966286343361,0.04739672909061842,34.65656565656566,0.3782444879889625,M1  nur Verspätung,DW
0.9715496328958787,0.0489658906390409,35.64646464646465,0.3782444879889625,M1  nur Verspätung,DW
0.9697858180652147,0.05046858411574034,36.63636363636363,0.3782444879889625,M1  nur Verspätung,DW
0.9669986090353158,0.05178641660607807,37.62626262626262,0.3782444879889625,M1  nur Verspätung,DW
0.963081430699153,0.052809814259275646,38.61616161616161,0.3782444879889625,M1  nur Verspätung,DW
0.9579277079496985,0.053441030546413186,39.60606060606061,0.3782444879889625,M1  nur Verspätung,DW
0.9514406906187616,0.05360088375676835,40.5959595959596,0.3782444879889625,M1  nur Verspätung,DW
0.9436776518751743,0.05328796540784813,41.58585858585859,0.3782444879889625,M1  nur Verspätung,DW
0.9348181248050104,0.0525667650245999,42.57575757575757,0.3782444879889625,M1  nur Verspätung,DW
0.9250450083374492,0.0515181015978563,43.56565656565656,0.3782444879889625,M1  nur Verspätung,DW
0.9145412014016717,0.05023466623758353,44.55555555555556,0.3782444879889625,M1  nur Verspätung,DW
0.9034896029268579,0.04881838469207828,45.54545454545455,0.3782444879889625,M1  nur Verspätung,DW
0.8920731118421868,0.04737733910599896,46.535353535353536,0.3782444879889625,M1  nur Verspätung,DW
0.8804746270768402,0.0460213361439025,47.525252525252526,0.3782444879889625,M1  nur Verspätung,DW
0.8688770475599971,0.0448553821034473,48.51515151515151,0.3782444879889625,M1  nur Verspätung,DW
0.8574632722208375,0.04397087781522942,49.505050505050505,0.3782444879889625,M1  nur Verspätung,DW
0.8464161999885425,0.04343542097253103,50.494949494949495,0.3782444879889625,M1  nur Verspätung,DW
0.8359187297922906,0.04328341766047842,51.48484848484849,0.3782444879889625,M1  nur Verspätung,DW
0.8261537605612636,0.04351040783106664,52.474747474747474,0.3782444879889625,M1  nur Verspätung,DW
0.8173041912246408,0.044073228181024805,53.46464646464646,0.3782444879889625,M1  nur Verspätung,DW
0.809552920711602,0.04489599879082527,54.45454545454545,0.3782444879889625,M1  nur Verspätung,DW
0.8030828479513276,0.04587977851609633,55.44444444444444,0.3782444879889625,M1  nur Verspätung,DW
0.7980768718729984,0.0469129532917942,56.43434343434344,0.3782444879889625,M1  nur Verspätung,DW
0.7947178914057937,0.04788014663323284,57.42424242424242,0.3782444879889625,M1  nur Verspätung,DW
0.7931888054788936,0.04866879393359417,58.414141414141405,0.3782444879889625,M1  nur Verspätung,DW
0.7936725130214788,0.049173635635855396,59.4040404040404,0.3782444879889625,M1  nur Verspätung,DW
0.7963476568898109,0.049300919268823046,60.39393939393939,0.3782444879889625,M1  nur Verspätung,DW
0.8012159504452994,0.04901027038531415,61.38383838383839,0.3782444879889625,M1  nur Verspätung,DW
0.8080424015937057,0.04833186565931664,62.37373737373737,0.3782444879889625,M1  nur Verspätung,DW
0.8165754885741631,0.047315605394672014,63.36363636363637,0.3782444879889625,M1  nur Verspätung,DW
0.8265636896258054,0.04602407879058639,64.35353535353535,0.3782444879889625,M1  nur Verspätung,DW
0.8377554829877665,0.04453036348538573,65.34343434343434,0.3782444879889625,M1  nur Verspätung,DW
0.849899346899181,0.04291635648032959,66.33333333333333,0.3782444879889625,M1  nur Verspätung,DW
0.8627437595991817,0.041270949725833145,67.32323232323232,0.3782444879889625,M1  nur Verspätung,DW
0.8760371993269033,0.039687297321580425,68.31313131313131,0.3782444879889625,M1  nur Verspätung,DW
0.889528144321479,0.038258374944096944,69.3030303030303,0.3782444879889625,M1  nur Verspätung,DW
0.9029650728220441,0.03707022498683279,70.2929292929293,0.3782444879889625,M1  nur Verspätung,DW
0.9160964630677303,0.036192984141818034,71.28282828282828,0.3782444879889625,M1  nur Verspätung,DW
0.9286707932976728,0.03567107081519475,72.27272727272727,0.3782444879889625,M1  nur Verspätung,DW
0.9404365417510049,0.035515235299644406,73.26262626262626,0.3782444879889625,M1  nur Verspätung,DW
0.9511421866668608,0.03569942944456586,74.25252525252525,0.3782444879889625,M1  nur Verspätung,DW
0.9605362062843749,0.03616390244649332,75.24242424242425,0.3782444879889625,M1  nur Verspätung,DW
0.9683670788426794,0.03682335213359687,76.23232323232322,0.3782444879889625,M1  nur Verspätung,DW
0.9743832825809096,0.037577181519911275,77.22222222222221,0.3782444879889625,M1  nur Verspätung,DW
0.9783332957381989,0.0383189699127087,78.2121212121212,0.3782444879889625,M1  nur Verspätung,DW
0.9799655965536813,0.03894360297719941,79.2020202020202,0.3782444879889625,M1  nur Verspätung,DW
0.9790291029053816,0.03935199744168482,80.1919191919192,0.3782444879889625,M1  nur Verspätung,DW
0.9753799847800874,0.03947088140780439,81.18181818181817,0.3782444879889625,M1  nur Verspätung,DW
0.9691210032151747,0.03928014807720407,82.17171717171718,0.3782444879889625,M1  nur Verspätung,DW
0.960389445713103,0.03878173530081408,83.16161616161615,0.3782444879889625,M1  nur Verspätung,DW
0.9493225997763337,0.03799135438072334,84.15151515151514,0.3782444879889625,M1  nur Verspätung,DW
0.9360577529073243,0.03693681833650224,85.14141414141415,0.3782444879889625,M1  nur Verspätung,DW
0.9207321926085364,0.03565774732682454,86.13131313131312,0.3782444879889625,M1  nur Verspätung,DW
0.903483206382429,0.034206470772912015,87.12121212121212,0.3782444879889625,M1  nur Verspätung,DW
0.8844480817314619,0.03264998784642974,88.1111111111111,0.3782444879889625,M1  nur Verspätung,DW
0.863764106158095,0.031072697610385572,89.1010101010101,0.3782444879889625,M1  nur Verspätung,DW
0.8415685671647883,0.02957909446158819,90.0909090909091,0.3782444879889625,M1  nur Verspätung,DW
0.8179987522540012,0.028294535826846462,91.08080808080807,0.3782444879889625,M1  nur Verspätung,DW
0.7931919489281939,0.027360635791991283,92.07070707070707,0.3782444879889625,M1  nur Verspätung,DW
0.7672854446898257,0.026921131815191488,93.06060606060605,0.3782444879889625,M1  nur Verspätung,DW
0.7404165270413569,0.02709724387210052,94.05050505050505,0.3782444879889625,M1  nur Verspätung,DW
0.7127224834852472,0.027960164559429047,95.04040404040404,0.3782444879889625,M1  nur Verspätung,DW
0.6843406015239565,0.029515661578270926,96.03030303030302,0.3782444879889625,M1  nur Verspätung,DW
0.6554081686599441,0.0317103751481634,97.02020202020202,0.3782444879889625,M1  nur Verspätung,DW
0.6260624723956699,0.034453965036100015,98.010101010101,0.3782444879889625,M1  nur Verspätung,DW
0.5964408002335938,0.037642954717101745,99.0,0.3782444879889625,M1  nur Verspätung,DW
0.698657514330277,0.3935880162460821,1.0,1.0918307922639543,M1  nur Verspätung,DW
0.6927387621658313,0.3662801451593564,1.9898989898989898,1.0918307922639543,M1  nur Verspätung,DW
0.6870490035047047,0.33941218068012374,2.9797979797979797,1.0918307922639543,M1  nur Verspätung,DW
0.681703463371253,0.31312607822492183,3.9696969696969697,1.0918307922639543,M1  nur Verspätung,DW
0.6768173667898296,0.2875724755796612,4.959595959595959,1.0918307922639543,M1  nur Verspätung,DW
0.6725059387847896,0.26291281081565865,5.94949494949495,1.0918307922639543,M1  nur Verspätung,DW
0.6688844043804862,0.2393217824433587,6.939393939393939,1.0918307922639543,M1  nur Verspätung,DW
0.6660679886012746,0.21698991963034311,7.929292929292929,1.0918307922639543,M1  nur Verspätung,DW
0.664171916471509,0.19612562910757658,8.919191919191919,1.0918307922639543,M1  nur Verspätung,DW
0.6633114130155433,0.1769553150075843,9.909090909090908,1.0918307922639543,M1  nur Verspätung,DW
0.6636017032577322,0.15971887972504548,10.898989898989898,1.0918307922639543,M1  nur Verspätung,DW
0.66515801222243,0.1446562261281442,11.888888888888888,1.0918307922639543,M1  nur Verspätung,DW
0.6680955649339909,0.13197931998537604,12.878787878787879,1.0918307922639543,M1  nur Verspätung,DW
0.6725295864167686,0.12182665045539758,13.868686868686869,1.0918307922639543,M1  nur Verspätung,DW
0.6785753016951183,0.11420606425786882,14.85858585858586,1.0918307922639543,M1  nur Verspätung,DW
0.6863479357933943,0.10894676270449072,15.848484848484848,1.0918307922639543,M1  nur Verspätung,DW
0.6959627137359504,0.10568919524490995,16.838383838383837,1.0918307922639543,M1  nur Verspätung,DW
0.7075348605471405,0.10392712976528137,17.82828282828283,1.0918307922639543,M1  nur Verspätung,DW
0.7211796012513203,0.10308567975619312,18.818181818181817,1.0918307922639543,M1  nur Verspätung,DW
0.7370121608728434,0.10260135132671805,19.80808080808081,1.0918307922639543,M1  nur Verspätung,DW
0.7551123453980053,0.10199359062313454,20.7979797979798,1.0918307922639543,M1  nur Verspätung,DW
0.7752877300954897,0.10099610887042101,21.787878787878785,1.0918307922639543,M1  nur Verspätung,DW
0.7972196581293305,0.09951404094865515,22.77777777777778,1.0918307922639543,M1  nur Verspätung,DW
0.8205887810513115,0.09755115785161401,23.767676767676768,1.0918307922639543,M1  nur Verspätung,DW
0.8450757504132177,0.09518545742813614,24.757575757575758,1.0918307922639543,M1  nur Verspätung,DW
0.8703612177668348,0.0925509798910351,25.747474747474747,1.0918307922639543,M1  nur Verspätung,DW
0.8961258346639468,0.08982295278014371,26.737373737373737,1.0918307922639543,M1  nur Verspätung,DW
0.9220502526563387,0.08720324523110755,27.727272727272727,1.0918307922639543,M1  nur Verspätung,DW
0.9478151232957951,0.08490325132079148,28.71717171717172,1.0918307922639543,M1  nur Verspätung,DW
0.9731010981341006,0.08312229469974196,29.707070707070706,1.0918307922639543,M1  nur Verspätung,DW
0.9975888287230403,0.08202199526835993,30.696969696969695,1.0918307922639543,M1  nur Verspätung,DW
1.0209589666143999,0.08170060090912969,31.686868686868685,1.0918307922639543,M1  nur Verspätung,DW
1.0428921633599617,0.0821742518414865,32.676767676767675,1.0918307922639543,M1  nur Verspätung,DW
1.063069070511512,0.08337170129347224,33.666666666666664,1.0918307922639543,M1  nur Verspätung,DW
1.0811703396208374,0.08514425805108342,34.65656565656566,1.0918307922639543,M1  nur Verspätung,DW
1.09687662223972,0.08728662640425777,35.64646464646465,1.0918307922639543,M1  nur Verspätung,DW
1.109868569919945,0.08956122794822616,36.63636363636363,1.0918307922639543,M1  nur Verspätung,DW
1.1198268342132978,0.09171985436222702,37.62626262626262,1.0918307922639543,M1  nur Verspätung,DW
1.126432066671563,0.09351999942177366,38.61616161616161,1.0918307922639543,M1  nur Verspätung,DW
1.1293649188465251,0.09473633227995672,39.60606060606061,1.0918307922639543,M1  nur Verspätung,DW
1.1283301959926608,0.0951765010819653,40.5959595959596,1.0918307922639543,M1  nur Verspätung,DW
1.1234113554813716,0.09479383392550857,41.58585858585859,1.0918307922639543,M1  nur Verspätung,DW
1.114992419373636,0.09367142955381749,42.57575757575757,1.0918307922639543,M1  nur Verspätung,DW
1.1034656843441486,0.09192994584723399,43.56565656565656,1.0918307922639543,M1  nur Verspätung,DW
1.0892234470676045,0.08971701605716999,44.55555555555556,1.0918307922639543,M1  nur Verspätung,DW
1.0726580042187015,0.08720125208289622,45.54545454545455,1.0918307922639543,M1  nur Verspätung,DW
1.054161652472133,0.0845665260958569,46.535353535353536,1.0918307922639543,M1  nur Verspätung,DW
1.0341266885025946,0.08200473973787158,47.525252525252526,1.0918307922639543,M1  nur Verspätung,DW
1.0129454089847836,0.07970548221079982,48.51515151515151,1.0918307922639543,M1  nur Verspätung,DW
0.9910101105933957,0.0778416444144887,49.505050505050505,1.0918307922639543,M1  nur Verspätung,DW
0.9687130900031241,0.07655161259098651,50.494949494949495,1.0918307922639543,M1  nur Verspätung,DW
0.9464466438886667,0.07592101105000561,51.48484848484849,1.0918307922639543,M1  nur Verspätung,DW
0.9246030689247181,0.07596896243081003,52.474747474747474,1.0918307922639543,M1  nur Verspätung,DW
0.9035746617859742,0.0766436866050624,53.46464646464646,1.0918307922639543,M1  nur Verspätung,DW
0.8837537191471305,0.07782921593074503,54.45454545454545,1.0918307922639543,M1  nur Verspätung,DW
0.8655325376828832,0.07936073263829344,55.44444444444444,1.0918307922639543,M1  nur Verspätung,DW
0.8493034140679271,0.0810433957155587,56.43434343434344,1.0918307922639543,M1  nur Verspätung,DW
0.8354586449769584,0.08266984981121045,57.42424242424242,1.0918307922639543,M1  nur Verspätung,DW
0.8243905270846721,0.08403385397846717,58.414141414141405,1.0918307922639543,M1  nur Verspätung,DW
0.8164913570657649,0.0849398187148568,59.4040404040404,1.0918307922639543,M1  nur Verspätung,DW
0.8121461167356571,0.08521116953164905,60.39393939393939,1.0918307922639543,M1  nur Verspätung,DW
0.8114357014005895,0.08476440847407843,61.38383838383839,1.0918307922639543,M1  nur Verspätung,DW
0.8140341836616835,0.08364090123912848,62.37373737373737,1.0918307922639543,M1  nur Verspätung,DW
0.8195872267888344,0.08191815066959855,63.36363636363637,1.0918307922639543,M1  nur Verspätung,DW
0.8277404940519402,0.07969685832280496,64.35353535353535,1.0918307922639543,M1  nur Verspätung,DW
0.8381396487208964,0.07709671891392846,65.34343434343434,1.0918307922639543,M1  nur Verspätung,DW
0.8504303540656,0.07425345552528666,66.33333333333333,1.0918307922639543,M1  nur Verspätung,DW
0.8642582733559467,0.07131594607864973,67.32323232323232,1.0918307922639543,M1  nur Verspätung,DW
0.8792690698618341,0.06844219306206097,68.31313131313131,1.0918307922639543,M1  nur Verspätung,DW
0.8951084068531578,0.06579274260608264,69.3030303030303,1.0918307922639543,M1  nur Verspätung,DW
0.9114219475998152,0.06352029004686967,70.2929292929293,1.0918307922639543,M1  nur Verspätung,DW
0.9278553553717017,0.0617551020958657,71.28282828282828,1.0918307922639543,M1  nur Verspätung,DW
0.944054293438715,0.06058786819830555,72.27272727272727,1.0918307922639543,M1  nur Verspätung,DW
0.9596644250707503,0.06005413036199801,73.26262626262626,1.0918307922639543,M1  nur Verspätung,DW
0.9743314135377052,0.06012574771327117,74.25252525252525,1.0918307922639543,M1  nur Verspätung,DW
0.9877009221094757,0.06071309318839231,75.24242424242425,1.0918307922639543,M1  nur Verspätung,DW
0.9994186140559582,0.06167729805615255,76.23232323232322,1.0918307922639543,M1  nur Verspätung,DW
1.009130152647049,0.06284789643025107,77.22222222222221,1.0918307922639543,M1  nur Verspätung,DW
1.0164812011526458,0.06404033876003044,78.2121212121212,1.0918307922639543,M1  nur Verspätung,DW
1.0211174228426438,0.0650698129900323,79.2020202020202,1.0918307922639543,M1  nur Verspätung,DW
1.0226850695329348,0.06576063918308768,80.1919191919192,1.0918307922639543,M1  nur Verspätung,DW
1.0209739717818238,0.0659804794578639,81.18181818181817,1.0918307922639543,M1  nur Verspätung,DW
1.016104072378899,0.06568753988127438,82.17171717171718,1.0918307922639543,M1  nur Verspätung,DW
1.008241534803429,0.064878660292481,83.16161616161615,1.0918307922639543,M1  nur Verspätung,DW
0.9975525225346832,0.06357482381549832,84.15151515151514,1.0918307922639543,M1  nur Verspätung,DW
0.9842031990519291,0.06181781389423562,85.14141414141415,1.0918307922639543,M1  nur Verspätung,DW
0.9683597278344374,0.05966928913461683,86.13131313131312,1.0918307922639543,M1  nur Verspätung,DW
0.9501882723614745,0.057211965573967724,87.12121212121212,1.0918307922639543,M1  nur Verspätung,DW
0.9298549961123116,0.05455271800555738,88.1111111111111,1.0918307922639543,M1  nur Verspätung,DW
0.9075260625662159,0.05182725281834521,89.1010101010101,1.0918307922639543,M1  nur Verspätung,DW
0.8833676352024573,0.04920527753689896,90.0909090909091,1.0918307922639543,M1  nur Verspätung,DW
0.8575458775003039,0.046893375120835475,91.08080808080807,1.0918307922639543,M1  nur Verspätung,DW
0.8302269529390246,0.045129982621719196,92.07070707070707,1.0918307922639543,M1  nur Verspätung,DW
0.801577024997888,0.04416468150614772,93.06060606060605,1.0918307922639543,M1  nur Verspätung,DW
0.7717622571561628,0.04421763759429956,94.05050505050505,1.0918307922639543,M1  nur Verspätung,DW
0.7409488128931182,0.04542935291358831,95.04040404040404,1.0918307922639543,M1  nur Verspätung,DW
0.7093028556880232,0.047827141099977766,96.03030303030302,1.0918307922639543,M1  nur Verspätung,DW
0.6769905490201458,0.05133004971186627,97.02020202020202,1.0918307922639543,M1  nur Verspätung,DW
0.6441780563687556,0.0557860954552496,98.010101010101,1.0918307922639543,M1  nur Verspätung,DW
0.6110315412131205,0.061016078908441476,99.0,1.0918307922639543,M1  nur Verspätung,DW
1.5517449629151814,0.8476573477351436,1.0,-0.7008064774239704,M1n te+te + log(NumOddsMvt),DW
1.5057659475836416,0.794084418104862,1.9898989898989898,-0.7008064774239704,M1n te+te + log(NumOddsMvt),DW
1.4594966432113419,0.7437571885765237,2.9797979797979797,-0.7008064774239704,M1n te+te + log(NumOddsMvt),DW
1.412790982065767,0.6973186207892288,3.9696969696969697,-0.7008064774239704,M1n te+te + log(NumOddsMvt),DW
1.365502896414398,0.6554124477262416,4.959595959595959,-0.7008064774239704,M1n te+te + log(NumOddsMvt),DW
1.3174863185247176,0.6186455018165793,5.94949494949495,-0.7008064774239704,M1n te+te + log(NumOddsMvt),DW
1.2685951806642106,0.587532733483543,6.939393939393939,-0.7008064774239704,M1n te+te + log(NumOddsMvt),DW
1.2186834151003554,0.5624283245275953,7.929292929292929,-0.7008064774239704,M1n te+te + log(NumOddsMvt),DW
1.167604954100639,0.5434545899858964,8.919191919191919,-0.7008064774239704,M1n te+te + log(NumOddsMvt),DW
1.11521372993254,0.5304480438859748,9.909090909090908,-0.7008064774239704,M1n te+te + log(NumOddsMvt),DW
1.061363674863544,0.5229428704254215,10.898989898989898,-0.7008064774239704,M1n te+te + log(NumOddsMvt),DW
1.0059087211611317,0.5202020637313823,11.888888888888888,-0.7008064774239704,M1n te+te + log(NumOddsMvt),DW
0.9487028010927869,0.5212894559006268,12.878787878787879,-0.7008064774239704,M1n te+te + log(NumOddsMvt),DW
0.8895998469259916,0.5251620559837012,13.868686868686869,-0.7008064774239704,M1n te+te + log(NumOddsMvt),DW
0.8284537909282271,0.5307595154872775,14.85858585858586,-0.7008064774239704,M1n te+te + log(NumOddsMvt),DW
0.7651185653669781,0.5370751885515846,15.848484848484848,-0.7008064774239704,M1n te+te + log(NumOddsMvt),DW
0.6994481025097251,0.5432041992769574,16.838383838383837,-0.7008064774239704,M1n te+te + log(NumOddsMvt),DW
0.6312963346239523,0.5483721374755697,17.82828282828283,-0.7008064774239704,M1n te+te + log(NumOddsMvt),DW
0.5605171939771415,0.5519517005100999,18.818181818181817,-0.7008064774239704,M1n te+te + log(NumOddsMvt),DW
0.4869646128367753,0.5534750241248342,19.80808080808081,-0.7008064774239704,M1n te+te + log(NumOddsMvt),DW
0.4105688919054755,0.5526902362086522,20.7979797979798,-0.7008064774239704,M1n te+te + log(NumOddsMvt),DW
0.33184729965915716,0.5498412824247804,21.787878787878785,-0.7008064774239704,M1n te+te + log(NumOddsMvt),DW
0.2515892787722753,0.5454426220441788,22.77777777777778,-0.7008064774239704,M1n te+te + log(NumOddsMvt),DW
0.17058576313271015,0.5400840694966511,23.767676767676768,-0.7008064774239704,M1n te+te + log(NumOddsMvt),DW
0.08962768662834564,0.5343922624195061,24.757575757575758,-0.7008064774239704,M1n te+te + log(NumOddsMvt),DW
0.009505983147061742,0.528992485453569,25.747474747474747,-0.7008064774239704,M1n te+te + log(NumOddsMvt),DW
-0.06898841342325829,0.524468290686284,26.737373737373737,-0.7008064774239704,M1n te+te + log(NumOddsMvt),DW
-0.14506456919473323,0.5213196062669371,27.727272727272727,-0.7008064774239704,M1n te+te + log(NumOddsMvt),DW
-0.2179315502794803,0.5199225548190126,28.71717171717172,-0.7008064774239704,M1n te+te + log(NumOddsMvt),DW
-0.2867984227896178,0.5204961507286985,29.707070707070706,-0.7008064774239704,M1n te+te + log(NumOddsMvt),DW
-0.350874252837265,0.5230814749599718,30.696969696969695,-0.7008064774239704,M1n te+te + log(NumOddsMvt),DW
-0.4093681065345385,0.5275372815622333,31.686868686868685,-0.7008064774239704,M1n te+te + log(NumOddsMvt),DW
-0.46148904999355633,0.5335526836616945,32.676767676767675,-0.7008064774239704,M1n te+te + log(NumOddsMvt),DW
-0.5064461493264374,0.5406739570089898,33.666666666666664,-0.7008064774239704,M1n te+te + log(NumOddsMvt),DW
-0.5434484706452994,0.5483401182975968,34.65656565656566,-0.7008064774239704,M1n te+te + log(NumOddsMvt),DW
-0.5717050800622607,0.5559215707956378,35.64646464646465,-0.7008064774239704,M1n te+te + log(NumOddsMvt),DW
-0.5904250436894383,0.562757497669846,36.63636363636363,-0.7008064774239704,M1n te+te + log(NumOddsMvt),DW
-0.5988174276389507,0.5681899405183717,37.62626262626262,-0.7008064774239704,M1n te+te + log(NumOddsMvt),DW
-0.5960912980229168,0.5715947882152909,38.61616161616161,-0.7008064774239704,M1n te+te + log(NumOddsMvt),DW
-0.5814557209534531,0.5724118179236856,39.60606060606061,-0.7008064774239704,M1n te+te + log(NumOddsMvt),DW
-0.5541823863804877,0.5702019383799621,40.5959595959596,-0.7008064774239704,M1n te+te + log(NumOddsMvt),DW
-0.5145247239507393,0.5650393905985055,41.58585858585859,-0.7008064774239704,M1n te+te + log(NumOddsMvt),DW
-0.46351544401217765,0.5574323677948447,42.57575757575757,-0.7008064774239704,M1n te+te + log(NumOddsMvt),DW
-0.40220871068630304,0.547996670266663,43.56565656565656,-0.7008064774239704,M1n te+te + log(NumOddsMvt),DW
-0.33165868809461596,0.5374175109217991,44.55555555555556,-0.7008064774239704,M1n te+te + log(NumOddsMvt),DW
-0.2529195403586153,0.5264200974990073,45.54545454545455,-0.7008064774239704,M1n te+te + log(NumOddsMvt),DW
-0.16704543159980248,0.5157364382817581,46.535353535353536,-0.7008064774239704,M1n te+te + log(NumOddsMvt),DW
-0.07509052593967705,0.5060656865599023,47.525252525252526,-0.7008064774239704,M1n te+te + log(NumOddsMvt),DW
0.021891012500261497,0.4980277082084487,48.51515151515151,-0.7008064774239704,M1n te+te + log(NumOddsMvt),DW
0.12284501959851232,0.4921129271847576,49.505050505050505,-0.7008064774239704,M1n te+te + log(NumOddsMvt),DW
0.2267173312335759,0.4886351819531868,50.494949494949495,-0.7008064774239704,M1n te+te + log(NumOddsMvt),DW
0.33245378328395087,0.4876966834929979,51.48484848484849,-0.7008064774239704,M1n te+te + log(NumOddsMvt),DW
0.4390002116281386,0.48917339597988696,52.474747474747474,-0.7008064774239704,M1n te+te + log(NumOddsMvt),DW
0.5453024521446371,0.4927247521094279,53.46464646464646,-0.7008064774239704,M1n te+te + log(NumOddsMvt),DW
0.6503063407119494,0.49782528088820266,54.45454545454545,-0.7008064774239704,M1n te+te + log(NumOddsMvt),DW
0.7529577132085721,0.503810540526333,55.44444444444444,-0.7008064774239704,M1n te+te + log(NumOddsMvt),DW
0.852202405513007,0.5099279969104983,56.43434343434344,-0.7008064774239704,M1n te+te + log(NumOddsMvt),DW
0.9469862535037539,0.5153852590718073,57.42424242424242,-0.7008064774239704,M1n te+te + log(NumOddsMvt),DW
1.0362550930593109,0.5193917634982423,58.414141414141405,-0.7008064774239704,M1n te+te + log(NumOddsMvt),DW
1.1189547600581808,0.5211937839472411,59.4040404040404,-0.7008064774239704,M1n te+te + log(NumOddsMvt),DW
1.1940445738733139,0.5201127894497243,60.39393939393939,-0.7008064774239704,M1n te+te + log(NumOddsMvt),DW
1.261044377136679,0.5158723267653245,61.38383838383839,-0.7008064774239704,M1n te+te + log(NumOddsMvt),DW
1.320223909570812,0.5087332591928732,62.37373737373737,-0.7008064774239704,M1n te+te + log(NumOddsMvt),DW
1.371905277874227,0.4991079090626202,63.36363636363637,-0.7008064774239704,M1n te+te + log(NumOddsMvt),DW
1.4164105887454501,0.48750461077875895,64.35353535353535,-0.7008064774239704,M1n te+te + log(NumOddsMvt),DW
1.4540619488829998,0.4745061304111815,65.34343434343434,-0.7008064774239704,M1n te+te + log(NumOddsMvt),DW
1.4851814649853985,0.46075012917008273,66.33333333333333,-0.7008064774239704,M1n te+te + log(NumOddsMvt),DW
1.5100912437511667,0.4469075851890407,67.32323232323232,-0.7008064774239704,M1n te+te + log(NumOddsMvt),DW
1.529113391878826,0.4336554533730547,68.31313131313131,-0.7008064774239704,M1n te+te + log(NumOddsMvt),DW
1.5425700160668934,0.4216407399151915,69.3030303030303,-0.7008064774239704,M1n te+te + log(NumOddsMvt),DW
1.5507832230138952,0.411435284950291,70.2929292929293,-0.7008064774239704,M1n te+te + log(NumOddsMvt),DW
1.5540751194183482,0.40348425401670285,71.28282828282828,-0.7008064774239704,M1n te+te + log(NumOddsMvt),DW
1.552767811978774,0.39805597818420774,72.27272727272727,-0.7008064774239704,M1n te+te + log(NumOddsMvt),DW
1.5471834073936948,0.39520422585510856,73.26262626262626,-0.7008064774239704,M1n te+te + log(NumOddsMvt),DW
1.5376440123616308,0.39475347535936933,74.25252525252525,-0.7008064774239704,M1n te+te + log(NumOddsMvt),DW
1.5244717335811007,0.3963121685589674,75.24242424242425,-0.7008064774239704,M1n te+te + log(NumOddsMvt),DW
1.5079886777506286,0.39931055661520964,76.23232323232322,-0.7008064774239704,M1n te+te + log(NumOddsMvt),DW
1.4885169515687315,0.4030531165146787,77.22222222222221,-0.7008064774239704,M1n te+te + log(NumOddsMvt),DW
1.4663786617339352,0.40677385126259896,78.2121212121212,-0.7008064774239704,M1n te+te + log(NumOddsMvt),DW
1.4418959149447566,0.40968583707833917,79.2020202020202,-0.7008064774239704,M1n te+te + log(NumOddsMvt),DW
1.415390552273434,0.4110220082198667,80.1919191919192,-0.7008064774239704,M1n te+te + log(NumOddsMvt),DW
1.38711961393039,0.41019777963151915,81.18181818181817,-0.7008064774239704,M1n te+te + log(NumOddsMvt),DW
1.357191151795851,0.40703823277974366,82.17171717171718,-0.7008064774239704,M1n te+te + log(NumOddsMvt),DW
1.3256923571374344,0.40155009226901955,83.16161616161615,-0.7008064774239704,M1n te+te + log(NumOddsMvt),DW
1.2927104212227527,0.393860433034518,84.15151515151514,-0.7008064774239704,M1n te+te + log(NumOddsMvt),DW
1.2583325353194224,0.3842033656476589,85.14141414141415,-0.7008064774239704,M1n te+te + log(NumOddsMvt),DW
1.2226458906950564,0.37291545293795764,86.13131313131312,-0.7008064774239704,M1n te+te + log(NumOddsMvt),DW
1.1857376786172704,0.3604381827550628,87.12121212121212,-0.7008064774239704,M1n te+te + log(NumOddsMvt),DW
1.147695090353681,0.347325505794876,88.1111111111111,-0.7008064774239704,M1n te+te + log(NumOddsMvt),DW
1.1086053171718995,0.33425311577855704,89.1010101010101,-0.7008064774239704,M1n te+te + log(NumOddsMvt),DW
1.0685555503395439,0.3220233094738799,90.0909090909091,-0.7008064774239704,M1n te+te + log(NumOddsMvt),DW
1.0276329811242282,0.311554876787914,91.08080808080807,-0.7008064774239704,M1n te+te + log(NumOddsMvt),DW
0.9859248007935671,0.30384325132637285,92.07070707070707,-0.7008064774239704,M1n te+te + log(NumOddsMvt),DW
0.9435182006151738,0.29987731671954426,93.06060606060605,-0.7008064774239704,M1n te+te + log(NumOddsMvt),DW
0.9005003718566643,0.3005135674061884,94.05050505050505,-0.7008064774239704,M1n te+te + log(NumOddsMvt),DW
0.8569585057856544,0.30633701196648677,95.04040404040404,-0.7008064774239704,M1n te+te + log(NumOddsMvt),DW
0.8129797936697579,0.31756310346062266,96.03030303030302,-0.7008064774239704,M1n te+te + log(NumOddsMvt),DW
0.7686514267765885,0.3340264222712137,97.02020202020202,-0.7008064774239704,M1n te+te + log(NumOddsMvt),DW
0.724060596373763,0.3552566117609786,98.010101010101,-0.7008064774239704,M1n te+te + log(NumOddsMvt),DW
0.6792944937288963,0.3805983726680475,99.0,-0.7008064774239704,M1n te+te + log(NumOddsMvt),DW
1.606204102240883,0.8188931979777249,1.0,-0.6017748486752462,M1n te+te + log(NumOddsMvt),DW
1.5648937623812946,0.7677169436534094,1.9898989898989898,-0.6017748486752462,M1n te+te + log(NumOddsMvt),DW
1.5232837017671914,0.7197002389645909,2.9797979797979797,-0.6017748486752462,M1n te+te + log(NumOddsMvt),DW
1.4812231068133064,0.6754578732785976,3.9696969696969697,-0.6017748486752462,M1n te+te + log(NumOddsMvt),DW
1.438561163934375,0.6356017149510637,4.959595959595959,-0.6017748486752462,M1n te+te + log(NumOddsMvt),DW
1.3951470595451279,0.6007036484887198,5.94949494949495,-0.6017748486752462,M1n te+te + log(NumOddsMvt),DW
1.3508299800603,0.5712425750690224,6.939393939393939,-0.6017748486752462,M1n te+te + log(NumOddsMvt),DW
1.3054591118946246,0.5475393256374778,7.929292929292929,-0.6017748486752462,M1n te+te + log(NumOddsMvt),DW
1.258883641462837,0.529691006876335,8.919191919191919,-0.6017748486752462,M1n te+te + log(NumOddsMvt),DW
1.2109527551796673,0.5175229348096415,9.909090909090908,-0.6017748486752462,M1n te+te + log(NumOddsMvt),DW
1.1615156394598518,0.5105763118032871,10.898989898989898,-0.6017748486752462,M1n te+te + log(NumOddsMvt),DW
1.1104214807181236,0.5081400177111348,11.888888888888888,-0.6017748486752462,M1n te+te + log(NumOddsMvt),DW
1.057519465369215,0.509319297138388,12.878787878787879,-0.6017748486752462,M1n te+te + log(NumOddsMvt),DW
1.0026587798278588,0.5131220863602828,13.868686868686869,-0.6017748486752462,M1n te+te + log(NumOddsMvt),DW
0.9456886105087905,0.5185419328744519,14.85858585858586,-0.6017748486752462,M1n te+te + log(NumOddsMvt),DW
0.8864581438267429,0.5246236715081269,15.848484848484848,-0.6017748486752462,M1n te+te + log(NumOddsMvt),DW
0.8248165661964487,0.5305079281179582,16.838383838383837,-0.6017748486752462,M1n te+te + log(NumOddsMvt),DW
0.7606130640326424,0.5354578659841226,17.82828282828283,-0.6017748486752462,M1n te+te + log(NumOddsMvt),DW
0.693696823750057,0.5388748869338887,18.818181818181817,-0.6017748486752462,M1n te+te + log(NumOddsMvt),DW
0.6239170317634256,0.5403103833616619,19.80808080808081,-0.6017748486752462,M1n te+te + log(NumOddsMvt),DW
0.5511982731641666,0.5395198081661973,20.7979797979798,-0.6017748486752462,M1n te+te + log(NumOddsMvt),DW
0.4760446472537449,0.5367310355565201,21.787878787878785,-0.6017748486752462,M1n te+te + log(NumOddsMvt),DW
0.3992289713499064,0.532429575848606,22.77777777777778,-0.6017748486752462,M1n te+te + log(NumOddsMvt),DW
0.32152553504777504,0.5271723882616094,23.767676767676768,-0.6017748486752462,M1n te+te + log(NumOddsMvt),DW
0.24370862794247283,0.5215517438514362,24.757575757575758,-0.6017748486752462,M1n te+te + log(NumOddsMvt),DW
0.1665525396291209,0.5161596317771816,25.747474747474747,-0.6017748486752462,M1n te+te + log(NumOddsMvt),DW
0.09083155970284079,0.5115502516707329,26.737373737373737,-0.6017748486752462,M1n te+te + log(NumOddsMvt),DW
0.01731997775875537,0.5082011063591583,27.727272727272727,-0.6017748486752462,M1n te+te + log(NumOddsMvt),DW
-0.053207916608014064,0.5064754961911591,28.71717171717172,-0.6017748486752462,M1n te+te + log(NumOddsMvt),DW
-0.11997783380234558,0.5065910256822487,29.707070707070706,-0.6017748486752462,M1n te+te + log(NumOddsMvt),DW
-0.18221548422911713,0.5085992406466356,30.696969696969695,-0.6017748486752462,M1n te+te + log(NumOddsMvt),DW
-0.2391465782932075,0.5123801844608705,31.686868686868685,-0.6017748486752462,M1n te+te + log(NumOddsMvt),DW
-0.289996826399494,0.5176527812711388,32.676767676767675,-0.6017748486752462,M1n te+te + log(NumOddsMvt),DW
-0.3339919389528551,0.5239986671808116,33.666666666666664,-0.6017748486752462,M1n te+te + log(NumOddsMvt),DW
-0.37035762635816843,0.5308947786046987,34.65656565656566,-0.6017748486752462,M1n te+te + log(NumOddsMvt),DW
-0.3983195990203134,0.5377494670138753,35.64646464646465,-0.6017748486752462,M1n te+te + log(NumOddsMvt),DW
-0.4171035673441662,0.5439380110762102,36.63636363636363,-0.6017748486752462,M1n te+te + log(NumOddsMvt),DW
-0.4259352417346069,0.5488353989996847,37.62626262626262,-0.6017748486752462,M1n te+te + log(NumOddsMvt),DW
-0.4240403325965126,0.5518463844379679,38.61616161616161,-0.6017748486752462,M1n te+te + log(NumOddsMvt),DW
-0.4106445503347608,0.5524346668777341,39.60606060606061,-0.6017748486752462,M1n te+te + log(NumOddsMvt),DW
-0.3850348675891515,0.5501776977691231,40.5959595959596,-0.6017748486752462,M1n te+te + log(NumOddsMvt),DW
-0.3474586511567393,0.5451383962301658,41.58585858585859,-0.6017748486752462,M1n te+te + log(NumOddsMvt),DW
-0.29892560497424053,0.5377913830286505,42.57575757575757,-0.6017748486752462,M1n te+te + log(NumOddsMvt),DW
-0.2404664202918247,0.5287143533820106,43.56565656565656,-0.6017748486752462,M1n te+te + log(NumOddsMvt),DW
-0.17311178835966373,0.518551473113985,44.55555555555556,-0.6017748486752462,M1n te+te + log(NumOddsMvt),DW
-0.09789240042792907,0.5079852289176245,45.54545454545455,-0.6017748486752462,M1n te+te + log(NumOddsMvt),DW
-0.015838947746792422,0.4977049300058121,46.535353535353536,-0.6017748486752462,M1n te+te + log(NumOddsMvt),DW
0.07201787843357503,0.48836936558685473,47.525252525252526,-0.6017748486752462,M1n te+te + log(NumOddsMvt),DW
0.16464738686300195,0.48056330612726295,48.51515151515151,-0.6017748486752462,M1n te+te + log(NumOddsMvt),DW
0.26101888629131625,0.47475061940661717,49.505050505050505,-0.6017748486752462,M1n te+te + log(NumOddsMvt),DW
0.36010168546834864,0.47123013468983543,50.494949494949495,-0.6017748486752462,M1n te+te + log(NumOddsMvt),DW
0.460865093143925,0.4701025729715457,51.48484848484849,-0.6017748486752462,M1n te+te + log(NumOddsMvt),DW
0.5622784180678752,0.4712562367780535,52.474747474747474,-0.6017748486752462,M1n te+te + log(NumOddsMvt),DW
0.6633109689900264,0.47437521828431584,53.46464646464646,-0.6017748486752462,M1n te+te + log(NumOddsMvt),DW
0.7629320546602111,0.4789681262476028,54.45454545454545,-0.6017748486752462,M1n te+te + log(NumOddsMvt),DW
0.860110983828253,0.4844105062588537,55.44444444444444,-0.6017748486752462,M1n te+te + log(NumOddsMvt),DW
0.9538170652439837,0.48999236084731973,56.43434343434344,-0.6017748486752462,M1n te+te + log(NumOddsMvt),DW
1.0430196076572302,0.4949636500922408,57.42424242424242,-0.6017748486752462,M1n te+te + log(NumOddsMvt),DW
1.1266879198178235,0.4985739711827094,58.414141414141405,-0.6017748486752462,M1n te+te + log(NumOddsMvt),DW
1.2037913104755902,0.5001061296045503,59.4040404040404,-0.6017748486752462,M1n te+te + log(NumOddsMvt),DW
1.273312465090762,0.4989129459575931,60.39393939393939,-0.6017748486752462,M1n te+te + log(NumOddsMvt),DW
1.3347901532556756,0.4947278395520632,61.38383838383839,-0.6017748486752462,M1n te+te + log(NumOddsMvt),DW
1.3885071027589897,0.4877941825297722,62.37373737373737,-0.6017748486752462,M1n te+te + log(NumOddsMvt),DW
1.4347979936391975,0.47849973158985054,63.36363636363637,-0.6017748486752462,M1n te+te + log(NumOddsMvt),DW
1.4739975059347954,0.4673239187311814,64.35353535353535,-0.6017748486752462,M1n te+te + log(NumOddsMvt),DW
1.5064403196842793,0.4548172689871911,65.34343434343434,-0.6017748486752462,M1n te+te + log(NumOddsMvt),DW
1.5324611149261473,0.441582823202572,66.33333333333333,-0.6017748486752462,M1n te+te + log(NumOddsMvt),DW
1.5523945716988954,0.4282557278964675,67.32323232323232,-0.6017748486752462,M1n te+te + log(NumOddsMvt),DW
1.5665753700410199,0.4154774895589188,68.31313131313131,-0.6017748486752462,M1n te+te + log(NumOddsMvt),DW
1.5753381899910144,0.4038622110764764,69.3030303030303,-0.6017748486752462,M1n te+te + log(NumOddsMvt),DW
1.5790177115873778,0.3939540745664723,70.2929292929293,-0.6017748486752462,M1n te+te + log(NumOddsMvt),DW
1.5779486148686048,0.38617876851444816,71.28282828282828,-0.6017748486752462,M1n te+te + log(NumOddsMvt),DW
1.5724655798731917,0.3807959015865676,72.27272727272727,-0.6017748486752462,M1n te+te + log(NumOddsMvt),DW
1.5629032866396344,0.377862755963559,73.26262626262626,-0.6017748486752462,M1n te+te + log(NumOddsMvt),DW
1.5495964152064312,0.3772194219394905,74.25252525252525,-0.6017748486752462,M1n te+te + log(NumOddsMvt),DW
1.5328796456120746,0.378500280143224,75.24242424242425,-0.6017748486752462,M1n te+te + log(NumOddsMvt),DW
1.5130876578950634,0.38116897426014096,76.23232323232322,-0.6017748486752462,M1n te+te + log(NumOddsMvt),DW
1.4905551320938923,0.3845676393648022,77.22222222222221,-0.6017748486752462,M1n te+te + log(NumOddsMvt),DW
1.4656167482470595,0.3879693559410657,78.2121212121212,-0.6017748486752462,M1n te+te + log(NumOddsMvt),DW
1.438607186393059,0.3906255043228202,79.2020202020202,-0.6017748486752462,M1n te+te + log(NumOddsMvt),DW
1.4098608301549564,0.3918049603053032,80.1919191919192,-0.6017748486752462,M1n te+te + log(NumOddsMvt),DW
1.3796397511273082,0.39094860494094824,81.18181818181817,-0.6017748486752462,M1n te+te + log(NumOddsMvt),DW
1.3480397631099594,0.3878853900777056,82.17171717171718,-0.6017748486752462,M1n te+te + log(NumOddsMvt),DW
1.3151334013047329,0.38261719653232307,83.16161616161615,-0.6017748486752462,M1n te+te + log(NumOddsMvt),DW
1.2809932009134455,0.3752606622526411,84.15151515151514,-0.6017748486752462,M1n te+te + log(NumOddsMvt),DW
1.24569169713792,0.3660343567075599,85.14141414141415,-0.6017748486752462,M1n te+te + log(NumOddsMvt),DW
1.2093014251799739,0.3552542462456066,86.13131313131312,-0.6017748486752462,M1n te+te + log(NumOddsMvt),DW
1.171894920241428,0.34333588814261795,87.12121212121212,-0.6017748486752462,M1n te+te + log(NumOddsMvt),DW
1.1335447175241036,0.3308015041742818,88.1111111111111,-0.6017748486752462,M1n te+te + log(NumOddsMvt),DW
1.094323352229818,0.3182888521298085,89.1010101010101,-0.6017748486752462,M1n te+te + log(NumOddsMvt),DW
1.0543033595603923,0.3065561602977215,90.0909090909091,-0.6017748486752462,M1n te+te + log(NumOddsMvt),DW
1.013557274717649,0.29647324333970815,91.08080808080807,-0.6017748486752462,M1n te+te + log(NumOddsMvt),DW
0.9721576329034044,0.2889848197835488,92.07070707070707,-0.6017748486752462,M1n te+te + log(NumOddsMvt),DW
0.9301769693194802,0.2850328443332531,93.06060606060605,-0.6017748486752462,M1n te+te + log(NumOddsMvt),DW
0.8876878191676952,0.28543776413812627,94.05050505050505,-0.6017748486752462,M1n te+te + log(NumOddsMvt),DW
0.8447627176498691,0.2907656650009947,95.04040404040404,-0.6017748486752462,M1n te+te + log(NumOddsMvt),DW
0.8014741999678251,0.3012326579592619,96.03030303030302,-0.6017748486752462,M1n te+te + log(NumOddsMvt),DW
0.7578948013233786,0.3166910909241875,97.02020202020202,-0.6017748486752462,M1n te+te + log(NumOddsMvt),DW
0.7140970569183527,0.33669974441233325,98.010101010101,-0.6017748486752462,M1n te+te + log(NumOddsMvt),DW
0.6701535019545657,0.3606376951874354,99.0,-0.6017748486752462,M1n te+te + log(NumOddsMvt),DW
1.8355538857403182,0.6527300810445466,1.0,-0.20762428182761866,M1n te+te + log(NumOddsMvt),DW
1.7943649371898074,0.6149286456781157,1.9898989898989898,-0.20762428182761866,M1n te+te + log(NumOddsMvt),DW
1.753019068727377,0.5796451444592225,2.9797979797979797,-0.20762428182761866,M1n te+te + log(NumOddsMvt),DW
1.7114373213414857,0.5473186409372427,3.9696969696969697,-0.20762428182761866,M1n te+te + log(NumOddsMvt),DW
1.6695407360205863,0.5183723560903917,4.959595959595959,-0.20762428182761866,M1n te+te + log(NumOddsMvt),DW
1.6272503537531346,0.4931851042449792,5.94949494949495,-0.20762428182761866,M1n te+te + log(NumOddsMvt),DW
1.5844872155275844,0.4720542537886532,6.939393939393939,-0.20762428182761866,M1n te+te + log(NumOddsMvt),DW
1.5411723623323903,0.45515432352546964,7.929292929292929,-0.20762428182761866,M1n te+te + log(NumOddsMvt),DW
1.4972268351560107,0.44249932733043806,8.919191919191919,-0.20762428182761866,M1n te+te + log(NumOddsMvt),DW
1.4525716749868953,0.4339193275230316,9.909090909090908,-0.20762428182761866,M1n te+te + log(NumOddsMvt),DW
1.4071279228135047,0.42905991028946056,10.898989898989898,-0.20762428182761866,M1n te+te + log(NumOddsMvt),DW
1.3608166196242901,0.4274069991671062,11.888888888888888,-0.20762428182761866,M1n te+te + log(NumOddsMvt),DW
1.313558806407708,0.42833139688416855,12.878787878787879,-0.20762428182761866,M1n te+te + log(NumOddsMvt),DW
1.2652755241522116,0.4311420767013075,13.868686868686869,-0.20762428182761866,M1n te+te + log(NumOddsMvt),DW
1.2158878138462594,0.4351370137924565,14.85858585858586,-0.20762428182761866,M1n te+te + log(NumOddsMvt),DW
1.1653167164783016,0.4396442366482538,15.848484848484848,-0.20762428182761866,M1n te+te + log(NumOddsMvt),DW
1.1134832730367983,0.4440508436622692,16.838383838383837,-0.20762428182761866,M1n te+te + log(NumOddsMvt),DW
1.0603085245101989,0.44782159429640106,17.82828282828283,-0.20762428182761866,M1n te+te + log(NumOddsMvt),DW
1.005713511886962,0.45051060733167386,18.818181818181817,-0.20762428182761866,M1n te+te + log(NumOddsMvt),DW
0.9496192761555434,0.4517701263630981,19.80808080808081,-0.20762428182761866,M1n te+te + log(NumOddsMvt),DW
0.8919954406936518,0.4513891120919731,20.7979797979798,-0.20762428182761866,M1n te+te + log(NumOddsMvt),DW
0.8331850331106231,0.449488787204091,21.787878787878785,-0.20762428182761866,M1n te+te + log(NumOddsMvt),DW
0.7737042268035027,0.44637193349031573,22.77777777777778,-0.20762428182761866,M1n te+te + log(NumOddsMvt),DW
0.7140701438166661,0.4423908772218985,23.767676767676768,-0.20762428182761866,M1n te+te + log(NumOddsMvt),DW
0.6547999061944806,0.4379241197694666,24.757575757575758,-0.20762428182761866,M1n te+te + log(NumOddsMvt),DW
0.5964106359813153,0.4333544967727018,25.747474747474747,-0.20762428182761866,M1n te+te + log(NumOddsMvt),DW
0.5394194552215406,0.42904716463243436,26.737373737373737,-0.20762428182761866,M1n te+te + log(NumOddsMvt),DW
0.4843434859595261,0.4253272844271534,27.727272727272727,-0.20762428182761866,M1n te+te + log(NumOddsMvt),DW
0.43169985023964175,0.42245830207134566,28.71717171717172,-0.20762428182761866,M1n te+te + log(NumOddsMvt),DW
0.38200567010625636,0.42062262438969217,29.707070707070706,-0.20762428182761866,M1n te+te + log(NumOddsMvt),DW
0.3357780676037399,0.41990698980907604,30.696969696969695,-0.20762428182761866,M1n te+te + log(NumOddsMvt),DW
0.29353416477646277,0.4202946752225653,31.686868686868685,-0.20762428182761866,M1n te+te + log(NumOddsMvt),DW
0.2557910836687946,0.4216658117330203,32.676767676767675,-0.20762428182761866,M1n te+te + log(NumOddsMvt),DW
0.22306594632510354,0.42380575165357126,33.666666666666664,-0.20762428182761866,M1n te+te + log(NumOddsMvt),DW
0.19587587478976012,0.42642011689066595,34.65656565656566,-0.20762428182761866,M1n te+te + log(NumOddsMvt),DW
0.17473799110713392,0.4291543374908905,35.64646464646465,-0.20762428182761866,M1n te+te + log(NumOddsMvt),DW
0.16016941732159537,0.4316153936563618,36.63636363636363,-0.20762428182761866,M1n te+te + log(NumOddsMvt),DW
0.15268727547751398,0.43339403662377124,37.62626262626262,-0.20762428182761866,M1n te+te + log(NumOddsMvt),DW
0.15280868761925778,0.434086728427803,38.61616161616161,-0.20762428182761866,M1n te+te + log(NumOddsMvt),DW
0.1610507757911984,0.43331764974001374,39.60606060606061,-0.20762428182761866,M1n te+te + log(NumOddsMvt),DW
0.17788882565337966,0.4307771896838061,40.5959595959596,-0.20762428182761866,M1n te+te + log(NumOddsMvt),DW
0.20314226336089938,0.42646694969359794,41.58585858585859,-0.20762428182761866,M1n te+te + log(NumOddsMvt),DW
0.23610991000765313,0.4206598049013457,42.57575757575757,-0.20762428182761866,M1n te+te + log(NumOddsMvt),DW
0.2760762543127395,0.41370093892249904,43.56565656565656,-0.20762428182761866,M1n te+te + log(NumOddsMvt),DW
0.3223257849952572,0.4059822496618553,44.55555555555556,-0.20762428182761866,M1n te+te + log(NumOddsMvt),DW
0.37414299077430574,0.3979229788252406,45.54545454545455,-0.20762428182761866,M1n te+te + log(NumOddsMvt),DW
0.4308123603689835,0.3899493675287492,46.535353535353536,-0.20762428182761866,M1n te+te + log(NumOddsMvt),DW
0.49161838249838924,0.3824719672078823,47.525252525252526,-0.20762428182761866,M1n te+te + log(NumOddsMvt),DW
0.5558455458816213,0.3758602936735696,48.51515151515151,-0.20762428182761866,M1n te+te + log(NumOddsMvt),DW
0.6227783392377789,0.37041592789764993,49.505050505050505,-0.20762428182761866,M1n te+te + log(NumOddsMvt),DW
0.6917012512859616,0.3663467242228563,50.494949494949495,-0.20762428182761866,M1n te+te + log(NumOddsMvt),DW
0.7618987707452669,0.3637459533408816,51.48484848484849,-0.20762428182761866,M1n te+te + log(NumOddsMvt),DW
0.832655386334794,0.36258031882063735,52.474747474747474,-0.20762428182761866,M1n te+te + log(NumOddsMvt),DW
0.9032555867736413,0.3626894744368624,53.46464646464646,-0.20762428182761866,M1n te+te + log(NumOddsMvt),DW
0.9729838607809085,0.3637972621985209,54.45454545454545,-0.20762428182761866,M1n te+te + log(NumOddsMvt),DW
1.0411246970756938,0.36553236754063917,55.44444444444444,-0.20762428182761866,M1n te+te + log(NumOddsMvt),DW
1.1069625843770965,0.3674545170402784,56.43434343434344,-0.20762428182761866,M1n te+te + log(NumOddsMvt),DW
1.169782011404214,0.3690822394184248,57.42424242424242,-0.20762428182761866,M1n te+te + log(NumOddsMvt),DW
1.2288674668761468,0.369919343394216,58.414141414141405,-0.20762428182761866,M1n te+te + log(NumOddsMvt),DW
1.283503439511993,0.36947899808422296,59.4040404040404,-0.20762428182761866,M1n te+te + log(NumOddsMvt),DW
1.3329833358929981,0.36731055021831394,60.39393939393939,-0.20762428182761866,M1n te+te + log(NumOddsMvt),DW
1.37697128765033,0.3632073109417823,61.38383838383839,-0.20762428182761866,M1n te+te + log(NumOddsMvt),DW
1.4156274016166586,0.3572996245564835,62.37373737373737,-0.20762428182761866,M1n te+te + log(NumOddsMvt),DW
1.4491464196723038,0.3498180291089719,63.36363636363637,-0.20762428182761866,M1n te+te + log(NumOddsMvt),DW
1.477723083697589,0.3410580426281894,64.35353535353535,-0.20762428182761866,M1n te+te + log(NumOddsMvt),DW
1.501552135572837,0.331366072140234,65.34343434343434,-0.20762428182761866,M1n te+te + log(NumOddsMvt),DW
1.52082831717837,0.32112707974673366,66.33333333333333,-0.20762428182761866,M1n te+te + log(NumOddsMvt),DW
1.5357463703945122,0.31075170921508843,67.32323232323232,-0.20762428182761866,M1n te+te + log(NumOddsMvt),DW
1.5465010371015868,0.3006606950998294,68.31313131313131,-0.20762428182761866,M1n te+te + log(NumOddsMvt),DW
1.553287059179912,0.2912646984241988,69.3030303030303,-0.20762428182761866,M1n te+te + log(NumOddsMvt),DW
1.5562991785098157,0.2829385981969714,70.2929292929293,-0.20762428182761866,M1n te+te + log(NumOddsMvt),DW
1.5557321369716166,0.2759910238070213,71.28282828282828,-0.20762428182761866,M1n te+te + log(NumOddsMvt),DW
1.5517806764456392,0.27063245904787425,72.27272727272727,-0.20762428182761866,M1n te+te + log(NumOddsMvt),DW
1.5446395388122056,0.2669477507766992,73.26262626262626,-0.20762428182761866,M1n te+te + log(NumOddsMvt),DW
1.5345034659516397,0.2648798059418854,74.25252525252525,-0.20762428182761866,M1n te+te + log(NumOddsMvt),DW
1.5215671997442601,0.2642294062059345,75.24242424242425,-0.20762428182761866,M1n te+te + log(NumOddsMvt),DW
1.506025482070394,0.264671708696613,76.23232323232322,-0.20762428182761866,M1n te+te + log(NumOddsMvt),DW
1.488073054810361,0.26578525220016347,77.22222222222221,-0.20762428182761866,M1n te+te + log(NumOddsMvt),DW
1.4679046598444863,0.26708663061195137,78.2121212121212,-0.20762428182761866,M1n te+te + log(NumOddsMvt),DW
1.4457150390530904,0.2680644165812163,79.2020202020202,-0.20762428182761866,M1n te+te + log(NumOddsMvt),DW
1.421698807521337,0.2682088284514943,80.1919191919192,-0.20762428182761866,M1n te+te + log(NumOddsMvt),DW
1.3960196480204659,0.2671157034189581,81.18181818181817,-0.20762428182761866,M1n te+te + log(NumOddsMvt),DW
1.3687701246101478,0.26463345349607764,82.17171717171718,-0.20762428182761866,M1n te+te + log(NumOddsMvt),DW
1.3400328436581392,0.26072940432815506,83.16161616161615,-0.20762428182761866,M1n te+te + log(NumOddsMvt),DW
1.3098904115321912,0.2554511557191445,84.15151515151514,-0.20762428182761866,M1n te+te + log(NumOddsMvt),DW
1.27842543460006,0.2489167343301692,85.14141414141415,-0.20762428182761866,M1n te+te + log(NumOddsMvt),DW
1.2457205192294993,0.24131033046068995,86.13131313131312,-0.20762428182761866,M1n te+te + log(NumOddsMvt),DW
1.2118582717882616,0.23288278391327127,87.12121212121212,-0.20762428182761866,M1n te+te + log(NumOddsMvt),DW
1.1769212986441036,0.22395587160730343,88.1111111111111,-0.20762428182761866,M1n te+te + log(NumOddsMvt),DW
1.140992206164776,0.21492882416894968,89.1010101010101,-0.20762428182761866,M1n te+te + log(NumOddsMvt),DW
1.104153600718035,0.20628398143258633,90.0909090909091,-0.20762428182761866,M1n te+te + log(NumOddsMvt),DW
1.0664880886716348,0.19858580680389334,91.08080808080807,-0.20762428182761866,M1n te+te + log(NumOddsMvt),DW
1.028078276393329,0.19246409343007892,92.07070707070707,-0.20762428182761866,M1n te+te + log(NumOddsMvt),DW
0.9890067702508712,0.1885706444067257,93.06060606060605,-0.20762428182761866,M1n te+te + log(NumOddsMvt),DW
0.9493561766120134,0.18750427765606473,94.05050505050505,-0.20762428182761866,M1n te+te + log(NumOddsMvt),DW
0.9092091018445132,0.18971592022514142,95.04040404040404,-0.20762428182761866,M1n te+te + log(NumOddsMvt),DW
0.8686481523161239,0.195426988253755,96.03030303030302,-0.20762428182761866,M1n te+te + log(NumOddsMvt),DW
0.8277559343945962,0.20459918891275924,97.02020202020202,-0.20762428182761866,M1n te+te + log(NumOddsMvt),DW
0.7866150544476891,0.21696907915686003,98.010101010101,-0.20762428182761866,M1n te+te + log(NumOddsMvt),DW
0.7453081188431523,0.23212504160754946,99.0,-0.20762428182761866,M1n te+te + log(NumOddsMvt),DW
2.0592940539873745,0.5423783561756985,1.0,0.3782444879889625,M1n te+te + log(NumOddsMvt),DW
1.9968596424850746,0.51353442772774,1.9898989898989898,0.3782444879889625,M1n te+te + log(NumOddsMvt),DW
1.9346267375452586,0.48637836873929946,2.9797979797979797,0.3782444879889625,M1n te+te + log(NumOddsMvt),DW
1.8726967333045847,0.46118355173014264,3.9696969696969697,0.3782444879889625,M1n te+te + log(NumOddsMvt),DW
1.8111710238997127,0.4382126236390636,4.959595959595959,0.3782444879889625,M1n te+te + log(NumOddsMvt),DW
1.750151003467299,0.41770337258011037,5.94949494949495,0.3782444879889625,M1n te+te + log(NumOddsMvt),DW
1.6897380661440073,0.3998507205252822,6.939393939393939,0.3782444879889625,M1n te+te + log(NumOddsMvt),DW
1.6300336060664926,0.38478624569000536,7.929292929292929,0.3782444879889625,M1n te+te + log(NumOddsMvt),DW
1.5711390173714184,0.37255814449442914,8.919191919191919,0.3782444879889625,M1n te+te + log(NumOddsMvt),DW
1.513155694195438,0.36311575427390075,9.909090909090908,0.3782444879889625,M1n te+te + log(NumOddsMvt),DW
1.4561850306752158,0.3563028652692751,10.898989898989898,0.3782444879889625,M1n te+te + log(NumOddsMvt),DW
1.4003284209474065,0.3518625315451376,11.888888888888888,0.3782444879889625,M1n te+te + log(NumOddsMvt),DW
1.3456872591486742,0.3494532699125611,12.878787878787879,0.3782444879889625,M1n te+te + log(NumOddsMvt),DW
1.2923629394156733,0.3486736093658835,13.868686868686869,0.3782444879889625,M1n te+te + log(NumOddsMvt),DW
1.2404568558850657,0.3490902613948461,14.85858585858586,0.3782444879889625,M1n te+te + log(NumOddsMvt),DW
1.1900704026935094,0.35026531218771206,15.848484848484848,0.3782444879889625,M1n te+te + log(NumOddsMvt),DW
1.1413049739776635,0.3517793655218846,16.838383838383837,0.3782444879889625,M1n te+te + log(NumOddsMvt),DW
1.0942619638741875,0.3532495453510854,17.82828282828283,0.3782444879889625,M1n te+te + log(NumOddsMvt),DW
1.0490427665197397,0.35434290948459063,18.818181818181817,0.3782444879889625,M1n te+te + log(NumOddsMvt),DW
1.005748776050981,0.35478681313471233,19.80808080808081,0.3782444879889625,M1n te+te + log(NumOddsMvt),DW
0.9644753700141665,0.3543967278789064,20.7979797979798,0.3782444879889625,M1n te+te + log(NumOddsMvt),DW
0.9252716824432291,0.35320347275252745,21.787878787878785,0.3782444879889625,M1n te+te + log(NumOddsMvt),DW
0.8881654044727149,0.3513590389158345,22.77777777777778,0.3782444879889625,M1n te+te + log(NumOddsMvt),DW
0.8531841097538138,0.3490512390935378,23.767676767676768,0.3782444879889625,M1n te+te + log(NumOddsMvt),DW
0.8203553719377134,0.34648726297448135,24.757575757575758,0.3782444879889625,M1n te+te + log(NumOddsMvt),DW
0.7897067646756006,0.3438788373301778,25.747474747474747,0.3782444879889625,M1n te+te + log(NumOddsMvt),DW
0.7612658616186636,0.34142810272186597,26.737373737373737,0.3782444879889625,M1n te+te + log(NumOddsMvt),DW
0.7350602364180905,0.3393141594551996,27.727272727272727,0.3782444879889625,M1n te+te + log(NumOddsMvt),DW
0.7111174627250678,0.33768068451025013,28.71717171717172,0.3782444879889625,M1n te+te + log(NumOddsMvt),DW
0.689465114190784,0.3366253715546006,29.707070707070706,0.3782444879889625,M1n te+te + log(NumOddsMvt),DW
0.6701307644664265,0.33619210635240526,30.696969696969695,0.3782444879889625,M1n te+te + log(NumOddsMvt),DW
0.6531419872031836,0.3363666931582637,31.686868686868685,0.3782444879889625,M1n te+te + log(NumOddsMvt),DW
0.6385263560522431,0.33707659860711003,32.676767676767675,0.3782444879889625,M1n te+te + log(NumOddsMvt),DW
0.6263114446647914,0.33819467453841673,33.666666666666664,0.3782444879889625,M1n te+te + log(NumOddsMvt),DW
0.6165248266920184,0.33954632050803857,34.65656565656566,0.3782444879889625,M1n te+te + log(NumOddsMvt),DW
0.6091940757851075,0.34091920902785994,35.64646464646465,0.3782444879889625,M1n te+te + log(NumOddsMvt),DW
0.6043467655952528,0.3420746141901335,36.63636363636363,0.3782444879889625,M1n te+te + log(NumOddsMvt),DW
0.6020104697736377,0.3427595590336945,37.62626262626262,0.3782444879889625,M1n te+te + log(NumOddsMvt),DW
0.6022127619714494,0.34271936416783016,38.61616161616161,0.3782444879889625,M1n te+te + log(NumOddsMvt),DW
0.6049812158398779,0.3417106589908427,39.60606060606061,0.3782444879889625,M1n te+te + log(NumOddsMvt),DW
0.610338167291999,0.33952503515532506,40.5959595959596,0.3782444879889625,M1n te+te + log(NumOddsMvt),DW
0.6182238414089098,0.33614588916761706,41.58585858585859,0.3782444879889625,M1n te+te + log(NumOddsMvt),DW
0.6285132857231789,0.331726072994967,42.57575757575757,0.3782444879889625,M1n te+te + log(NumOddsMvt),DW
0.6410797534147606,0.32646236128498335,43.56565656565656,0.3782444879889625,M1n te+te + log(NumOddsMvt),DW
0.6557964976636079,0.3205798942804491,44.55555555555556,0.3782444879889625,M1n te+te + log(NumOddsMvt),DW
0.6725367716496742,0.31432093339418893,45.54545454545455,0.3782444879889625,M1n te+te + log(NumOddsMvt),DW
0.6911738285529144,0.3079336891789352,46.535353535353536,0.3782444879889625,M1n te+te + log(NumOddsMvt),DW
0.7115809215532798,0.30166053148745475,47.525252525252526,0.3782444879889625,M1n te+te + log(NumOddsMvt),DW
0.7336313038307262,0.29572528454298286,48.51515151515151,0.3782444879889625,M1n te+te + log(NumOddsMvt),DW
0.7571982285652051,0.2903198112184318,49.505050505050505,0.3782444879889625,M1n te+te + log(NumOddsMvt),DW
0.7821549489366727,0.285590667239294,50.494949494949495,0.3782444879889625,M1n te+te + log(NumOddsMvt),DW
0.8083747181250789,0.2816271366676713,51.48484848484849,0.3782444879889625,M1n te+te + log(NumOddsMvt),DW
0.8357307893103798,0.27845225386907185,52.474747474747474,0.3782444879889625,M1n te+te + log(NumOddsMvt),DW
0.8640964156725278,0.27601829274843664,53.46464646464646,0.3782444879889625,M1n te+te + log(NumOddsMvt),DW
0.8933448503914779,0.27420760884405687,54.45454545454545,0.3782444879889625,M1n te+te + log(NumOddsMvt),DW
0.9233493466471812,0.27283880915870673,55.44444444444444,0.3782444879889625,M1n te+te + log(NumOddsMvt),DW
0.9539831576195931,0.27167731956529967,56.43434343434344,0.3782444879889625,M1n te+te + log(NumOddsMvt),DW
0.9851195364886673,0.27044885047956607,57.42424242424242,0.3782444879889625,M1n te+te + log(NumOddsMvt),DW
1.016631736434356,0.26885420380224423,58.414141414141405,0.3782444879889625,M1n te+te + log(NumOddsMvt),DW
1.0483930106366128,0.2665842856422879,59.4040404040404,0.3782444879889625,M1n te+te + log(NumOddsMvt),DW
1.0802759926147627,0.26333761400333,60.39393939393939,0.3782444879889625,M1n te+te + log(NumOddsMvt),DW
1.1121275559342125,0.25894813096581054,61.38383838383839,0.3782444879889625,M1n te+te + log(NumOddsMvt),DW
1.143760111157841,0.25345133415070337,62.37373737373737,0.3782444879889625,M1n te+te + log(NumOddsMvt),DW
1.1749836622206684,0.24694750297580925,63.36363636363637,0.3782444879889625,M1n te+te + log(NumOddsMvt),DW
1.2056082130577208,0.23958064507512225,64.35353535353535,0.3782444879889625,M1n te+te + log(NumOddsMvt),DW
1.2354437676040162,0.23153010167726604,65.34343434343434,0.3782444879889625,M1n te+te + log(NumOddsMvt),DW
1.2643003297945818,0.2230037774432514,66.33333333333333,0.3782444879889625,M1n te+te + log(NumOddsMvt),DW
1.2919879035644384,0.2142319460667035,67.32323232323232,0.3782444879889625,M1n te+te + log(NumOddsMvt),DW
1.3183164928486089,0.20546053405738426,68.31313131313131,0.3782444879889625,M1n te+te + log(NumOddsMvt),DW
1.343096101582115,0.19694271487480688,69.3030303030303,0.3782444879889625,M1n te+te + log(NumOddsMvt),DW
1.3661367336999826,0.1889276726493384,70.2929292929293,0.3782444879889625,M1n te+te + log(NumOddsMvt),DW
1.3872483931372304,0.1816457211086222,71.28282828282828,0.3782444879889625,M1n te+te + log(NumOddsMvt),DW
1.4062410838288828,0.1752898240425653,72.27272727272727,0.3782444879889625,M1n te+te + log(NumOddsMvt),DW
1.422924809709964,0.16999505322286215,73.26262626262626,0.3782444879889625,M1n te+te + log(NumOddsMvt),DW
1.437109574715495,0.16581931413874307,74.25252525252525,0.3782444879889625,M1n te+te + log(NumOddsMvt),DW
1.4486053827804983,0.16272988177964198,75.24242424242425,0.3782444879889625,M1n te+te + log(NumOddsMvt),DW
1.4572222378399973,0.16059984242719688,76.23232323232322,0.3782444879889625,M1n te+te + log(NumOddsMvt),DW
1.4627701438290146,0.15921608503749593,77.22222222222221,0.3782444879889625,M1n te+te + log(NumOddsMvt),DW
1.4650591046825732,0.15829705785123455,78.2121212121212,0.3782444879889625,M1n te+te + log(NumOddsMvt),DW
1.463899124335696,0.15751595573402447,79.2020202020202,0.3782444879889625,M1n te+te + log(NumOddsMvt),DW
1.4591006338811667,0.15652474003682,80.1919191919192,0.3782444879889625,M1n te+te + log(NumOddsMvt),DW
1.4505782716866291,0.15501877347202025,81.18181818181817,0.3782444879889625,M1n te+te + log(NumOddsMvt),DW
1.4384862665733094,0.15283152418710033,82.17171717171718,0.3782444879889625,M1n te+te + log(NumOddsMvt),DW
1.423012393638385,0.149873238755578,83.16161616161615,0.3782444879889625,M1n te+te + log(NumOddsMvt),DW
1.4043444279790314,0.1461080609446919,84.15151515151514,0.3782444879889625,M1n te+te + log(NumOddsMvt),DW
1.382670144692427,0.14154555046508202,85.14141414141415,0.3782444879889625,M1n te+te + log(NumOddsMvt),DW
1.3581773188757484,0.1362355704853968,86.13131313131312,0.3782444879889625,M1n te+te + log(NumOddsMvt),DW
1.3310537256261705,0.1302664988968209,87.12121212121212,0.3782444879889625,M1n te+te + log(NumOddsMvt),DW
1.3014871400408732,0.12376682842118243,88.1111111111111,0.3782444879889625,M1n te+te + log(NumOddsMvt),DW
1.2696653372170326,0.11691034367968575,89.1010101010101,0.3782444879889625,M1n te+te + log(NumOddsMvt),DW
1.2357760922518253,0.10992496006808826,90.0909090909091,0.3782444879889625,M1n te+te + log(NumOddsMvt),DW
1.200007180242428,0.10310449854613343,91.08080808080807,0.3782444879889625,M1n te+te + log(NumOddsMvt),DW
1.1625463762860178,0.09682022346919605,92.07070707070707,0.3782444879889625,M1n te+te + log(NumOddsMvt),DW
1.1235814554797727,0.09152367398753337,93.06060606060605,0.3782444879889625,M1n te+te + log(NumOddsMvt),DW
1.0833001929208677,0.08772458002737994,94.05050505050505,0.3782444879889625,M1n te+te + log(NumOddsMvt),DW
1.0418903637064811,0.08592477452404301,95.04040404040404,0.3782444879889625,M1n te+te + log(NumOddsMvt),DW
0.9995397429337903,0.08650792397063495,96.03030303030302,0.3782444879889625,M1n te+te + log(NumOddsMvt),DW
0.9564361056999702,0.08963041340360349,97.02020202020202,0.3782444879889625,M1n te+te + log(NumOddsMvt),DW
0.9127672271021994,0.09518508034945058,98.010101010101,0.3782444879889625,M1n te+te + log(NumOddsMvt),DW
0.8687208822376551,0.10286239730605631,99.0,0.3782444879889625,M1n te+te + log(NumOddsMvt),DW
1.9256459120165357,0.546610985367369,1.0,1.0918307922639543,M1n te+te + log(NumOddsMvt),DW
1.857571840466191,0.517315922745899,1.9898989898989898,1.0918307922639543,M1n te+te + log(NumOddsMvt),DW
1.7897866754960556,0.48972004628727844,2.9797979797979797,1.0918307922639543,M1n te+te + log(NumOddsMvt),DW
1.7224357892117055,0.46410214639305064,3.9696969696969697,1.0918307922639543,M1n te+te + log(NumOddsMvt),DW
1.655664553718717,0.4407310420290515,4.959595959595959,1.0918307922639543,M1n te+te + log(NumOddsMvt),DW
1.5896183411226634,0.41985131054026376,5.94949494949495,1.0918307922639543,M1n te+te + log(NumOddsMvt),DW
1.5244425235291215,0.4016649298991582,6.939393939393939,1.0918307922639543,M1n te+te + log(NumOddsMvt),DW
1.4602824730436672,0.3863101975118324,7.929292929292929,1.0918307922639543,M1n te+te + log(NumOddsMvt),DW
1.3972835617718766,0.3738408712030384,8.919191919191919,1.0918307922639543,M1n te+te + log(NumOddsMvt),DW
1.335591161819324,0.3642097975539218,9.909090909090908,1.0918307922639543,M1n te+te + log(NumOddsMvt),DW
1.275350645291586,0.3572614898604337,10.898989898989898,1.0918307922639543,M1n te+te + log(NumOddsMvt),DW
1.216707384294237,0.35273660179965194,11.888888888888888,1.0918307922639543,M1n te+te + log(NumOddsMvt),DW
1.1598067509328545,0.3502883084204527,12.878787878787879,1.0918307922639543,M1n te+te + log(NumOddsMvt),DW
1.104794117313012,0.3495074993532776,13.868686868686869,1.0918307922639543,M1n te+te + log(NumOddsMvt),DW
1.0518148555402866,0.3499518516249795,14.85858585858586,1.0918307922639543,M1n te+te + log(NumOddsMvt),DW
1.0010143377202532,0.35117394161440313,15.848484848484848,1.0918307922639543,M1n te+te + log(NumOddsMvt),DW
0.9525379359584866,0.35274514639049304,16.838383838383837,1.0918307922639543,M1n te+te + log(NumOddsMvt),DW
0.9065310223605635,0.3542741699599816,17.82828282828283,1.0918307922639543,M1n te+te + log(NumOddsMvt),DW
0.8631389690320591,0.3554207618455446,18.818181818181817,1.0918307922639543,M1n te+te + log(NumOddsMvt),DW
0.8225071480785492,0.35590623224810686,19.80808080808081,1.0918307922639543,M1n te+te + log(NumOddsMvt),DW
0.7847629532018686,0.35554158639298344,20.7979797979798,1.0918307922639543,M1n te+te + log(NumOddsMvt),DW
0.7498955960972181,0.3543564309762006,21.787878787878785,1.0918307922639543,M1n te+te + log(NumOddsMvt),DW
0.717830214112588,0.3525037759550549,22.77777777777778,1.0918307922639543,M1n te+te + log(NumOddsMvt),DW
0.6884915935394471,0.35017354874292533,23.767676767676768,1.0918307922639543,M1n te+te + log(NumOddsMvt),DW
0.6618045206692657,0.34757586690413655,24.757575757575758,1.0918307922639543,M1n te+te + log(NumOddsMvt),DW
0.6376937817935122,0.34492595505309015,25.747474747474747,1.0918307922639543,M1n te+te + log(NumOddsMvt),DW
0.6160841632036569,0.34242978213553255,26.737373737373737,1.0918307922639543,M1n te+te + log(NumOddsMvt),DW
0.5969004511911695,0.34027035320665083,27.727272727272727,1.0918307922639543,M1n te+te + log(NumOddsMvt),DW
0.5800674320475205,0.33859505405061924,28.71717171717172,1.0918307922639543,M1n te+te + log(NumOddsMvt),DW
0.5655098920641775,0.33750481368846585,29.707070707070706,1.0918307922639543,M1n te+te + log(NumOddsMvt),DW
0.5531526175326114,0.33704602386998295,30.696969696969695,1.0918307922639543,M1n te+te + log(NumOddsMvt),DW
0.5429203947442917,0.3372060644789756,31.686868686868685,1.0918307922639543,M1n te+te + log(NumOddsMvt),DW
0.5347380099906872,0.33791293059523286,32.676767676767675,1.0918307922639543,M1n te+te + log(NumOddsMvt),DW
0.5285302495632686,0.3390389377280293,33.666666666666664,1.0918307922639543,M1n te+te + log(NumOddsMvt),DW
0.5242218997535041,0.34040796194561407,34.65656565656566,1.0918307922639543,M1n te+te + log(NumOddsMvt),DW
0.5217377468528646,0.341805317071476,35.64646464646465,1.0918307922639543,M1n te+te + log(NumOddsMvt),DW
0.5210025771528193,0.3429892798172101,36.63636363636363,1.0918307922639543,M1n te+te + log(NumOddsMvt),DW
0.5219411769448384,0.34370344912248313,37.62626262626262,1.0918307922639543,M1n te+te + log(NumOddsMvt),DW
0.5244783325203898,0.3436895014129884,38.61616161616161,1.0918307922639543,M1n te+te + log(NumOddsMvt),DW
0.5285388301709452,0.34270039454075035,39.60606060606061,1.0918307922639543,M1n te+te + log(NumOddsMvt),DW
0.5340499418711049,0.34052429777496085,40.5959595959596,1.0918307922639543,M1n te+te + log(NumOddsMvt),DW
0.5409779070859859,0.33714304172239723,41.58585858585859,1.0918307922639543,M1n te+te + log(NumOddsMvt),DW
0.5493198967113365,0.3327097445756869,42.57575757575757,1.0918307922639543,M1n te+te + log(NumOddsMvt),DW
0.559073933192168,0.32742210216212136,43.56565656565656,1.0918307922639543,M1n te+te + log(NumOddsMvt),DW
0.5702380389734949,0.32150667287090345,44.55555555555556,1.0918307922639543,M1n te+te + log(NumOddsMvt),DW
0.5828102365003298,0.3152075380333479,45.54545454545455,1.0918307922639543,M1n te+te + log(NumOddsMvt),DW
0.5967885482176846,0.30877504706567094,46.535353535353536,1.0918307922639543,M1n te+te + log(NumOddsMvt),DW
0.6121709965705734,0.30245393923398717,47.525252525252526,1.0918307922639543,M1n te+te + log(NumOddsMvt),DW
0.6289556040040089,0.29647052964671927,48.51515151515151,1.0918307922639543,M1n te+te + log(NumOddsMvt),DW
0.6471403929630036,0.2910191541567425,49.505050505050505,1.0918307922639543,M1n te+te + log(NumOddsMvt),DW
0.6667233858925717,0.2862486538298179,50.494949494949495,1.0918307922639543,M1n te+te + log(NumOddsMvt),DW
0.6877026052377235,0.2822502233391555,51.48484848484849,1.0918307922639543,M1n te+te + log(NumOddsMvt),DW
0.7100760734434745,0.2790482544971137,52.474747474747474,1.0918307922639543,M1n te+te + log(NumOddsMvt),DW
0.7338418129548355,0.2765956888083043,53.46464646464646,1.0918307922639543,M1n te+te + log(NumOddsMvt),DW
0.7589978462168209,0.2747747938690364,54.45454545454545,1.0918307922639543,M1n te+te + log(NumOddsMvt),DW
0.7855421956744431,0.2734033526869795,55.44444444444444,1.0918307922639543,M1n te+te + log(NumOddsMvt),DW
0.8134728837727153,0.2722453296542586,56.43434343434344,1.0918307922639543,M1n te+te + log(NumOddsMvt),DW
0.8427879329566501,0.2710244911347586,57.42424242424242,1.0918307922639543,M1n te+te + log(NumOddsMvt),DW
0.8734853656712598,0.2694393945084281,58.414141414141405,1.0918307922639543,M1n te+te + log(NumOddsMvt),DW
0.905563204361558,0.26717858570604286,59.4040404040404,1.0918307922639543,M1n te+te + log(NumOddsMvt),DW
0.9390162151817368,0.26393829518944734,60.39393939393939,1.0918307922639543,M1n te+te + log(NumOddsMvt),DW
0.9737037968002425,0.25955097827940005,61.38383838383839,1.0918307922639543,M1n te+te + log(NumOddsMvt),DW
1.0093042462414987,0.25405187749505115,62.37373737373737,1.0918307922639543,M1n te+te + log(NumOddsMvt),DW
1.0454832138007188,0.2475415680546173,63.36363636363637,1.0918307922639543,M1n te+te + log(NumOddsMvt),DW
1.0819063497731114,0.24016474539957577,64.35353535353535,1.0918307922639543,M1n te+te + log(NumOddsMvt),DW
1.1182393044538876,0.23210174887492738,65.34343434343434,1.0918307922639543,M1n te+te + log(NumOddsMvt),DW
1.1541477281382595,0.22356172754280115,66.33333333333333,1.0918307922639543,M1n te+te + log(NumOddsMvt),DW
1.189297271121436,0.21477638686383785,67.32323232323232,1.0918307922639543,M1n te+te + log(NumOddsMvt),DW
1.2233535836986307,0.20599320565560084,68.31313131313131,1.0918307922639543,M1n te+te + log(NumOddsMvt),DW
1.2559823161650507,0.19746694236526618,69.3030303030303,1.0918307922639543,M1n te+te + log(NumOddsMvt),DW
1.2868491188159101,0.18944827909608578,70.2929292929293,1.0918307922639543,M1n te+te + log(NumOddsMvt),DW
1.315619641946417,0.18216878614502618,71.28282828282828,1.0918307922639543,M1n te+te + log(NumOddsMvt),DW
1.3419595358517833,0.17582226654475158,72.27272727272727,1.0918307922639543,M1n te+te + log(NumOddsMvt),DW
1.36553445082722,0.1705440516872422,73.26262626262626,1.0918307922639543,M1n te+te + log(NumOddsMvt),DW
1.3860100371679385,0.16639163090984613,74.25252525252525,1.0918307922639543,M1n te+te + log(NumOddsMvt),DW
1.4030519451691477,0.16333120590023234,75.24242424242425,1.0918307922639543,M1n te+te + log(NumOddsMvt),DW
1.4163258251260582,0.16123428060553735,76.23232323232322,1.0918307922639543,M1n te+te + log(NumOddsMvt),DW
1.425497327333882,0.159885895398704,77.22222222222221,1.0918307922639543,M1n te+te + log(NumOddsMvt),DW
1.430232102087833,0.15900265350127227,78.2121212121212,1.0918307922639543,M1n te+te + log(NumOddsMvt),DW
1.4301957996831147,0.1582561437247886,79.2020202020202,1.0918307922639543,M1n te+te + log(NumOddsMvt),DW
1.425054749440219,0.15729713807232096,80.1919191919192,1.0918307922639543,M1n te+te + log(NumOddsMvt),DW
1.4146409322954556,0.15582059975902818,81.18181818181817,1.0918307922639543,M1n te+te + log(NumOddsMvt),DW
1.3991671907499943,0.15366073856599077,82.17171717171718,1.0918307922639543,M1n te+te + log(NumOddsMvt),DW
1.378899693666571,0.15072913303042682,83.16161616161615,1.0918307922639543,M1n te+te + log(NumOddsMvt),DW
1.3541046099079135,0.14699174143856772,84.15151515151514,1.0918307922639543,M1n te+te + log(NumOddsMvt),DW
1.3250481083367531,0.14246044365437158,85.14141414141415,1.0918307922639543,M1n te+te + log(NumOddsMvt),DW
1.2919963578158218,0.13718799064646756,86.13131313131312,1.0918307922639543,M1n te+te + log(NumOddsMvt),DW
1.2552155272078505,0.13126630051125213,87.12121212121212,1.0918307922639543,M1n te+te + log(NumOddsMvt),DW
1.2149717853755713,0.12482813523160206,88.1111111111111,1.0918307922639543,M1n te+te + log(NumOddsMvt),DW
1.171531301181714,0.1180522791440265,89.1010101010101,1.0918307922639543,M1n te+te + log(NumOddsMvt),DW
1.1251602434890093,0.11117216320183987,90.0909090909091,1.0918307922639543,M1n te+te + log(NumOddsMvt),DW
1.0761247811601917,0.10448694628279744,91.08080808080807,1.0918307922639543,M1n te+te + log(NumOddsMvt),DW
1.024691083057989,0.0983714888803487,92.07070707070707,1.0918307922639543,M1n te+te + log(NumOddsMvt),DW
0.9711253180451344,0.09327644684219964,93.06060606060605,1.0918307922639543,M1n te+te + log(NumOddsMvt),DW
0.9156936549843556,0.08970282067434468,94.05050505050505,1.0918307922639543,M1n te+te + log(NumOddsMvt),DW
0.8586622627383891,0.0881343758545253,95.04040404040404,1.0918307922639543,M1n te+te + log(NumOddsMvt),DW
0.8002973101699619,0.08893150671739121,96.03030303030302,1.0918307922639543,M1n te+te + log(NumOddsMvt),DW
0.7408649661418061,0.09223187078376094,97.02020202020202,1.0918307922639543,M1n te+te + log(NumOddsMvt),DW
0.6806313995166542,0.09792221744529027,98.010101010101,1.0918307922639543,M1n te+te + log(NumOddsMvt),DW
0.6198627791572371,0.10569914179049793,99.0,1.0918307922639543,M1n te+te + log(NumOddsMvt),DW
2.3431645831016183,1.4881672483977493,1.0,-1.0401110569658805,M1n te+te + log(NumOddsMvt),NW
2.2582382022483265,1.4064794312422122,1.9898989898989898,-1.0401110569658805,M1n te+te + log(NumOddsMvt),NW
2.17258338131298,1.329852141673695,2.9797979797979797,-1.0401110569658805,M1n te+te + log(NumOddsMvt),NW
2.0858335835817425,1.2591270771566447,3.9696969696969697,-1.0401110569658805,M1n te+te + log(NumOddsMvt),NW
1.9976222723407826,1.1951184743164647,4.959595959595959,-1.0401110569658805,M1n te+te + log(NumOddsMvt),NW
1.9075829108762674,1.138566018254867,5.94949494949495,-1.0401110569658805,M1n te+te + log(NumOddsMvt),NW
1.8153489624743684,1.0900738060349668,6.939393939393939,-1.0401110569658805,M1n te+te + log(NumOddsMvt),NW
1.7205538904212494,1.0500406150598476,7.929292929292929,-1.0401110569658805,M1n te+te + log(NumOddsMvt),NW
1.6228311580030803,1.018592530062186,8.919191919191919,-1.0401110569658805,M1n te+te + log(NumOddsMvt),NW
1.521814228506032,0.9955333572920042,9.909090909090908,-1.0401110569658805,M1n te+te + log(NumOddsMvt),NW
1.4171365652162664,0.9803278547966047,10.898989898989898,-1.0401110569658805,M1n te+te + log(NumOddsMvt),NW
1.308431631419957,0.9721258857754802,11.888888888888888,-1.0401110569658805,M1n te+te + log(NumOddsMvt),NW
1.1953328904032692,0.9698242798272405,12.878787878787879,-1.0401110569658805,M1n te+te + log(NumOddsMvt),NW
1.0774738054523707,0.9721528633747657,13.868686868686869,-1.0401110569658805,M1n te+te + log(NumOddsMvt),NW
0.9544878398534302,0.977766748122867,14.85858585858586,-1.0401110569658805,M1n te+te + log(NumOddsMvt),NW
0.8260084568926161,0.9853295965371106,15.848484848484848,-1.0401110569658805,M1n te+te + log(NumOddsMvt),NW
0.6916691198560965,0.9935793919363697,16.838383838383837,-1.0401110569658805,M1n te+te + log(NumOddsMvt),NW
0.5511032920300387,1.001375330371143,17.82828282828283,-1.0401110569658805,M1n te+te + log(NumOddsMvt),NW
0.4039444367006105,1.0077293712406952,18.818181818181817,-1.0401110569658805,M1n te+te + log(NumOddsMvt),NW
0.24982601715398176,1.0118282932569584,19.80808080808081,-1.0401110569658805,M1n te+te + log(NumOddsMvt),NW
0.08854216245199177,1.0131077702546882,20.7979797979798,-1.0401110569658805,M1n te+te + log(NumOddsMvt),NW
-0.07887812123208196,1.0116254885042926,21.787878787878785,-1.0401110569658805,M1n te+te + log(NumOddsMvt),NW
-0.2508332210105938,1.0077859670296214,22.77777777777778,-1.0401110569658805,M1n te+te + log(NumOddsMvt),NW
-0.42571838674474083,1.0020933508994494,23.767676767676768,-1.0401110569658805,M1n te+te + log(NumOddsMvt),NW
-0.6019288682957142,0.9951090218863413,24.757575757575758,-1.0401110569658805,M1n te+te + log(NumOddsMvt),NW
-0.777859915524711,0.987414502439608,25.747474747474747,-1.0401110569658805,M1n te+te + log(NumOddsMvt),NW
-0.9519067782929224,0.9795767123123149,26.737373737373737,-1.0401110569658805,M1n te+te + log(NumOddsMvt),NW
-1.1224647064615443,0.9721148705917271,27.727272727272727,-1.0401110569658805,M1n te+te + log(NumOddsMvt),NW
-1.2879289498917712,0.9654694249079572,28.71717171717172,-1.0401110569658805,M1n te+te + log(NumOddsMvt),NW
-1.4466947584447936,0.9599743276368422,29.707070707070706,-1.0401110569658805,M1n te+te + log(NumOddsMvt),NW
-1.5971573819818103,0.9558346029734208,30.696969696969695,-1.0401110569658805,M1n te+te + log(NumOddsMvt),NW
-1.7377120703640119,0.9531112900390939,31.686868686868685,-1.0401110569658805,M1n te+te + log(NumOddsMvt),NW
-1.8667540734525934,0.9517154233823837,32.676767676767675,-1.0401110569658805,M1n te+te + log(NumOddsMvt),NW
-1.9826786411087478,0.9514118065862238,33.666666666666664,-1.0401110569658805,M1n te+te + log(NumOddsMvt),NW
-2.0838810231936713,0.9518322053336599,34.65656565656566,-1.0401110569658805,M1n te+te + log(NumOddsMvt),NW
-2.1687564695685553,0.9524965836751143,35.64646464646465,-1.0401110569658805,M1n te+te + log(NumOddsMvt),NW
-2.2357002300945963,0.9528404392003782,36.63636363636363,-1.0401110569658805,M1n te+te + log(NumOddsMvt),NW
-2.2831075546329878,0.9522463157388301,37.62626262626262,-1.0401110569658805,M1n te+te + log(NumOddsMvt),NW
-2.3093736930449213,0.9500781685117904,38.61616161616161,-1.0401110569658805,M1n te+te + log(NumOddsMvt),NW
-2.3128938951915927,0.9457182989743008,39.60606060606061,-1.0401110569658805,M1n te+te + log(NumOddsMvt),NW
-2.2921863073170514,0.9386318924085234,40.5959595959596,-1.0401110569658805,M1n te+te + log(NumOddsMvt),NW
-2.247695694375808,0.9287664339856273,41.58585858585859,-1.0401110569658805,M1n te+te + log(NumOddsMvt),NW
-2.1813961236258574,0.9165030511368827,42.57575757575757,-1.0401110569658805,M1n te+te + log(NumOddsMvt),NW
-2.0953037643626558,0.9023412640344652,43.56565656565656,-1.0401110569658805,M1n te+te + log(NumOddsMvt),NW
-1.9914347858816595,0.8868558710457025,44.55555555555556,-1.0401110569658805,M1n te+te + log(NumOddsMvt),NW
-1.8718053574783255,0.8706644815375205,45.54545454545455,-1.0401110569658805,M1n te+te + log(NumOddsMvt),NW
-1.7384316484481135,0.8543952874132367,46.535353535353536,-1.0401110569658805,M1n te+te + log(NumOddsMvt),NW
-1.59332982808648,0.8386536235084755,47.525252525252526,-1.0401110569658805,M1n te+te + log(NumOddsMvt),NW
-1.438516065688881,0.8239869856331528,48.51515151515151,-1.0401110569658805,M1n te+te + log(NumOddsMvt),NW
-1.2760065305507764,0.8108495145289883,49.505050505050505,-1.0401110569658805,M1n te+te + log(NumOddsMvt),NW
-1.10781739196762,0.7995683422541949,50.494949494949495,-1.0401110569658805,M1n te+te + log(NumOddsMvt),NW
-0.9359648192348703,0.7903152775140928,51.48484848484849,-1.0401110569658805,M1n te+te + log(NumOddsMvt),NW
-0.7624649816479879,0.783087633455456,52.474747474747474,-1.0401110569658805,M1n te+te + log(NumOddsMvt),NW
-0.5893340485024263,0.7777012663156355,53.46464646464646,-1.0401110569658805,M1n te+te + log(NumOddsMvt),NW
-0.41858818909364304,0.773797164853541,54.45454545454545,-1.0401110569658805,M1n te+te + log(NumOddsMvt),NW
-0.25224357271709763,0.770860730444258,55.44444444444444,-1.0401110569658805,M1n te+te + log(NumOddsMvt),NW
-0.092316368668245,0.7682509893640961,56.43434343434344,-1.0401110569658805,M1n te+te + log(NumOddsMvt),NW
0.059177253757454557,0.765236033321433,57.42424242424242,-1.0401110569658805,M1n te+te + log(NumOddsMvt),NW
0.20022112526454625,0.7610312336560731,58.414141414141405,-1.0401110569658805,M1n te+te + log(NumOddsMvt),NW
0.3287990765575727,0.7548380389678904,59.4040404040404,-1.0401110569658805,M1n te+te + log(NumOddsMvt),NW
0.4429232835730278,0.7458905487559132,60.39393939393939,-1.0401110569658805,M1n te+te + log(NumOddsMvt),NW
0.541784263800285,0.7338082682465366,61.38383838383839,-1.0401110569658805,M1n te+te + log(NumOddsMvt),NW
0.6261489811793908,0.7187689893401517,62.37373737373737,-1.0401110569658805,M1n te+te + log(NumOddsMvt),NW
0.6968944864002499,0.7011237693681481,63.36363636363637,-1.0401110569658805,M1n te+te + log(NumOddsMvt),NW
0.7548978301527656,0.6813397632085658,64.35353535353535,-1.0401110569658805,M1n te+te + log(NumOddsMvt),NW
0.8010360631268428,0.6599772290300362,65.34343434343434,-1.0401110569658805,M1n te+te + log(NumOddsMvt),NW
0.8361862360123867,0.6376695029396723,66.33333333333333,-1.0401110569658805,M1n te+te + log(NumOddsMvt),NW
0.8612253994993015,0.6151027299486923,67.32323232323232,-1.0401110569658805,M1n te+te + log(NumOddsMvt),NW
0.8770306042774914,0.5929920949760565,68.31313131313131,-1.0401110569658805,M1n te+te + log(NumOddsMvt),NW
0.8844789010368618,0.5720514604558035,69.3030303030303,-1.0401110569658805,M1n te+te + log(NumOddsMvt),NW
0.8844473404673165,0.5529541513880682,70.2929292929293,-1.0401110569658805,M1n te+te + log(NumOddsMvt),NW
0.8778129732587574,0.5362846741876336,71.28282828282828,-1.0401110569658805,M1n te+te + log(NumOddsMvt),NW
0.8654528501010926,0.5224846571620243,72.27272727272727,-1.0401110569658805,M1n te+te + log(NumOddsMvt),NW
0.8482440216842257,0.5118006165984423,73.26262626262626,-1.0401110569658805,M1n te+te + log(NumOddsMvt),NW
0.8270635386980608,0.5042444018992326,74.25252525252525,-1.0401110569658805,M1n te+te + log(NumOddsMvt),NW
0.8027884518325005,0.4995769019149449,75.24242424242425,-1.0401110569658805,M1n te+te + log(NumOddsMvt),NW
0.7762958117774518,0.4973206358319682,76.23232323232322,-1.0401110569658805,M1n te+te + log(NumOddsMvt),NW
0.748462669222817,0.49679894443534744,77.22222222222221,-1.0401110569658805,M1n te+te + log(NumOddsMvt),NW
0.7201660748585036,0.49719261557633937,78.2121212121212,-1.0401110569658805,M1n te+te + log(NumOddsMvt),NW
0.6922830793744131,0.4976022738664425,79.2020202020202,-1.0401110569658805,M1n te+te + log(NumOddsMvt),NW
0.6656896297019504,0.49710766779200116,80.1919191919192,-1.0401110569658805,M1n te+te + log(NumOddsMvt),NW
0.6409924053599139,0.49494650416036845,81.18181818181817,-1.0401110569658805,M1n te+te + log(NumOddsMvt),NW
0.618178993758502,0.4907708035399488,82.17171717171718,-1.0401110569658805,M1n te+te + log(NumOddsMvt),NW
0.5971503000782985,0.4844477145111873,83.16161616161615,-1.0401110569658805,M1n te+te + log(NumOddsMvt),NW
0.5778072294998821,0.4759948585769561,84.15151515151514,-1.0401110569658805,M1n te+te + log(NumOddsMvt),NW
0.5600506872038294,0.46555973921281735,85.14141414141415,-1.0401110569658805,M1n te+te + log(NumOddsMvt),NW
0.5437815783707207,0.453407741381138,86.13131313131312,-1.0401110569658805,M1n te+te + log(NumOddsMvt),NW
0.5289008081811343,0.43991730127672496,87.12121212121212,-1.0401110569658805,M1n te+te + log(NumOddsMvt),NW
0.5153092818156497,0.42558049072004106,88.1111111111111,-1.0401110569658805,M1n te+te + log(NumOddsMvt),NW
0.5029079044548456,0.41100645544620695,89.1010101010101,-1.0401110569658805,M1n te+te + log(NumOddsMvt),NW
0.4915975812792995,0.39692350208013166,90.0909090909091,-1.0401110569658805,M1n te+te + log(NumOddsMvt),NW
0.4812792174695914,0.38417299969014956,91.08080808080807,-1.0401110569658805,M1n te+te + log(NumOddsMvt),NW
0.4718537182063008,0.37368525985763756,92.07070707070707,-1.0401110569658805,M1n te+te + log(NumOddsMvt),NW
0.4632219886700058,0.3664264475049026,93.06060606060605,-1.0401110569658805,M1n te+te + log(NumOddsMvt),NW
0.45528493404128584,0.3633105938762769,94.05050505050505,-1.0401110569658805,M1n te+te + log(NumOddsMvt),NW
0.4479434595007191,0.3650855243252021,95.04040404040404,-1.0401110569658805,M1n te+te + log(NumOddsMvt),NW
0.44109847022888454,0.3722221496566934,96.03030303030302,-1.0401110569658805,M1n te+te + log(NumOddsMvt),NW
0.43465087140636166,0.38484779961067134,97.02020202020202,-1.0401110569658805,M1n te+te + log(NumOddsMvt),NW
0.428501568213728,0.40275064851214426,98.010101010101,-1.0401110569658805,M1n te+te + log(NumOddsMvt),NW
0.4225514658315645,0.4254490724849304,99.0,-1.0401110569658805,M1n te+te + log(NumOddsMvt),NW
3.0702874567163003,1.3511600318842456,1.0,-0.4256453157250373,M1n te+te + log(NumOddsMvt),NW
2.9310060366264903,1.2810380036547826,1.9898989898989898,-0.4256453157250373,M1n te+te + log(NumOddsMvt),NW
2.7916666036418842,1.2149965181081204,2.9797979797979797,-0.4256453157250373,M1n te+te + log(NumOddsMvt),NW
2.6522399668154972,1.153677612379888,3.9696969696969697,-0.4256453157250373,M1n te+te + log(NumOddsMvt),NW
2.512696935200346,1.0976958061975683,4.959595959595959,-0.4256453157250373,M1n te+te + log(NumOddsMvt),NW
2.3730083178494388,1.047605700975781,5.94949494949495,-0.4256453157250373,M1n te+te + log(NumOddsMvt),NW
2.233144923815794,1.0038612373134979,6.939393939393939,-0.4256453157250373,M1n te+te + log(NumOddsMvt),NW
2.093077562152425,0.9667697803135863,7.929292929292929,-0.4256453157250373,M1n te+te + log(NumOddsMvt),NW
1.9527770419123411,0.9364473571457663,8.919191919191919,-0.4256453157250373,M1n te+te + log(NumOddsMvt),NW
1.8122141721485634,0.9127838808678362,9.909090909090908,-0.4256453157250373,M1n te+te + log(NumOddsMvt),NW
1.6713597619140994,0.8954274338522655,10.898989898989898,-0.4256453157250373,M1n te+te + log(NumOddsMvt),NW
1.5301846202619669,0.8837935946751803,11.888888888888888,-0.4256453157250373,M1n te+te + log(NumOddsMvt),NW
1.3886595562451767,0.8770999692132413,12.878787878787879,-0.4256453157250373,M1n te+te + log(NumOddsMvt),NW
1.2467553789167458,0.8744198717995764,13.868686868686869,-0.4256453157250373,M1n te+te + log(NumOddsMvt),NW
1.104442897329687,0.8747452369673828,14.85858585858586,-0.4256453157250373,M1n te+te + log(NumOddsMvt),NW
0.9616929205370122,0.8770486969931808,15.848484848484848,-0.4256453157250373,M1n te+te + log(NumOddsMvt),NW
0.8184762575917377,0.880337679392636,16.838383838383837,-0.4256453157250373,M1n te+te + log(NumOddsMvt),NW
0.6747637175468775,0.8836975170706409,17.82828282828283,-0.4256453157250373,M1n te+te + log(NumOddsMvt),NW
0.5305261094554435,0.8863242208760621,18.818181818181817,-0.4256453157250373,M1n te+te + log(NumOddsMvt),NW
0.38573424237045123,0.8875499302289849,19.80808080808081,-0.4256453157250373,M1n te+te + log(NumOddsMvt),NW
0.2404360420769449,0.8869087282653237,20.7979797979798,-0.4256453157250373,M1n te+te + log(NumOddsMvt),NW
0.09527215354297253,0.8844360288437816,21.787878787878785,-0.4256453157250373,M1n te+te + log(NumOddsMvt),NW
-0.048841937163215304,0.8804500447052785,22.77777777777778,-0.4256453157250373,M1n te+te + log(NumOddsMvt),NW
-0.19098923814827296,0.8753527996117392,23.767676767676768,-0.4256453157250373,M1n te+te + log(NumOddsMvt),NW
-0.33025275751885075,0.8695925366966952,24.757575757575758,-0.4256453157250373,M1n te+te + log(NumOddsMvt),NW
-0.4657155033816038,0.863630269082902,25.747474747474747,-0.4256453157250373,M1n te+te + log(NumOddsMvt),NW
-0.5964604838431843,0.8579084884606544,26.737373737373737,-0.4256453157250373,M1n te+te + log(NumOddsMvt),NW
-0.7215707070102455,0.8528218360730652,27.727272727272727,-0.4256453157250373,M1n te+te + log(NumOddsMvt),NW
-0.8401291809894411,0.848690406205084,28.71717171717172,-0.4256453157250373,M1n te+te + log(NumOddsMvt),NW
-0.9512189138874211,0.8457370258453275,29.707070707070706,-0.4256453157250373,M1n te+te + log(NumOddsMvt),NW
-1.0539229138108412,0.8440701828753614,30.696969696969695,-0.4256453157250373,M1n te+te + log(NumOddsMvt),NW
-1.1473241888663546,0.8436741476796555,31.686868686868685,-0.4256453157250373,M1n te+te + log(NumOddsMvt),NW
-1.2305057471606122,0.8444072519744424,32.676767676767675,-0.4256453157250373,M1n te+te + log(NumOddsMvt),NW
-1.302550596800267,0.84600840570742,33.666666666666664,-0.4256453157250373,M1n te+te + log(NumOddsMvt),NW
-1.3625417458919744,0.8481110133041069,34.65656565656566,-0.4256453157250373,M1n te+te + log(NumOddsMvt),NW
-1.4095622025423855,0.8502627751843861,35.64646464646465,-0.4256453157250373,M1n te+te + log(NumOddsMvt),NW
-1.442694974858153,0.851949619755706,36.63636363636363,-0.4256453157250373,M1n te+te + log(NumOddsMvt),NW
-1.461023070945932,0.8526222510429772,37.62626262626262,-0.4256453157250373,M1n te+te + log(NumOddsMvt),NW
-1.4636294989123706,0.8517244411121301,38.61616161616161,-0.4256453157250373,M1n te+te + log(NumOddsMvt),NW
-1.449597266864129,0.8487231183502051,39.60606060606061,-0.4256453157250373,M1n te+te + log(NumOddsMvt),NW
-1.4180904722978824,0.8431628226229778,40.5959595959596,-0.4256453157250373,M1n te+te + log(NumOddsMvt),NW
-1.3695444326796993,0.8350178505144763,41.58585858585859,-0.4256453157250373,M1n te+te + log(NumOddsMvt),NW
-1.3054035284608956,0.8246418564990114,42.57575757575757,-0.4256453157250373,M1n te+te + log(NumOddsMvt),NW
-1.2271399198244335,0.8124856607366886,43.56565656565656,-0.4256453157250373,M1n te+te + log(NumOddsMvt),NW
-1.1362257669532811,0.7990606416139352,44.55555555555556,-0.4256453157250373,M1n te+te + log(NumOddsMvt),NW
-1.0341332300304042,0.7849115711771686,45.54545454545455,-0.4256453157250373,M1n te+te + log(NumOddsMvt),NW
-0.9223344692387712,0.7705896986991357,46.535353535353536,-0.4256453157250373,M1n te+te + log(NumOddsMvt),NW
-0.8023016447613461,0.7566248838408243,47.525252525252526,-0.4256453157250373,M1n te+te + log(NumOddsMvt),NW
-0.6755069167810963,0.743496495126478,48.51515151515151,-0.4256453157250373,M1n te+te + log(NumOddsMvt),NW
-0.5434224454809898,0.7316038646794865,49.505050505050505,-0.4256453157250373,M1n te+te + log(NumOddsMvt),NW
-0.4075203910439898,0.7212381997812695,50.494949494949495,-0.4256453157250373,M1n te+te + log(NumOddsMvt),NW
-0.26927291365306466,0.712558727318687,51.48484848484849,-0.4256453157250373,M1n te+te + log(NumOddsMvt),NW
-0.13015217349118263,0.7055761484193024,52.474747474747474,-0.4256453157250373,M1n te+te + log(NumOddsMvt),NW
0.008369669258691821,0.700145959650216,53.46464646464646,-0.4256453157250373,M1n te+te + log(NumOddsMvt),NW
0.14482045441359456,0.6959728824475918,54.45454545454545,-0.4256453157250373,M1n te+te + log(NumOddsMvt),NW
0.2777280217905544,0.6926259086869858,55.44444444444444,-0.4256453157250373,M1n te+te + log(NumOddsMvt),NW
0.4056202112066085,0.6895619065013494,56.43434343434344,-0.4256453157250373,M1n te+te + log(NumOddsMvt),NW
0.5270248624787871,0.6861548662996753,57.42424242424242,-0.4256453157250373,M1n te+te + log(NumOddsMvt),NW
0.6404698154241267,0.68172794082494,58.414141414141405,-0.4256453157250373,M1n te+te + log(NumOddsMvt),NW
0.7444829098596599,0.6755863536672796,59.4040404040404,-0.4256453157250373,M1n te+te + log(NumOddsMvt),NW
0.837611810634147,0.6670571621198882,60.39393939393939,-0.4256453157250373,M1n te+te + log(NumOddsMvt),NW
0.9192283303299758,0.6557923350437184,61.38383838383839,-0.4256453157250373,M1n te+te + log(NumOddsMvt),NW
0.9898068691165699,0.6419208497623936,62.37373737373737,-0.4256453157250373,M1n te+te + log(NumOddsMvt),NW
1.0498988232984583,0.6257204614972327,63.36363636363637,-0.4256453157250373,M1n te+te + log(NumOddsMvt),NW
1.1000555891801633,0.6075685580639334,64.35353535353535,-0.4256453157250373,M1n te+te + log(NumOddsMvt),NW
1.1408285630662143,0.5879224112259007,65.34343434343434,-0.4256453157250373,M1n te+te + log(NumOddsMvt),NW
1.172769141261135,0.56730238125258,66.33333333333333,-0.4256453157250373,M1n te+te + log(NumOddsMvt),NW
1.1964287200694508,0.5462755824195565,67.32323232323232,-0.4256453157250373,M1n te+te + log(NumOddsMvt),NW
1.2123586957956887,0.525437462304065,68.31313131313131,-0.4256453157250373,M1n te+te + log(NumOddsMvt),NW
1.2211104647443736,0.505388766708853,69.3030303030303,-0.4256453157250373,M1n te+te + log(NumOddsMvt),NW
1.2232354232200322,0.4867057661213582,70.2929292929293,-0.4256453157250373,M1n te+te + log(NumOddsMvt),NW
1.2192849675271897,0.46990283233647734,71.28282828282828,-0.4256453157250373,M1n te+te + log(NumOddsMvt),NW
1.2098104939703709,0.45538881187314517,72.27272727272727,-0.4256453157250373,M1n te+te + log(NumOddsMvt),NW
1.195363398854103,0.4434219842916363,73.26262626262626,-0.4256453157250373,M1n te+te + log(NumOddsMvt),NW
1.17649507848291,0.4340716310769258,74.25252525252525,-0.4256453157250373,M1n te+te + log(NumOddsMvt),NW
1.1537569291613194,0.4271954687830687,75.24242424242425,-0.4256453157250373,M1n te+te + log(NumOddsMvt),NW
1.127700347193857,0.422439808240478,76.23232323232322,-0.4256453157250373,M1n te+te + log(NumOddsMvt),NW
1.0988767288850454,0.41926356554895117,77.22222222222221,-0.4256453157250373,M1n te+te + log(NumOddsMvt),NW
1.067837470539415,0.4169807755407237,78.2121212121212,-0.4256453157250373,M1n te+te + log(NumOddsMvt),NW
1.0351339684614873,0.41481232756590236,79.2020202020202,-0.4256453157250373,M1n te+te + log(NumOddsMvt),NW
1.0013170327468337,0.4119382564232069,80.1919191919192,-0.4256453157250373,M1n te+te + log(NumOddsMvt),NW
0.9667944648806497,0.4076526060118944,81.18181818181817,-0.4256453157250373,M1n te+te + log(NumOddsMvt),NW
0.9316452649484992,0.4015915537551792,82.17171717171718,-0.4256453157250373,M1n te+te + log(NumOddsMvt),NW
0.8959023958824608,0.3935751705657625,83.16161616161615,-0.4256453157250373,M1n te+te + log(NumOddsMvt),NW
0.859598820614618,0.38355286890716045,84.15151515151514,-0.4256453157250373,M1n te+te + log(NumOddsMvt),NW
0.8227675020770466,0.37158526072713155,85.14141414141415,-0.4256453157250373,M1n te+te + log(NumOddsMvt),NW
0.7854414032018291,0.3578341119946226,86.13131313131312,-0.4256453157250373,M1n te+te + log(NumOddsMvt),NW
0.7476534869210444,0.3425602466533356,87.12121212121212,-0.4256453157250373,M1n te+te + log(NumOddsMvt),NW
0.7094367161667726,0.3261294155985209,88.1111111111111,-0.4256453157250373,M1n te+te + log(NumOddsMvt),NW
0.670824053871093,0.3090261086663632,89.1010101010101,-0.4256453157250373,M1n te+te + log(NumOddsMvt),NW
0.6318484629660862,0.29187435570579684,90.0909090909091,-0.4256453157250373,M1n te+te + log(NumOddsMvt),NW
0.59254290638383,0.2754614869814369,91.08080808080807,-0.4256453157250373,M1n te+te + log(NumOddsMvt),NW
0.552940347056408,0.2607537311513954,92.07070707070707,-0.4256453157250373,M1n te+te + log(NumOddsMvt),NW
0.5130737479158951,0.24888038027328818,93.06060606060605,-0.4256453157250373,M1n te+te + log(NumOddsMvt),NW
0.472976071894375,0.2410513049933037,94.05050505050505,-0.4256453157250373,M1n te+te + log(NumOddsMvt),NW
0.4326802819239267,0.2383807695977868,95.04040404040404,-0.4256453157250373,M1n te+te + log(NumOddsMvt),NW
0.3922193409366294,0.2416452340583255,96.03030303030302,-0.4256453157250373,M1n te+te + log(NumOddsMvt),NW
0.35162621186456283,0.25108542996822575,97.02020202020202,-0.4256453157250373,M1n te+te + log(NumOddsMvt),NW
0.31093385763980724,0.26637629145082276,98.010101010101,-0.4256453157250373,M1n te+te + log(NumOddsMvt),NW
0.2701752411944411,0.28677741454167344,99.0,-0.4256453157250373,M1n te+te + log(NumOddsMvt),NW
1.5964113565896598,0.40396958381928755,1.0,0.10288450757200218,M1n te+te + log(NumOddsMvt),NW
1.5760004168880575,0.37965013178484086,1.9898989898989898,0.10288450757200218,M1n te+te + log(NumOddsMvt),NW
1.5555303168772106,0.3570103117749882,2.9797979797979797,0.10288450757200218,M1n te+te + log(NumOddsMvt),NW
1.5349712882537598,0.3363550143595355,3.9696969696969697,0.10288450757200218,M1n te+te + log(NumOddsMvt),NW
1.5142935627143514,0.31797983530662544,4.959595959595959,0.10288450757200218,M1n te+te + log(NumOddsMvt),NW
1.4934673719556268,0.3021497166173496,5.94949494949495,0.10288450757200218,M1n te+te + log(NumOddsMvt),NW
1.4724629476742308,0.28907077417401617,6.939393939393939,0.10288450757200218,M1n te+te + log(NumOddsMvt),NW
1.4512505215668041,0.2788587347700711,7.929292929292929,0.10288450757200218,M1n te+te + log(NumOddsMvt),NW
1.4298003253299914,0.2715108362488356,8.919191919191919,0.10288450757200218,M1n te+te + log(NumOddsMvt),NW
1.408082590660438,0.2668898483380442,9.909090909090908,0.10288450757200218,M1n te+te + log(NumOddsMvt),NW
1.3860675492547818,0.26472686643816395,10.898989898989898,0.10288450757200218,M1n te+te + log(NumOddsMvt),NW
1.3637254328096702,0.26464366637102615,11.888888888888888,0.10288450757200218,M1n te+te + log(NumOddsMvt),NW
1.3410264730217445,0.2661887131943054,12.878787878787879,0.10288450757200218,M1n te+te + log(NumOddsMvt),NW
1.31794090158765,0.26887731486181743,13.868686868686869,0.10288450757200218,M1n te+te + log(NumOddsMvt),NW
1.2944389502040266,0.27222740831984293,14.85858585858586,0.10288450757200218,M1n te+te + log(NumOddsMvt),NW
1.2704908505675185,0.27578638586444404,15.848484848484848,0.10288450757200218,M1n te+te + log(NumOddsMvt),NW
1.2460668343747696,0.2791484602913275,16.838383838383837,0.10288450757200218,M1n te+te + log(NumOddsMvt),NW
1.221137133322424,0.28196466123921976,17.82828282828283,0.10288450757200218,M1n te+te + log(NumOddsMvt),NW
1.1956719791071229,0.2839485000089927,18.818181818181817,0.10288450757200218,M1n te+te + log(NumOddsMvt),NW
1.1696416034255106,0.28488026630616636,19.80808080808081,0.10288450757200218,M1n te+te + log(NumOddsMvt),NW
1.1430363203299656,0.28463227506818617,20.7979797979798,0.10288450757200218,M1n te+te + log(NumOddsMvt),NW
1.1160007968539885,0.2833012554627288,21.787878787878785,0.10288450757200218,M1n te+te + log(NumOddsMvt),NW
1.0887512727831896,0.28110575234462004,22.77777777777778,0.10288450757200218,M1n te+te + log(NumOddsMvt),NW
1.0615043800426553,0.2782970648517523,23.767676767676768,0.10288450757200218,M1n te+te + log(NumOddsMvt),NW
1.034476750557477,0.27514405557092225,24.757575757575758,0.10288450757200218,M1n te+te + log(NumOddsMvt),NW
1.0078850162527406,0.27191869077371184,25.747474747474747,0.10288450757200218,M1n te+te + log(NumOddsMvt),NW
0.981945809053535,0.2688810498077643,26.737373737373737,0.10288450757200218,M1n te+te + log(NumOddsMvt),NW
0.9568757608849491,0.26626367078012536,27.727272727272727,0.10288450757200218,M1n te+te + log(NumOddsMvt),NW
0.9328915036720697,0.26425590284562767,28.71717171717172,0.10288450757200218,M1n te+te + log(NumOddsMvt),NW
0.9102096693399879,0.2629896809324862,29.707070707070706,0.10288450757200218,M1n te+te + log(NumOddsMvt),NW
0.8890468898137897,0.2625285877901399,30.696969696969695,0.10288450757200218,M1n te+te + log(NumOddsMvt),NW
0.8696197970185653,0.26286197873720596,31.686868686868685,0.10288450757200218,M1n te+te + log(NumOddsMvt),NW
0.8521450228794011,0.2639052411256334,32.676767676767675,0.10288450757200218,M1n te+te + log(NumOddsMvt),NW
0.8368391993213876,0.26550614813809675,33.666666666666664,0.10288450757200218,M1n te+te + log(NumOddsMvt),NW
0.823918958269612,0.26745616771825476,34.65656565656566,0.10288450757200218,M1n te+te + log(NumOddsMvt),NW
0.8136009316491633,0.26950491952588557,35.64646464646465,0.10288450757200218,M1n te+te + log(NumOddsMvt),NW
0.8061017513851296,0.27137592870301563,36.63636363636363,0.10288450757200218,M1n te+te + log(NumOddsMvt),NW
0.8016380494025981,0.272782319709661,37.62626262626262,0.10288450757200218,M1n te+te + log(NumOddsMvt),NW
0.8004264576266596,0.2734418837373983,38.61616161616161,0.10288450757200218,M1n te+te + log(NumOddsMvt),NW
0.8026836079824008,0.27309181192597154,39.60606060606061,0.10288450757200218,M1n te+te + log(NumOddsMvt),NW
0.8086097369735006,0.27151445438481975,40.5959595959596,0.10288450757200218,M1n te+te + log(NumOddsMvt),NW
0.8181480538020901,0.2687047849197119,41.58585858585859,0.10288450757200218,M1n te+te + log(NumOddsMvt),NW
0.8310377457524323,0.2648436004156949,42.57575757575757,0.10288450757200218,M1n te+te + log(NumOddsMvt),NW
0.8470123833393572,0.2601618798161042,43.56565656565656,0.10288450757200218,M1n te+te + log(NumOddsMvt),NW
0.8658055370776953,0.2549240115596023,44.55555555555556,0.10288450757200218,M1n te+te + log(NumOddsMvt),NW
0.8871507774822784,0.24941540687782715,45.54545454545455,0.10288450757200218,M1n te+te + log(NumOddsMvt),NW
0.9107816750679357,0.24392940313269218,46.535353535353536,0.10288450757200218,M1n te+te + log(NumOddsMvt),NW
0.9364318003494987,0.23875230013441867,47.525252525252526,0.10288450757200218,M1n te+te + log(NumOddsMvt),NW
0.9638347238417988,0.2341460686902623,48.51515151515151,0.10288450757200218,M1n te+te + log(NumOddsMvt),NW
0.9927240160596646,0.2303292932141796,49.505050505050505,0.10288450757200218,M1n te+te + log(NumOddsMvt),NW
1.0228332475179283,0.2274581538468263,50.494949494949495,0.10288450757200218,M1n te+te + log(NumOddsMvt),NW
1.0538959887314205,0.22561032610007503,51.48484848484849,0.10288450757200218,M1n te+te + log(NumOddsMvt),NW
1.085645810214971,0.2247749949616011,52.474747474747474,0.10288450757200218,M1n te+te + log(NumOddsMvt),NW
1.1178162824834112,0.22485132621144352,53.46464646464646,0.10288450757200218,M1n te+te + log(NumOddsMvt),NW
1.1501409760515728,0.22565586396080345,54.45454545454545,0.10288450757200218,M1n te+te + log(NumOddsMvt),NW
1.182353461434282,0.22693721569923797,55.44444444444444,0.10288450757200218,M1n te+te + log(NumOddsMvt),NW
1.2141873091463746,0.22839499856564777,56.43434343434344,0.10288450757200218,M1n te+te + log(NumOddsMvt),NW
1.245376089702679,0.22969985714599728,57.42424242424242,0.10288450757200218,M1n te+te + log(NumOddsMvt),NW
1.2756533736180269,0.23051225125210956,58.414141414141405,0.10288450757200218,M1n te+te + log(NumOddsMvt),NW
1.304752731407247,0.23049908965503343,59.4040404040404,0.10288450757200218,M1n te+te + log(NumOddsMvt),NW
1.3324099714851336,0.22935161270435084,60.39393939393939,0.10288450757200218,M1n te+te + log(NumOddsMvt),NW
1.3584539341570585,0.22692274133961166,61.38383838383839,0.10288450757200218,M1n te+te + log(NumOddsMvt),NW
1.3828379226172172,0.2232892241913339,62.37373737373737,0.10288450757200218,M1n te+te + log(NumOddsMvt),NW
1.4055239315792092,0.21859507021918057,63.36363636363637,0.10288450757200218,M1n te+te + log(NumOddsMvt),NW
1.4264739557566326,0.21302807680227237,64.35353535353535,0.10288450757200218,M1n te+te + log(NumOddsMvt),NW
1.4456499898630835,0.20681064722099457,65.34343434343434,0.10288450757200218,M1n te+te + log(NumOddsMvt),NW
1.4630140286121651,0.20019205275147645,66.33333333333333,0.10288450757200218,M1n te+te + log(NumOddsMvt),NW
1.4785280667174712,0.1934405653129434,67.32323232323232,0.10288450757200218,M1n te+te + log(NumOddsMvt),NW
1.4921540988926023,0.18683392403014698,68.31313131313131,0.10288450757200218,M1n te+te + log(NumOddsMvt),NW
1.503854119851156,0.18064672769984413,69.3030303030303,0.10288450757200218,M1n te+te + log(NumOddsMvt),NW
1.5135901243067307,0.17513383013551057,70.2929292929293,0.10288450757200218,M1n te+te + log(NumOddsMvt),NW
1.521324106972926,0.17050993243996085,71.28282828282828,0.10288450757200218,M1n te+te + log(NumOddsMvt),NW
1.5270180625633374,0.16692736535442104,72.27272727272727,0.10288450757200218,M1n te+te + log(NumOddsMvt),NW
1.5306339857915667,0.16445603437600437,73.26262626262626,0.10288450757200218,M1n te+te + log(NumOddsMvt),NW
1.5321338713712094,0.16307054098858628,74.25252525252525,0.10288450757200218,M1n te+te + log(NumOddsMvt),NW
1.5314797140158645,0.16264847671728777,75.24242424242425,0.10288450757200218,M1n te+te + log(NumOddsMvt),NW
1.5286335084391305,0.1629807899416768,76.23232323232322,0.10288450757200218,M1n te+te + log(NumOddsMvt),NW
1.5235572493546057,0.16379146024829153,77.22222222222221,0.10288450757200218,M1n te+te + log(NumOddsMvt),NW
1.5162129314758896,0.16476149700239634,78.2121212121212,0.10288450757200218,M1n te+te + log(NumOddsMvt),NW
1.5065625495165782,0.16555243707091108,79.2020202020202,0.10288450757200218,M1n te+te + log(NumOddsMvt),NW
1.4945682741054527,0.16582661792628042,80.1919191919192,0.10288450757200218,M1n te+te + log(NumOddsMvt),NW
1.4802351912604932,0.16531482597411862,81.18181818181817,0.10288450757200218,M1n te+te + log(NumOddsMvt),NW
1.4636670568629717,0.16391162374154902,82.17171717171718,0.10288450757200218,M1n te+te + log(NumOddsMvt),NW
1.4449814420627287,0.16158898596425292,83.16161616161615,0.10288450757200218,M1n te+te + log(NumOddsMvt),NW
1.4242959180096053,0.1583706882208222,84.15151515151514,0.10288450757200218,M1n te+te + log(NumOddsMvt),NW
1.4017280558534375,0.1543254067120859,85.14141414141415,0.10288450757200218,M1n te+te + log(NumOddsMvt),NW
1.377395426744068,0.1495635736308177,86.13131313131312,0.10288450757200218,M1n te+te + log(NumOddsMvt),NW
1.3514156018313357,0.1442374602914507,87.12121212121212,0.10288450757200218,M1n te+te + log(NumOddsMvt),NW
1.3239061522650784,0.13854395465492753,88.1111111111111,0.10288450757200218,M1n te+te + log(NumOddsMvt),NW
1.2949846491951376,0.13272918660277538,89.1010101010101,0.10288450757200218,M1n te+te + log(NumOddsMvt),NW
1.2647686637713522,0.12709326612172098,90.0909090909091,0.10288450757200218,M1n te+te + log(NumOddsMvt),NW
1.2333757671435601,0.12199166671604039,91.08080808080807,0.10288450757200218,M1n te+te + log(NumOddsMvt),NW
1.2009235304616028,0.11782731634198616,92.07070707070707,0.10288450757200218,M1n te+te + log(NumOddsMvt),NW
1.1675295248753192,0.1150256598541366,93.06060606060605,0.10288450757200218,M1n te+te + log(NumOddsMvt),NW
1.1333113215345474,0.1139874411347856,94.05050505050505,0.10288450757200218,M1n te+te + log(NumOddsMvt),NW
1.0983864915891286,0.11502469048264913,95.04040404040404,0.10288450757200218,M1n te+te + log(NumOddsMvt),NW
1.0628726061889033,0.11830149327176573,96.03030303030302,0.10288450757200218,M1n te+te + log(NumOddsMvt),NW
1.0268872364837074,0.12380780792870046,97.02020202020202,0.10288450757200218,M1n te+te + log(NumOddsMvt),NW
0.9905479536233827,0.13137914558272287,98.010101010101,0.10288450757200218,M1n te+te + log(NumOddsMvt),NW
0.9539723287577702,0.1407483107511896,99.0,0.10288450757200218,M1n te+te + log(NumOddsMvt),NW
0.9176100942498296,0.22997240675458058,1.0,0.5720944127322534,M1n te+te + log(NumOddsMvt),NW
0.9550694298774168,0.21343507513977317,1.9898989898989898,0.5720944127322534,M1n te+te + log(NumOddsMvt),NW
0.992173557280099,0.19827062647816004,2.9797979797979797,0.5720944127322534,M1n te+te + log(NumOddsMvt),NW
1.028743742669479,0.1847788973364661,3.9696969696969697,0.5720944127322534,M1n te+te + log(NumOddsMvt),NW
1.0646012522571686,0.17325918465517764,4.959595959595959,0.5720944127322534,M1n te+te + log(NumOddsMvt),NW
1.0995673522547729,0.1639793299381017,5.94949494949495,0.5720944127322534,M1n te+te + log(NumOddsMvt),NW
1.1334633088739,0.1571320042057073,6.939393939393939,0.5720944127322534,M1n te+te + log(NumOddsMvt),NW
1.1661103883261554,0.15278722471236725,7.929292929292929,0.5720944127322534,M1n te+te + log(NumOddsMvt),NW
1.1973298568231472,0.15085853248168987,8.919191919191919,0.5720944127322534,M1n te+te + log(NumOddsMvt),NW
1.2269429805764847,0.15110008572275596,9.909090909090908,0.5720944127322534,M1n te+te + log(NumOddsMvt),NW
1.2547710257977713,0.15313883314231844,10.898989898989898,0.5720944127322534,M1n te+te + log(NumOddsMvt),NW
1.2806352586986174,0.1565285636894526,11.888888888888888,0.5720944127322534,M1n te+te + log(NumOddsMvt),NW
1.3043569454906292,0.16080506921295473,12.878787878787879,0.5720944127322534,M1n te+te + log(NumOddsMvt),NW
1.325757352385413,0.16552747317660735,13.868686868686869,0.5720944127322534,M1n te+te + log(NumOddsMvt),NW
1.3446577455945765,0.17030168277537727,14.85858585858586,0.5720944127322534,M1n te+te + log(NumOddsMvt),NW
1.3608793913297272,0.17478949740490213,15.848484848484848,0.5720944127322534,M1n te+te + log(NumOddsMvt),NW
1.3742435558024728,0.17870921186928984,16.838383838383837,0.5720944127322534,M1n te+te + log(NumOddsMvt),NW
1.3845715052244199,0.1818327174033202,17.82828282828283,0.5720944127322534,M1n te+te + log(NumOddsMvt),NW
1.3916845058071747,0.1839824559143341,18.818181818181817,0.5720944127322534,M1n te+te + log(NumOddsMvt),NW
1.3954038237623476,0.1850302817693489,19.80808080808081,0.5720944127322534,M1n te+te + log(NumOddsMvt),NW
1.3955908193830882,0.184916040180113,20.7979797979798,0.5720944127322534,M1n te+te + log(NumOddsMvt),NW
1.392415016063225,0.18375657922802394,21.787878787878785,0.5720944127322534,M1n te+te + log(NumOddsMvt),NW
1.3861888309784347,0.1817614020503586,22.77777777777778,0.5720944127322534,M1n te+te + log(NumOddsMvt),NW
1.3772254642041921,0.17916227528623602,23.767676767676768,0.5720944127322534,M1n te+te + log(NumOddsMvt),NW
1.3658381158159747,0.17620411699750477,24.757575757575758,0.5720944127322534,M1n te+te + log(NumOddsMvt),NW
1.3523399858892586,0.17313558341895371,25.747474747474747,0.5720944127322534,M1n te+te + log(NumOddsMvt),NW
1.337044274499519,0.17019799853802237,26.737373737373737,0.5720944127322534,M1n te+te + log(NumOddsMvt),NW
1.320264181722234,0.16761221987690797,27.727272727272727,0.5720944127322534,M1n te+te + log(NumOddsMvt),NW
1.302312907632877,0.16556390904236165,28.71717171717172,0.5720944127322534,M1n te+te + log(NumOddsMvt),NW
1.2835036523069279,0.16418873142277604,29.707070707070706,0.5720944127322534,M1n te+te + log(NumOddsMvt),NW
1.2641496158198593,0.16355990761288353,30.696969696969695,0.5720944127322534,M1n te+te + log(NumOddsMvt),NW
1.244563998247152,0.16368077450784407,31.686868686868685,0.5720944127322534,M1n te+te + log(NumOddsMvt),NW
1.2250599996642777,0.16448424077477172,32.676767676767675,0.5720944127322534,M1n te+te + log(NumOddsMvt),NW
1.2059508201467162,0.1658394124464377,33.666666666666664,0.5720944127322534,M1n te+te + log(NumOddsMvt),NW
1.187549659769942,0.16756392976133935,34.65656565656566,0.5720944127322534,M1n te+te + log(NumOddsMvt),NW
1.1701697186094324,0.16943950011123815,35.64646464646465,0.5720944127322534,M1n te+te + log(NumOddsMvt),NW
1.154124196740663,0.17122810045326498,36.63636363636363,0.5720944127322534,M1n te+te + log(NumOddsMvt),NW
1.13972629423911,0.17268714288021086,37.62626262626262,0.5720944127322534,M1n te+te + log(NumOddsMvt),NW
1.1272892111802502,0.17358305042603023,38.61616161616161,0.5720944127322534,M1n te+te + log(NumOddsMvt),NW
1.1171261476395598,0.17370377309162904,39.60606060606061,0.5720944127322534,M1n te+te + log(NumOddsMvt),NW
1.1095314340605151,0.1728799034792117,40.5959595959596,0.5720944127322534,M1n te+te + log(NumOddsMvt),NW
1.1045035859469994,0.17111935226838876,41.58585858585859,0.5720944127322534,M1n te+te + log(NumOddsMvt),NW
1.1018063082168317,0.1685833447908561,42.57575757575757,0.5720944127322534,M1n te+te + log(NumOddsMvt),NW
1.1011968413994155,0.16547593690674028,43.56565656565656,0.5720944127322534,M1n te+te + log(NumOddsMvt),NW
1.1024324260241574,0.16203009598921056,44.55555555555556,0.5720944127322534,M1n te+te + log(NumOddsMvt),NW
1.1052703026204649,0.15849680390870516,45.54545454545455,0.5720944127322534,M1n te+te + log(NumOddsMvt),NW
1.1094677117177396,0.15513253809858973,46.535353535353536,0.5720944127322534,M1n te+te + log(NumOddsMvt),NW
1.1147818938453897,0.15218389084415415,47.525252525252526,0.5720944127322534,M1n te+te + log(NumOddsMvt),NW
1.1209700895328216,0.14986913408136082,48.51515151515151,0.5720944127322534,M1n te+te + log(NumOddsMvt),NW
1.127789539309436,0.14835812092365344,49.505050505050505,0.5720944127322534,M1n te+te + log(NumOddsMvt),NW
1.1349974837046424,0.1477536611465289,50.494949494949495,0.5720944127322534,M1n te+te + log(NumOddsMvt),NW
1.1423511632478454,0.1480785225886944,51.48484848484849,0.5720944127322534,M1n te+te + log(NumOddsMvt),NW
1.1496078184684486,0.149271563635726,52.474747474747474,0.5720944127322534,M1n te+te + log(NumOddsMvt),NW
1.1565246898958605,0.15119410114768542,53.46464646464646,0.5720944127322534,M1n te+te + log(NumOddsMvt),NW
1.1628590180594838,0.1536446035062651,54.45454545454545,0.5720944127322534,M1n te+te + log(NumOddsMvt),NW
1.1683680434887262,0.15637779175105737,55.44444444444444,0.5720944127322534,M1n te+te + log(NumOddsMvt),NW
1.172809006712991,0.1591240821488323,56.43434343434344,0.5720944127322534,M1n te+te + log(NumOddsMvt),NW
1.175939148261685,0.16160662401472564,57.42424242424242,0.5720944127322534,M1n te+te + log(NumOddsMvt),NW
1.1775157086642125,0.1635549721814404,58.414141414141405,0.5720944127322534,M1n te+te + log(NumOddsMvt),NW
1.17729592844998,0.16471590377247042,59.4040404040404,0.5720944127322534,M1n te+te + log(NumOddsMvt),NW
1.1750413314449084,0.16486528320579028,60.39393939393939,0.5720944127322534,M1n te+te + log(NumOddsMvt),NW
1.1706915026838622,0.16391850536020597,61.38383838383839,0.5720944127322534,M1n te+te + log(NumOddsMvt),NW
1.1644242467231534,0.16197405740731238,62.37373737373737,0.5720944127322534,M1n te+te + log(NumOddsMvt),NW
1.1564340035162965,0.15918035025107174,63.36363636363637,0.5720944127322534,M1n te+te + log(NumOddsMvt),NW
1.1469152130168048,0.15571700994074603,64.35353535353535,0.5720944127322534,M1n te+te + log(NumOddsMvt),NW
1.1360623151781923,0.1517877619048445,65.34343434343434,0.5720944127322534,M1n te+te + log(NumOddsMvt),NW
1.1240697499539722,0.14761386607166965,66.33333333333333,0.5720944127322534,M1n te+te + log(NumOddsMvt),NW
1.1111319572976595,0.1434266312524661,67.32323232323232,0.5720944127322534,M1n te+te + log(NumOddsMvt),NW
1.097443377162766,0.13945770170713523,68.31313131313131,0.5720944127322534,M1n te+te + log(NumOddsMvt),NW
1.0831984495028073,0.13592619655263194,69.3030303030303,0.5720944127322534,M1n te+te + log(NumOddsMvt),NW
1.0685916142712948,0.13302264619773557,70.2929292929293,0.5720944127322534,M1n te+te + log(NumOddsMvt),NW
1.0538173114217435,0.13089109708542465,71.28282828282828,0.5720944127322534,M1n te+te + log(NumOddsMvt),NW
1.039069980907666,0.12961240197564936,72.27272727272727,0.5720944127322534,M1n te+te + log(NumOddsMvt),NW
1.024544062682577,0.12919270757572757,73.26262626262626,0.5720944127322534,M1n te+te + log(NumOddsMvt),NW
1.0104339966999905,0.12956054637709968,74.25252525252525,0.5720944127322534,M1n te+te + log(NumOddsMvt),NW
0.9969342229134177,0.13057359651375183,75.24242424242425,0.5720944127322534,M1n te+te + log(NumOddsMvt),NW
0.9842391812763754,0.13203320948604133,76.23232323232322,0.5720944127322534,M1n te+te + log(NumOddsMvt),NW
0.9725433117423744,0.13370285577441768,77.22222222222221,0.5720944127322534,M1n te+te + log(NumOddsMvt),NW
0.962041054264931,0.13532655704080235,78.2121212121212,0.5720944127322534,M1n te+te + log(NumOddsMvt),NW
0.9529268487975557,0.1366447472764919,79.2020202020202,0.5720944127322534,M1n te+te + log(NumOddsMvt),NW
0.9453948180255116,0.13740697653229342,80.1919191919192,0.5720944127322534,M1n te+te + log(NumOddsMvt),NW
0.939561685455009,0.13742574257824666,81.18181818181817,0.5720944127322534,M1n te+te + log(NumOddsMvt),NW
0.9353662205632272,0.13665119933576172,82.17171717171718,0.5720944127322534,M1n te+te + log(NumOddsMvt),NW
0.9327222765801656,0.1350928837724134,83.16161616161615,0.5720944127322534,M1n te+te + log(NumOddsMvt),NW
0.9315437067358215,0.13279912266692473,84.15151515151514,0.5720944127322534,M1n te+te + log(NumOddsMvt),NW
0.9317443642601919,0.12985263919496348,85.14141414141415,0.5720944127322534,M1n te+te + log(NumOddsMvt),NW
0.9332381023832754,0.12636892466422306,86.13131313131312,0.5720944127322534,M1n te+te + log(NumOddsMvt),NW
0.9359387743350673,0.1224967369673236,87.12121212121212,0.5720944127322534,M1n te+te + log(NumOddsMvt),NW
0.9397602333455662,0.11841998874068156,88.1111111111111,0.5720944127322534,M1n te+te + log(NumOddsMvt),NW
0.9446163326447712,0.11435988324461151,89.1010101010101,0.5720944127322534,M1n te+te + log(NumOddsMvt),NW
0.9504209254626766,0.11057534495372655,90.0909090909091,0.5720944127322534,M1n te+te + log(NumOddsMvt),NW
0.9570878650292804,0.10735863983541429,91.08080808080807,0.5720944127322534,M1n te+te + log(NumOddsMvt),NW
0.9645310045745829,0.10502215171516781,92.07070707070707,0.5720944127322534,M1n te+te + log(NumOddsMvt),NW
0.9726641973285782,0.10387299007533062,93.06060606060605,0.5720944127322534,M1n te+te + log(NumOddsMvt),NW
0.981401296521265,0.10417626694574864,94.05050505050505,0.5720944127322534,M1n te+te + log(NumOddsMvt),NW
0.9906561553826416,0.10611540644509801,95.04040404040404,0.5720944127322534,M1n te+te + log(NumOddsMvt),NW
1.0003426271427034,0.10976398764511112,96.03030303030302,0.5720944127322534,M1n te+te + log(NumOddsMvt),NW
1.0103745650314495,0.11508129133277513,97.02020202020202,0.5720944127322534,M1n te+te + log(NumOddsMvt),NW
1.020665822278877,0.12193225293555388,98.010101010101,0.5720944127322534,M1n te+te + log(NumOddsMvt),NW
1.031130252114983,0.1301209785426492,99.0,0.5720944127322534,M1n te+te + log(NumOddsMvt),NW
1.1998879233338113,0.22037475330073758,1.0,0.8976688011592189,M1n te+te + log(NumOddsMvt),NW
1.2219489782092194,0.20456480027253057,1.9898989898989898,0.8976688011592189,M1n te+te + log(NumOddsMvt),NW
1.2436030968437817,0.19008792820614476,2.9797979797979797,0.8976688011592189,M1n te+te + log(NumOddsMvt),NW
1.264645516929467,0.17723353165019334,3.9696969696969697,0.8976688011592189,M1n te+te + log(NumOddsMvt),NW
1.2848714761582583,0.16628932795629886,4.959595959595959,0.8976688011592189,M1n te+te + log(NumOddsMvt),NW
1.3040762122221268,0.15751088688506665,5.94949494949495,0.8976688011592189,M1n te+te + log(NumOddsMvt),NW
1.3220549628130505,0.15107909038405404,6.939393939393939,0.8976688011592189,M1n te+te + log(NumOddsMvt),NW
1.3386029656230019,0.1470547012885677,7.929292929292929,0.8976688011592189,M1n te+te + log(NumOddsMvt),NW
1.3535154583439584,0.14534706353847365,8.919191919191919,0.8976688011592189,M1n te+te + log(NumOddsMvt),NW
1.3665876786678977,0.14571312740210546,9.909090909090908,0.8976688011592189,M1n te+te + log(NumOddsMvt),NW
1.3776148642867905,0.14778987969212276,10.898989898989898,0.8976688011592189,M1n te+te + log(NumOddsMvt),NW
1.3863922528926163,0.1511467858631493,11.888888888888888,0.8976688011592189,M1n te+te + log(NumOddsMvt),NW
1.3927150821773495,0.15533832644297696,12.878787878787879,0.8976688011592189,M1n te+te + log(NumOddsMvt),NW
1.3963785898329666,0.15994280075954825,13.868686868686869,0.8976688011592189,M1n te+te + log(NumOddsMvt),NW
1.3971780135514402,0.16458401491718033,14.85858585858586,0.8976688011592189,M1n te+te + log(NumOddsMvt),NW
1.394908591024749,0.16893946598022103,15.848484848484848,0.8976688011592189,M1n te+te + log(NumOddsMvt),NW
1.3893655599448673,0.1727406259290656,16.838383838383837,0.8976688011592189,M1n te+te + log(NumOddsMvt),NW
1.3803441580037705,0.17577004168021673,17.82828282828283,0.8976688011592189,M1n te+te + log(NumOddsMvt),NW
1.367639622893434,0.17785838502872287,18.818181818181817,0.8976688011592189,M1n te+te + log(NumOddsMvt),NW
1.3510471923058356,0.17888336270147792,19.80808080808081,0.8976688011592189,M1n te+te + log(NumOddsMvt),NW
1.3304181464146259,0.1787875464563108,20.7979797979798,0.8976688011592189,M1n te+te + log(NumOddsMvt),NW
1.306034507893543,0.1776830281944665,21.787878787878785,0.8976688011592189,M1n te+te + log(NumOddsMvt),NW
1.2783780326897234,0.17577049536686587,22.77777777777778,0.8976688011592189,M1n te+te + log(NumOddsMvt),NW
1.2479315710676213,0.17327173033799861,23.767676767676768,0.8976688011592189,M1n te+te + log(NumOddsMvt),NW
1.2151779732916899,0.17042095058856682,24.757575757575758,0.8976688011592189,M1n te+te + log(NumOddsMvt),NW
1.180600089626384,0.16745588918615986,25.747474747474747,0.8976688011592189,M1n te+te + log(NumOddsMvt),NW
1.1446807703361568,0.16460733024876167,26.737373737373737,0.8976688011592189,M1n te+te + log(NumOddsMvt),NW
1.1079028656854641,0.1620867091355199,27.727272727272727,0.8976688011592189,M1n te+te + log(NumOddsMvt),NW
1.0707492259387572,0.1600722012396778,28.71717171717172,0.8976688011592189,M1n te+te + log(NumOddsMvt),NW
1.033702701360495,0.15869470788390055,29.707070707070706,0.8976688011592189,M1n te+te + log(NumOddsMvt),NW
0.9972461422151273,0.1580259951033475,30.696969696969695,0.8976688011592189,M1n te+te + log(NumOddsMvt),NW
0.9618623987671098,0.1580714845244044,31.686868686868685,0.8976688011592189,M1n te+te + log(NumOddsMvt),NW
0.9280343212808965,0.15876950535910184,32.676767676767675,0.8976688011592189,M1n te+te + log(NumOddsMvt),NW
0.8962447600209419,0.15999733393940502,33.666666666666664,0.8976688011592189,M1n te+te + log(NumOddsMvt),NW
0.8669765652516996,0.16158271667328014,34.65656565656566,0.8976688011592189,M1n te+te + log(NumOddsMvt),NW
0.8407125872376247,0.16331854650384056,35.64646464646465,0.8976688011592189,M1n te+te + log(NumOddsMvt),NW
0.8179356762431705,0.16497830713247405,36.63636363636363,0.8976688011592189,M1n te+te + log(NumOddsMvt),NW
0.79912868253279,0.166330639540752,37.62626262626262,0.8976688011592189,M1n te+te + log(NumOddsMvt),NW
0.7847744563709405,0.16715246489161717,38.61616161616161,0.8976688011592189,M1n te+te + log(NumOddsMvt),NW
0.7753558480220729,0.16724113234013405,39.60606060606061,0.8976688011592189,M1n te+te + log(NumOddsMvt),NW
0.7713224571203425,0.16643478406658813,40.5959595959596,0.8976688011592189,M1n te+te + log(NumOddsMvt),NW
0.7726026207127936,0.16474105530013836,41.58585858585859,0.8976688011592189,M1n te+te + log(NumOddsMvt),NW
0.778710910491213,0.162314212504584,42.57575757575757,0.8976688011592189,M1n te+te + log(NumOddsMvt),NW
0.7891505070938007,0.15934959378115238,43.56565656565656,0.8976688011592189,M1n te+te + log(NumOddsMvt),NW
0.803424591158758,0.1560701371360315,44.55555555555556,0.8976688011592189,M1n te+te + log(NumOddsMvt),NW
0.821036343324286,0.15271577027522978,45.54545454545455,0.8976688011592189,M1n te+te + log(NumOddsMvt),NW
0.8414889442285847,0.14953124681788527,46.535353535353536,0.8976688011592189,M1n te+te + log(NumOddsMvt),NW
0.8642855745098554,0.14675128250556238,47.525252525252526,0.8976688011592189,M1n te+te + log(NumOddsMvt),NW
0.8889294148062984,0.14458286434283465,48.51515151515151,0.8976688011592189,M1n te+te + log(NumOddsMvt),NW
0.9149236457561128,0.14318611822091434,49.505050505050505,0.8976688011592189,M1n te+te + log(NumOddsMvt),NW
0.9417714479975025,0.14265675113234552,50.494949494949495,0.8976688011592189,M1n te+te + log(NumOddsMvt),NW
0.9689760021686653,0.14301398404907054,51.48484848484849,0.8976688011592189,M1n te+te + log(NumOddsMvt),NW
0.9960404889078023,0.14419721175716788,52.474747474747474,0.8976688011592189,M1n te+te + log(NumOddsMvt),NW
1.0224680888531161,0.14607232739124892,53.46464646464646,0.8976688011592189,M1n te+te + log(NumOddsMvt),NW
1.047761982642805,0.1484458310834378,54.45454545454545,0.8976688011592189,M1n te+te + log(NumOddsMvt),NW
1.0714253509150715,0.15108300876014688,55.44444444444444,0.8976688011592189,M1n te+te + log(NumOddsMvt),NW
1.092961374308113,0.15372637444346796,56.43434343434344,0.8976688011592189,M1n te+te + log(NumOddsMvt),NW
1.1118732334601342,0.15611183035790718,57.42424242424242,0.8976688011592189,M1n te+te + log(NumOddsMvt),NW
1.1276641090093336,0.15798167522122858,58.414141414141405,0.8976688011592189,M1n te+te + log(NumOddsMvt),NW
1.1398371815939123,0.1590949659495745,59.4040404040404,0.8976688011592189,M1n te+te + log(NumOddsMvt),NW
1.1479037118189528,0.1592389753793781,60.39393939393939,0.8976688011592189,M1n te+te + log(NumOddsMvt),NW
1.1517108531388256,0.15833520894471995,61.38383838383839,0.8976688011592189,M1n te+te + log(NumOddsMvt),NW
1.1515551338846186,0.15648091101058242,62.37373737373737,0.8976688011592189,M1n te+te + log(NumOddsMvt),NW
1.1477644632311095,0.15382113141178366,63.36363636363637,0.8976688011592189,M1n te+te + log(NumOddsMvt),NW
1.1406667503530712,0.15053071713296853,64.35353535353535,0.8976688011592189,M1n te+te + log(NumOddsMvt),NW
1.13058990442528,0.14680735000680262,65.34343434343434,0.8976688011592189,M1n te+te + log(NumOddsMvt),NW
1.1178618346225127,0.142865022802197,66.33333333333333,0.8976688011592189,M1n te+te + log(NumOddsMvt),NW
1.1028104501195424,0.13892654433502166,67.32323232323232,0.8976688011592189,M1n te+te + log(NumOddsMvt),NW
1.0857636600911436,0.135213851741411,68.31313131313131,0.8976688011592189,M1n te+te + log(NumOddsMvt),NW
1.067049373712094,0.13193532950188963,69.3030303030303,0.8976688011592189,M1n te+te + log(NumOddsMvt),NW
1.046995500157168,0.12927021683235326,70.2929292929293,0.8976688011592189,M1n te+te + log(NumOddsMvt),NW
1.0259299486011413,0.12735157137955366,71.28282828282828,0.8976688011592189,M1n te+te + log(NumOddsMvt),NW
1.004180628218788,0.1262507676236241,72.27272727272727,0.8976688011592189,M1n te+te + log(NumOddsMvt),NW
0.9820754481848838,0.12596730115398455,73.26262626262626,0.8976688011592189,M1n te+te + log(NumOddsMvt),NW
0.9599423176742053,0.12642691693164693,74.25252525252525,0.8976688011592189,M1n te+te + log(NumOddsMvt),NW
0.9381091458615258,0.127488778029177,75.24242424242425,0.8976688011592189,M1n te+te + log(NumOddsMvt),NW
0.916903841921622,0.1289596676850045,76.23232323232322,0.8976688011592189,M1n te+te + log(NumOddsMvt),NW
0.8966543150292674,0.13061155259241056,77.22222222222221,0.8976688011592189,M1n te+te + log(NumOddsMvt),NW
0.8776884743592402,0.1321989053630562,78.2121212121212,0.8976688011592189,M1n te+te + log(NumOddsMvt),NW
0.8603342290863123,0.13347352625411477,79.2020202020202,0.8976688011592189,M1n te+te + log(NumOddsMvt),NW
0.844918994157275,0.134196435760765,80.1919191919192,0.8976688011592189,M1n te+te + log(NumOddsMvt),NW
0.8316496151269339,0.1341898813712569,81.18181818181817,0.8976688011592189,M1n te+te + log(NumOddsMvt),NW
0.8204557277741703,0.13340946379302235,82.17171717171718,0.8976688011592189,M1n te+te + log(NumOddsMvt),NW
0.8112281543295801,0.13186791022378286,83.16161616161615,0.8976688011592189,M1n te+te + log(NumOddsMvt),NW
0.8038577170237569,0.1296153051027845,84.15151515151514,0.8976688011592189,M1n te+te + log(NumOddsMvt),NW
0.7982352380872956,0.12673503822932028,85.14141414141415,0.8976688011592189,M1n te+te + log(NumOddsMvt),NW
0.7942515397507892,0.12334238531806851,86.13131313131312,0.8976688011592189,M1n te+te + log(NumOddsMvt),NW
0.7917974442448343,0.11958509106356625,87.12121212121212,0.8976688011592189,M1n te+te + log(NumOddsMvt),NW
0.7907637738000217,0.11564520902072938,88.1111111111111,0.8976688011592189,M1n te+te + log(NumOddsMvt),NW
0.7910413506469519,0.1117410330999415,89.1010101010101,0.8976688011592189,M1n te+te + log(NumOddsMvt),NW
0.7925209970162128,0.10812714709149844,90.0909090909091,0.8976688011592189,M1n te+te + log(NumOddsMvt),NW
0.7950935351384004,0.10508951678320656,91.08080808080807,0.8976688011592189,M1n te+te + log(NumOddsMvt),NW
0.7986497872441122,0.10293175784200588,92.07070707070707,0.8976688011592189,M1n te+te + log(NumOddsMvt),NW
0.8030805755639396,0.10194963929844165,93.06060606060605,0.8976688011592189,M1n te+te + log(NumOddsMvt),NW
0.8082767223284786,0.10239518004862935,94.05050505050505,0.8976688011592189,M1n te+te + log(NumOddsMvt),NW
0.8141290497683227,0.10443894964794107,95.04040404040404,0.8976688011592189,M1n te+te + log(NumOddsMvt),NW
0.8205283801140648,0.10814453804849267,96.03030303030302,0.8976688011592189,M1n te+te + log(NumOddsMvt),NW
0.8273655355963029,0.1134661356194524,97.02020202020202,0.8976688011592189,M1n te+te + log(NumOddsMvt),NW
0.8345313384456277,0.12026893651788202,98.010101010101,0.8976688011592189,M1n te+te + log(NumOddsMvt),NW
0.841916610892637,0.1283615741362046,99.0,0.8976688011592189,M1n te+te + log(NumOddsMvt),NW
1.2487505681112145,0.6726165170513246,1.0,-0.7008064774239704,M1t te+te + TsDur,DW
1.2351134583099357,0.625897698824901,1.9898989898989898,-0.7008064774239704,M1t te+te + TsDur,DW
1.2210605751707642,0.5819328874599232,2.9797979797979797,-0.7008064774239704,M1t te+te + TsDur,DW
1.2063827097323656,0.5413376263112983,3.9696969696969697,-0.7008064774239704,M1t te+te + TsDur,DW
1.1908706530333895,0.5047505330441778,4.959595959595959,-0.7008064774239704,M1t te+te + TsDur,DW
1.1743151961124922,0.4727989960750283,5.94949494949495,-0.7008064774239704,M1t te+te + TsDur,DW
1.156507130008333,0.4460417332453554,6.939393939393939,-0.7008064774239704,M1t te+te + TsDur,DW
1.137237245759567,0.42488890569476057,7.929292929292929,-0.7008064774239704,M1t te+te + TsDur,DW
1.116296334404852,0.4095126543846063,8.919191919191919,-0.7008064774239704,M1t te+te + TsDur,DW
1.0934751869828383,0.3997747994563865,9.909090909090908,-0.7008064774239704,M1t te+te + TsDur,DW
1.06856459453219,0.39520268879448217,10.898989898989898,-0.7008064774239704,M1t te+te + TsDur,DW
1.0413553480915596,0.3950294006591332,11.888888888888888,-0.7008064774239704,M1t te+te + TsDur,DW
1.0116382386996037,0.3982867184306188,12.878787878787879,-0.7008064774239704,M1t te+te + TsDur,DW
0.9792040573949774,0.4039183919466534,13.868686868686869,-0.7008064774239704,M1t te+te + TsDur,DW
0.9438435952163381,0.41088090075447325,14.85858585858586,-0.7008064774239704,M1t te+te + TsDur,DW
0.9053476432023454,0.4182142202999562,15.848484848484848,-0.7008064774239704,M1t te+te + TsDur,DW
0.8635069923916503,0.425081809879812,16.838383838383837,-0.7008064774239704,M1t te+te + TsDur,DW
0.8181124338229112,0.43078850884221453,17.82828282828283,-0.7008064774239704,M1t te+te + TsDur,DW
0.7689547585347832,0.43478716720344235,18.818181818181817,-0.7008064774239704,M1t te+te + TsDur,DW
0.715824757565925,0.4366832608868278,19.80808080808081,-0.7008064774239704,M1t te+te + TsDur,DW
0.6586022191689452,0.43628322695343885,20.7979797979798,-0.7008064774239704,M1t te+te + TsDur,DW
0.597850964160527,0.43385180861286066,21.787878787878785,-0.7008064774239704,M1t te+te + TsDur,DW
0.5344519960433143,0.42990202715134385,22.77777777777778,-0.7008064774239704,M1t te+te + TsDur,DW
0.4692880561300817,0.4250163222402575,23.767676767676768,-0.7008064774239704,M1t te+te + TsDur,DW
0.40324188573360176,0.4198129162672128,24.757575757575758,-0.7008064774239704,M1t te+te + TsDur,DW
0.3371962261666525,0.41491085033245906,25.747474747474747,-0.7008064774239704,M1t te+te + TsDur,DW
0.2720338187420066,0.41089073964519357,26.737373737373737,-0.7008064774239704,M1t te+te + TsDur,DW
0.2086374047724397,0.40825188520394495,27.727272727272727,-0.7008064774239704,M1t te+te + TsDur,DW
0.14788972557072894,0.40736962306397245,28.71717171717172,-0.7008064774239704,M1t te+te + TsDur,DW
0.09067352244964508,0.4084594963367358,29.707070707070706,-0.7008064774239704,M1t te+te + TsDur,DW
0.03787153672196834,0.4115555244065668,30.696969696969695,-0.7008064774239704,M1t te+te + TsDur,DW
-0.00963349029953299,0.4165075658737461,31.686868686868685,-0.7008064774239704,M1t te+te + TsDur,DW
-0.05095881730207751,0.42299815336159935,32.676767676767675,-0.7008064774239704,M1t te+te + TsDur,DW
-0.08522170297289366,0.43057437184006325,33.666666666666664,-0.7008064774239704,M1t te+te + TsDur,DW
-0.11153940599920421,0.4386876200996844,34.65656565656566,-0.7008064774239704,M1t te+te + TsDur,DW
-0.12902918506823832,0.4467342954515555,35.64646464646465,-0.7008064774239704,M1t te+te + TsDur,DW
-0.13680829886721727,0.4540927855098895,36.63636363636363,-0.7008064774239704,M1t te+te + TsDur,DW
-0.133994006083368,0.460155166163921,37.62626262626262,-0.7008064774239704,M1t te+te + TsDur,DW
-0.11970356540391258,0.4643545950733799,38.61616161616161,-0.7008064774239704,M1t te+te + TsDur,DW
-0.09305423551608084,0.46619122857689604,39.60606060606061,-0.7008064774239704,M1t te+te + TsDur,DW
-0.05323533712097416,0.4652832671387099,40.5959595959596,-0.7008064774239704,M1t te+te + TsDur,DW
-0.0005658907614062935,0.4617249437603481,41.58585858585859,-0.7008064774239704,M1t te+te + TsDur,DW
0.0637383552133288,0.45600781741424445,42.57575757575757,-0.7008064774239704,M1t te+te + TsDur,DW
0.13843696533509942,0.44871933621651444,43.56565656565656,-0.7008064774239704,M1t te+te + TsDur,DW
0.2222895041357762,0.4405079505859522,44.55555555555556,-0.7008064774239704,M1t te+te + TsDur,DW
0.3140555361472262,0.43205535682872254,45.54545454545455,-0.7008064774239704,M1t te+te + TsDur,DW
0.4124946259013204,0.42404394971884607,46.535353535353536,-0.7008064774239704,M1t te+te + TsDur,DW
0.5163663379299245,0.4171170433658203,47.525252525252526,-0.7008064774239704,M1t te+te + TsDur,DW
0.624430236764912,0.4118322481392841,48.51515151515151,-0.7008064774239704,M1t te+te + TsDur,DW
0.7354458869381477,0.40861227632900676,49.505050505050505,-0.7008064774239704,M1t te+te + TsDur,DW
0.8481728529815035,0.40770127974977166,50.494949494949495,-0.7008064774239704,M1t te+te + TsDur,DW
0.9613706994268449,0.4091364967128491,51.48484848484849,-0.7008064774239704,M1t te+te + TsDur,DW
1.0737989908060468,0.4127426994812258,52.474747474747474,-0.7008064774239704,M1t te+te + TsDur,DW
1.1842172916509706,0.41815098830289693,53.46464646464646,-0.7008064774239704,M1t te+te + TsDur,DW
1.2913851664934919,0.42483671112701826,54.45454545454545,-0.7008064774239704,M1t te+te + TsDur,DW
1.3940621798654762,0.4321671578663148,55.44444444444444,-0.7008064774239704,M1t te+te + TsDur,DW
1.4910078962987918,0.43944972288169676,56.43434343434344,-0.7008064774239704,M1t te+te + TsDur,DW
1.5809818803253075,0.4459744000045238,57.42424242424242,-0.7008064774239704,M1t te+te + TsDur,DW
1.6627436964768973,0.4510485711810869,58.414141414141405,-0.7008064774239704,M1t te+te + TsDur,DW
1.7350529092854252,0.45402543737480106,59.4040404040404,-0.7008064774239704,M1t te+te + TsDur,DW
1.7966880174405329,0.4543361778603321,60.39393939393939,-0.7008064774239704,M1t te+te + TsDur,DW
1.8472146327839816,0.4517823661087057,61.38383838383839,-0.7008064774239704,M1t te+te + TsDur,DW
1.887251407960446,0.4466487282840255,62.37373737373737,-0.7008064774239704,M1t te+te + TsDur,DW
1.9174905317879465,0.43934999726901414,63.36363636363637,-0.7008064774239704,M1t te+te + TsDur,DW
1.9386241930844947,0.43038089521327216,64.35353535353535,-0.7008064774239704,M1t te+te + TsDur,DW
1.9513445806681082,0.4202959622000881,65.34343434343434,-0.7008064774239704,M1t te+te + TsDur,DW
1.9563438833568039,0.4096900822988601,66.33333333333333,-0.7008064774239704,M1t te+te + TsDur,DW
1.9543142899685968,0.39917600951300847,67.32323232323232,-0.7008064774239704,M1t te+te + TsDur,DW
1.945947989321502,0.38935591117626533,68.31313131313131,-0.7008064774239704,M1t te+te + TsDur,DW
1.9319371702335373,0.3807853598210932,69.3030303030303,-0.7008064774239704,M1t te+te + TsDur,DW
1.9129740215227156,0.3739307812422601,70.2929292929293,-0.7008064774239704,M1t te+te + TsDur,DW
1.889750732007057,0.36912498151181056,71.28282828282828,-0.7008064774239704,M1t te+te + TsDur,DW
1.8629594905045774,0.3665288318376298,72.27272727272727,-0.7008064774239704,M1t te+te + TsDur,DW
1.833292485833286,0.36610839469686496,73.26262626262626,-0.7008064774239704,M1t te+te + TsDur,DW
1.801441906811206,0.3676340873993602,74.25252525252525,-0.7008064774239704,M1t te+te + TsDur,DW
1.7680999422563504,0.3707024580338509,75.24242424242425,-0.7008064774239704,M1t te+te + TsDur,DW
1.7339587809867367,0.37477476071923504,76.23232323232322,-0.7008064774239704,M1t te+te + TsDur,DW
1.699710611820378,0.37922305335089956,77.22222222222221,-0.7008064774239704,M1t te+te + TsDur,DW
1.6660476235752941,0.38337518014791966,78.2121212121212,-0.7008064774239704,M1t te+te + TsDur,DW
1.633662005069497,0.3865534354941672,79.2020202020202,-0.7008064774239704,M1t te+te + TsDur,DW
1.6032450207767988,0.3881062216931885,80.1919191919192,-0.7008064774239704,M1t te+te + TsDur,DW
1.5752624367728685,0.38755472605933877,81.18181818181817,-0.7008064774239704,M1t te+te + TsDur,DW
1.5496615595194683,0.3847964097878099,82.17171717171718,-0.7008064774239704,M1t te+te + TsDur,DW
1.5263171033152862,0.37988887853543946,83.16161616161615,-0.7008064774239704,M1t te+te + TsDur,DW
1.5051037824590023,0.3729956216321366,84.15151515151514,-0.7008064774239704,M1t te+te + TsDur,DW
1.4858963112492973,0.3643761637425153,85.14141414141415,-0.7008064774239704,M1t te+te + TsDur,DW
1.4685694039848625,0.35438342150421026,86.13131313131312,-0.7008064774239704,M1t te+te + TsDur,DW
1.4529977749643734,0.343466417169306,87.12121212121212,-0.7008064774239704,M1t te+te + TsDur,DW
1.4390561384865226,0.33217596323799226,88.1111111111111,-0.7008064774239704,M1t te+te + TsDur,DW
1.4266192088499843,0.3211694427947027,89.1010101010101,-0.7008064774239704,M1t te+te + TsDur,DW
1.4155617003534493,0.31120819688651163,90.0909090909091,-0.7008064774239704,M1t te+te + TsDur,DW
1.4057583272956018,0.30313784329329174,91.08080808080807,-0.7008064774239704,M1t te+te + TsDur,DW
1.3970838039751194,0.2978403904915432,92.07070707070707,-0.7008064774239704,M1t te+te + TsDur,DW
1.3894128446906926,0.2961518301998893,93.06060606060605,-0.7008064774239704,M1t te+te + TsDur,DW
1.382620163741,0.2987540088971458,94.05050505050505,-0.7008064774239704,M1t te+te + TsDur,DW
1.3765804754247313,0.3060708338619048,95.04040404040404,-0.7008064774239704,M1t te+te + TsDur,DW
1.371168494040566,0.3182094833421763,96.03030303030302,-0.7008064774239704,M1t te+te + TsDur,DW
1.3662589338871864,0.3349713425592826,97.02020202020202,-0.7008064774239704,M1t te+te + TsDur,DW
1.3617265092632822,0.35592279474380817,98.010101010101,-0.7008064774239704,M1t te+te + TsDur,DW
1.3574459344675327,0.3804908787590107,99.0,-0.7008064774239704,M1t te+te + TsDur,DW
1.3139108176587675,0.6350304479228704,1.0,-0.6017748486752462,M1t te+te + TsDur,DW
1.3054159011385742,0.5911776764196289,1.9898989898989898,-0.6017748486752462,M1t te+te + TsDur,DW
1.2964840410852052,0.5499962227989624,2.9797979797979797,-0.6017748486752462,M1t te+te + TsDur,DW
1.2868953761116753,0.5120750735691233,3.9696969696969697,-0.6017748486752462,M1t te+te + TsDur,DW
1.2764300448309924,0.47802152394633285,4.959595959595959,-0.6017748486752462,M1t te+te + TsDur,DW
1.264868185856175,0.44842601510971414,5.94949494949495,-0.6017748486752462,M1t te+te + TsDur,DW
1.2519899378002246,0.4238049552304886,6.939393939393939,-0.6017748486752462,M1t te+te + TsDur,DW
1.2375754392761589,0.4045234770954418,7.929292929292929,-0.6017748486752462,M1t te+te + TsDur,DW
1.2214048288969894,0.39071200562289504,8.919191919191919,-0.6017748486752462,M1t te+te + TsDur,DW
1.2032582452757246,0.3822028322300166,9.909090909090908,-0.6017748486752462,M1t te+te + TsDur,DW
1.1829158270253763,0.3785147397770933,10.898989898989898,-0.6017748486752462,M1t te+te + TsDur,DW
1.160157712758955,0.37889775496935524,11.888888888888888,-0.6017748486752462,M1t te+te + TsDur,DW
1.1347640410894748,0.3824240965407359,12.878787878787879,-0.6017748486752462,M1t te+te + TsDur,DW
1.106514950629944,0.3880940503625441,13.868686868686869,-0.6017748486752462,M1t te+te + TsDur,DW
1.0751905799933776,0.39492749615209793,14.85858585858586,-0.6017748486752462,M1t te+te + TsDur,DW
1.040571067792781,0.40202674132008714,15.848484848484848,-0.6017748486752462,M1t te+te + TsDur,DW
1.0024365526411727,0.40861123946152367,16.838383838383837,-0.6017748486752462,M1t te+te + TsDur,DW
0.960567173151556,0.41403268456478026,17.82828282828283,-0.6017748486752462,M1t te+te + TsDur,DW
0.9147430679369498,0.4177804291444932,18.818181818181817,-0.6017748486752462,M1t te+te + TsDur,DW
0.8647443756103618,0.4194855594589904,19.80808080808081,-0.6017748486752462,M1t te+te + TsDur,DW
0.8104404038416931,0.41896684121689115,20.7979797979798,-0.6017748486752462,M1t te+te + TsDur,DW
0.7523858136497023,0.4164763201208758,21.787878787878785,-0.6017748486752462,M1t te+te + TsDur,DW
0.6914530611807911,0.41250056615979713,22.77777777777778,-0.6017748486752462,M1t te+te + TsDur,DW
0.6285163437470077,0.4075914825211311,23.767676767676768,-0.6017748486752462,M1t te+te + TsDur,DW
0.5644498586603932,0.4023353989999278,24.757575757575758,-0.6017748486752462,M1t te+te + TsDur,DW
0.5001278032329897,0.3973209475231916,25.747474747474747,-0.6017748486752462,M1t te+te + TsDur,DW
0.43642437477684193,0.39310283017658104,26.737373737373737,-0.6017748486752462,M1t te+te + TsDur,DW
0.3742137706039934,0.3901618676550902,27.727272727272727,-0.6017748486752462,M1t te+te + TsDur,DW
0.31437018802648753,0.3888647199619751,28.71717171717172,-0.6017748486752462,M1t te+te + TsDur,DW
0.2577678243563648,0.3894293025699973,29.707070707070706,-0.6017748486752462,M1t te+te + TsDur,DW
0.2052808769056688,0.3919028124195361,30.696969696969695,-0.6017748486752462,M1t te+te + TsDur,DW
0.15778354298644753,0.39615742942798027,31.686868686868685,-0.6017748486752462,M1t te+te + TsDur,DW
0.11615001991073742,0.4019045741585678,32.676767676767675,-0.6017748486752462,M1t te+te + TsDur,DW
0.08125450499058634,0.40872398707956265,33.666666666666664,-0.6017748486752462,M1t te+te + TsDur,DW
0.053971195538036136,0.416101039939169,34.65656565656566,-0.6017748486752462,M1t te+te + TsDur,DW
0.03517428886512904,0.4234655866545888,35.64646464646465,-0.6017748486752462,M1t te+te + TsDur,DW
0.0257379822839099,0.4302277141864012,36.63636363636363,-0.6017748486752462,M1t te+te + TsDur,DW
0.026536473106419003,0.43580859904150154,37.62626262626262,-0.6017748486752462,M1t te+te + TsDur,DW
0.03844395864470392,0.4396672116679464,38.61616161616161,-0.6017748486752462,M1t te+te + TsDur,DW
0.062334636210805684,0.44132545343188184,39.60606060606061,-0.6017748486752462,M1t te+te + TsDur,DW
0.0990117332797347,0.44041681459104975,40.5959595959596,-0.6017748486752462,M1t te+te + TsDur,DW
0.1481658992934736,0.4370245534289934,41.58585858585859,-0.6017748486752462,M1t te+te + TsDur,DW
0.20860464675596627,0.4316082025226135,42.57575757575757,-0.6017748486752462,M1t te+te + TsDur,DW
0.279111175212004,0.4247191057576977,43.56565656565656,-0.6017748486752462,M1t te+te + TsDur,DW
0.3584686842063683,0.41696707695871005,44.55555555555556,-0.6017748486752462,M1t te+te + TsDur,DW
0.4454603732838453,0.40899387165776213,45.54545454545455,-0.6017748486752462,M1t te+te + TsDur,DW
0.5388694419892177,0.4014422162475876,46.535353535353536,-0.6017748486752462,M1t te+te + TsDur,DW
0.6374790898672743,0.39491809017431134,47.525252525252526,-0.6017748486752462,M1t te+te + TsDur,DW
0.7400725164627973,0.38994663359928555,48.51515151515151,-0.6017748486752462,M1t te+te + TsDur,DW
0.8454329213205738,0.3869257133626169,49.505050505050505,-0.6017748486752462,M1t te+te + TsDur,DW
0.9523435039853879,0.38608477456853885,50.494949494949495,-0.6017748486752462,M1t te+te + TsDur,DW
1.059587464002025,0.3874581610723706,51.48484848484849,-0.6017748486752462,M1t te+te + TsDur,DW
1.1659480009152703,0.39087992284673656,52.474747474747474,-0.6017748486752462,M1t te+te + TsDur,DW
1.2702083142699083,0.39600153804866356,53.46464646464646,-0.6017748486752462,M1t te+te + TsDur,DW
1.371151603610726,0.4023276284346976,54.45454545454545,-0.6017748486752462,M1t te+te + TsDur,DW
1.4675610684825076,0.4092608771918771,55.44444444444444,-0.6017748486752462,M1t te+te + TsDur,DW
1.5582199084300368,0.41614740439733605,56.43434343434344,-0.6017748486752462,M1t te+te + TsDur,DW
1.6419113229981004,0.4223168323004476,57.42424242424242,-0.6017748486752462,M1t te+te + TsDur,DW
1.7174185117314833,0.42711512005977575,58.414141414141405,-0.6017748486752462,M1t te+te + TsDur,DW
1.7835246741749717,0.4299314329737497,59.4040404040404,-0.6017748486752462,M1t te+te + TsDur,DW
1.839031844767961,0.43022856041559576,60.39393939393939,-0.6017748486752462,M1t te+te + TsDur,DW
1.883525044626454,0.4278191947554566,61.38383838383839,-0.6017748486752462,M1t te+te + TsDur,DW
1.917636815056387,0.42297246129948934,62.37373737373737,-0.6017748486752462,M1t te+te + TsDur,DW
1.9420728480203957,0.41608029052288514,63.36363636363637,-0.6017748486752462,M1t te+te + TsDur,DW
1.9575388354811054,0.407610127645404,64.35353535353535,-0.6017748486752462,M1t te+te + TsDur,DW
1.9647404694011519,0.3980858282535081,65.34343434343434,-0.6017748486752462,M1t te+te + TsDur,DW
1.9643834417431687,0.388069211866225,66.33333333333333,-0.6017748486752462,M1t te+te + TsDur,DW
1.9571734444697868,0.3781387923517382,67.32323232323232,-0.6017748486752462,M1t te+te + TsDur,DW
1.9438161695436396,0.36886288492160624,68.31313131313131,-0.6017748486752462,M1t te+te + TsDur,DW
1.925017308927359,0.36076562669873613,69.3030303030303,-0.6017748486752462,M1t te+te + TsDur,DW
1.9014825545835754,0.35428687422928845,70.2929292929293,-0.6017748486752462,M1t te+te + TsDur,DW
1.8739175984749261,0.3497403345887844,71.28282828282828,-0.6017748486752462,M1t te+te + TsDur,DW
1.84302813256404,0.3472775217011174,72.27272727272727,-0.6017748486752462,M1t te+te + TsDur,DW
1.8095198488135475,0.34686624834167207,73.26262626262626,-0.6017748486752462,M1t te+te + TsDur,DW
1.7740984391860886,0.34828983805089303,74.25252525252525,-0.6017748486752462,M1t te+te + TsDur,DW
1.7374695956442883,0.3511675963582407,75.24242424242425,-0.6017748486752462,M1t te+te + TsDur,DW
1.7003390101507823,0.3549910924076253,76.23232323232322,-0.6017748486752462,M1t te+te + TsDur,DW
1.6634123746682006,0.3591675481853751,77.22222222222221,-0.6017748486752462,M1t te+te + TsDur,DW
1.6273953811591813,0.36306222029784146,78.2121212121212,-0.6017748486752462,M1t te+te + TsDur,DW
1.5929937215863506,0.3660348720653415,79.2020202020202,-0.6017748486752462,M1t te+te + TsDur,DW
1.5609121280124234,0.3674696749894992,80.1919191919192,-0.6017748486752462,M1t te+te + TsDur,DW
1.531621160107929,0.3669138310872045,81.18181818181817,-0.6017748486752462,M1t te+te + TsDur,DW
1.5050529749248136,0.36426995140613727,82.17171717171718,-0.6017748486752462,M1t te+te + TsDur,DW
1.4810643450306098,0.35959191329197177,83.16161616161615,-0.6017748486752462,M1t te+te + TsDur,DW
1.4595120429928439,0.35303360880115053,84.15151515151514,-0.6017748486752462,M1t te+te + TsDur,DW
1.4402528413790456,0.34483964919825444,85.14141414141415,-0.6017748486752462,M1t te+te + TsDur,DW
1.4231435127567402,0.33534288517013255,86.13131313131312,-0.6017748486752462,M1t te+te + TsDur,DW
1.4080408296934555,0.32496701419468793,87.12121212121212,-0.6017748486752462,M1t te+te + TsDur,DW
1.3948015647567216,0.31423204341624256,88.1111111111111,-0.6017748486752462,M1t te+te + TsDur,DW
1.3832824905140655,0.30375897329278684,89.1010101010101,-0.6017748486752462,M1t te+te + TsDur,DW
1.3733403795330106,0.2942675905525445,90.0909090909091,-0.6017748486752462,M1t te+te + TsDur,DW
1.3648320043810949,0.286558209521344,91.08080808080807,-0.6017748486752462,M1t te+te + TsDur,DW
1.3576141376258366,0.2814667337631007,92.07070707070707,-0.6017748486752462,M1t te+te + TsDur,DW
1.351543551834772,0.27978685046585183,93.06060606060605,-0.6017748486752462,M1t te+te + TsDur,DW
1.3464770195754197,0.2821674284228158,94.05050505050505,-0.6017748486752462,M1t te+te + TsDur,DW
1.3422713134153152,0.28901348934810545,95.04040404040404,-0.6017748486752462,M1t te+te + TsDur,DW
1.3387832059219857,0.30042955286475004,96.03030303030302,-0.6017748486752462,M1t te+te + TsDur,DW
1.3358694696629532,0.31622929069710726,97.02020202020202,-0.6017748486752462,M1t te+te + TsDur,DW
1.3333868772057533,0.336002461786215,98.010101010101,-0.6017748486752462,M1t te+te + TsDur,DW
1.3311922011179094,0.3592058792654855,99.0,-0.6017748486752462,M1t te+te + TsDur,DW
1.502604621565369,0.3978628170311322,1.0,-0.20762428182761866,M1t te+te + TsDur,DW
1.5099809729873728,0.37069633905576166,1.9898989898989898,-0.20762428182761866,M1t te+te + TsDur,DW
1.516919583416205,0.3455685396953413,2.9797979797979797,-0.20762428182761866,M1t te+te + TsDur,DW
1.5232001901986836,0.32290548548412235,3.9696969696969697,-0.20762428182761866,M1t te+te + TsDur,DW
1.528602530681647,0.3031322016282264,4.959595959595959,-0.20762428182761866,M1t te+te + TsDur,DW
1.5329063422119262,0.286636283302087,5.94949494949495,-0.20762428182761866,M1t te+te + TsDur,DW
1.5358913621363484,0.2737159820694018,6.939393939393939,-0.20762428182761866,M1t te+te + TsDur,DW
1.5373373278017426,0.26452055209581,7.929292929292929,-0.20762428182761866,M1t te+te + TsDur,DW
1.5370239765549458,0.25900012593939503,8.919191919191919,-0.20762428182761866,M1t te+te + TsDur,DW
1.534731045742784,0.2568859571069311,9.909090909090908,-0.20762428182761866,M1t te+te + TsDur,DW
1.530238272712089,0.25771280544413466,10.898989898989898,-0.20762428182761866,M1t te+te + TsDur,DW
1.5233253948096932,0.2608769210024969,11.888888888888888,-0.20762428182761866,M1t te+te + TsDur,DW
1.513772149382426,0.2657086428685824,12.878787878787879,-0.20762428182761866,M1t te+te + TsDur,DW
1.501358273777115,0.2715377232551927,13.868686868686869,-0.20762428182761866,M1t te+te + TsDur,DW
1.4858635053405969,0.2777392463827885,14.85858585858586,-0.20762428182761866,M1t te+te + TsDur,DW
1.467067581419696,0.2837590554243439,15.848484848484848,-0.20762428182761866,M1t te+te + TsDur,DW
1.4447502393612457,0.28912395535607877,16.838383838383837,-0.20762428182761866,M1t te+te + TsDur,DW
1.4186912165120744,0.2934434157736207,17.82828282828283,-0.20762428182761866,M1t te+te + TsDur,DW
1.3886702502190196,0.2964084011141971,18.818181818181817,-0.20762428182761866,M1t te+te + TsDur,DW
1.3544670778289072,0.29779134409253777,19.80808080808081,-0.20762428182761866,M1t te+te + TsDur,DW
1.3159379565792966,0.29747527001134993,20.7979797979798,-0.20762428182761866,M1t te+te + TsDur,DW
1.2735272755686726,0.2956209608626989,21.787878787878785,-0.20762428182761866,M1t te+te + TsDur,DW
1.2279521378760239,0.2925374418981505,22.77777777777778,-0.20762428182761866,M1t te+te + TsDur,DW
1.1799311407511777,0.2885722924425186,23.767676767676768,-0.20762428182761866,M1t te+te + TsDur,DW
1.130182881443956,0.28409580804503026,24.757575757575758,-0.20762428182761866,M1t te+te + TsDur,DW
1.0794259572041793,0.2794850817863324,25.747474747474747,-0.20762428182761866,M1t te+te + TsDur,DW
1.0283789652816777,0.27510593543672973,26.737373737373737,-0.20762428182761866,M1t te+te + TsDur,DW
0.9777605029262681,0.27129214613488234,27.727272727272727,-0.20762428182761866,M1t te+te + TsDur,DW
0.9282891673877819,0.2683227590833893,28.71717171717172,-0.20762428182761866,M1t te+te + TsDur,DW
0.8806835559160398,0.2663998102996938,29.707070707070706,-0.20762428182761866,M1t te+te + TsDur,DW
0.8356622657608639,0.2656300035111359,30.696969696969695,-0.20762428182761866,M1t te+te + TsDur,DW
0.7939438941720837,0.26601410200774067,31.686868686868685,-0.20762428182761866,M1t te+te + TsDur,DW
0.7562470383995159,0.26744659240694185,32.676767676767675,-0.20762428182761866,M1t te+te + TsDur,DW
0.7232902956929893,0.269725862230815,33.666666666666664,-0.20762428182761866,M1t te+te + TsDur,DW
0.695792263302326,0.2725727132362387,34.65656565656566,-0.20762428182761866,M1t te+te + TsDur,DW
0.6744715384773552,0.27565359249598725,35.64646464646465,-0.20762428182761866,M1t te+te + TsDur,DW
0.6600467184678943,0.27860493635426353,36.63636363636363,-0.20762428182761866,M1t te+te + TsDur,DW
0.653236400523767,0.28105618728012227,37.62626262626262,-0.20762428182761866,M1t te+te + TsDur,DW
0.6547591818948036,0.2826506816173696,38.61616161616161,-0.20762428182761866,M1t te+te + TsDur,DW
0.6653336598308247,0.28306516448882246,39.60606060606061,-0.20762428182761866,M1t te+te + TsDur,DW
0.685622025019873,0.2820427313414215,40.5959595959596,-0.20762428182761866,M1t te+te + TsDur,DW
0.7154021952788843,0.2796009008329599,41.58585858585859,-0.20762428182761866,M1t te+te + TsDur,DW
0.7537501744802378,0.27599285190847395,42.57575757575757,-0.20762428182761866,M1t te+te + TsDur,DW
0.7997226426470623,0.2715353544788387,43.56565656565656,-0.20762428182761866,M1t te+te + TsDur,DW
0.8523762798024724,0.26658624454730423,44.55555555555556,-0.20762428182761866,M1t te+te + TsDur,DW
0.910767765969592,0.2615265376845859,45.54545454545455,-0.20762428182761866,M1t te+te + TsDur,DW
0.9739537811715409,0.2567403706925394,46.535353535353536,-0.20762428182761866,M1t te+te + TsDur,DW
1.0409910054314437,0.2525913510846854,47.525252525252526,-0.20762428182761866,M1t te+te + TsDur,DW
1.110936118772415,0.24939548768092135,48.51515151515151,-0.20762428182761866,M1t te+te + TsDur,DW
1.1828458012175842,0.24739300127964123,49.505050505050505,-0.20762428182761866,M1t te+te + TsDur,DW
1.2557767327900682,0.24672337892062055,50.494949494949495,-0.20762428182761866,M1t te+te + TsDur,DW
1.3287855935129904,0.2474089460075951,51.48484848484849,-0.20762428182761866,M1t te+te + TsDur,DW
1.4009290634094675,0.2493510520599303,52.474747474747474,-0.20762428182761866,M1t te+te + TsDur,DW
1.4712638225026258,0.2523398350518795,53.46464646464646,-0.20762428182761866,M1t te+te + TsDur,DW
1.5388465508155829,0.25607489243541504,54.45454545454545,-0.20762428182761866,M1t te+te + TsDur,DW
1.6027339283714643,0.2601918615201968,55.44444444444444,-0.20762428182761866,M1t te+te + TsDur,DW
1.6619826351933882,0.264289782294847,56.43434343434344,-0.20762428182761866,M1t te+te + TsDur,DW
1.7156493513044755,0.26795572189839373,57.42424242424242,-0.20762428182761866,M1t te+te + TsDur,DW
1.7627907567278491,0.27078535392595715,58.414141414141405,-0.20762428182761866,M1t te+te + TsDur,DW
1.8024635314866284,0.2724001068777554,59.4040404040404,-0.20762428182761866,M1t te+te + TsDur,DW
1.8337395678992248,0.2724666249421261,60.39393939393939,-0.20762428182761866,M1t te+te + TsDur,DW
1.856323149639224,0.2708680992960095,61.38383838383839,-0.20762428182761866,M1t te+te + TsDur,DW
1.8707646063376961,0.2677707024848177,62.37373737373737,-0.20762428182761866,M1t te+te + TsDur,DW
1.8776733488901751,0.2634175583967997,63.36363636363637,-0.20762428182761866,M1t te+te + TsDur,DW
1.8776587881922047,0.2580991706688934,64.35353535353535,-0.20762428182761866,M1t te+te + TsDur,DW
1.8713303351393276,0.2521412159188774,65.34343434343434,-0.20762428182761866,M1t te+te + TsDur,DW
1.8592974006270804,0.24589271988664954,66.33333333333333,-0.20762428182761866,M1t te+te + TsDur,DW
1.8421693955510032,0.2397124866632758,67.32323232323232,-0.20762428182761866,M1t te+te + TsDur,DW
1.820555730806639,0.23395210089584378,68.31313131313131,-0.20762428182761866,M1t te+te + TsDur,DW
1.7950658172895253,0.22893468081652474,69.3030303030303,-0.20762428182761866,M1t te+te + TsDur,DW
1.7663090658951994,0.22493006809466892,70.2929292929293,-0.20762428182761866,M1t te+te + TsDur,DW
1.7348948875192134,0.22212919424895064,71.28282828282828,-0.20762428182761866,M1t te+te + TsDur,DW
1.7014326930570967,0.22062226232673166,72.27272727272727,-0.20762428182761866,M1t te+te + TsDur,DW
1.666531893404389,0.22038596422610698,73.26262626262626,-0.20762428182761866,M1t te+te + TsDur,DW
1.630801899456636,0.2212833563516578,74.25252525252525,-0.20762428182761866,M1t te+te + TsDur,DW
1.5948521221093774,0.22307660864231363,75.24242424242425,-0.20762428182761866,M1t te+te + TsDur,DW
1.559291972258151,0.2254492876908999,76.23232323232322,-0.20762428182761866,M1t te+te + TsDur,DW
1.524730860798499,0.22803293117889165,77.22222222222221,-0.20762428182761866,M1t te+te + TsDur,DW
1.4917781986259582,0.23043304417898366,78.2121212121212,-0.20762428182761866,M1t te+te + TsDur,DW
1.461043396636073,0.23225157244040837,79.2020202020202,-0.20762428182761866,M1t te+te + TsDur,DW
1.433134990723158,0.23310546175542599,80.1919191919192,-0.20762428182761866,M1t te+te + TsDur,DW
1.4084480558516304,0.23271317947078468,81.18181818181817,-0.20762428182761866,M1t te+te + TsDur,DW
1.3868868835824901,0.2310147510819951,82.17171717171718,-0.20762428182761866,M1t te+te + TsDur,DW
1.3682870484004237,0.22804446067352155,83.16161616161615,-0.20762428182761866,M1t te+te + TsDur,DW
1.3524841247901136,0.22389896149435667,84.15151515151514,-0.20762428182761866,M1t te+te + TsDur,DW
1.3393136872362406,0.21873148875959866,85.14141414141415,-0.20762428182761866,M1t te+te + TsDur,DW
1.3286113102234949,0.21275025829004332,86.13131313131312,-0.20762428182761866,M1t te+te + TsDur,DW
1.3202125682365518,0.20621997894736413,87.12121212121212,-0.20762428182761866,M1t te+te + TsDur,DW
1.313953035760103,0.19946509582290606,88.1111111111111,-0.20762428182761866,M1t te+te + TsDur,DW
1.3096682872788261,0.19287252810899658,89.1010101010101,-0.20762428182761866,M1t te+te + TsDur,DW
1.307193897277409,0.18689017157288573,90.0909090909091,-0.20762428182761866,M1t te+te + TsDur,DW
1.3063654402405338,0.18201560764825847,91.08080808080807,-0.20762428182761866,M1t te+te + TsDur,DW
1.3070184906528854,0.1787685884888136,92.07070707070707,-0.20762428182761866,M1t te+te + TsDur,DW
1.3089886229991485,0.17764351972206108,93.06060606060605,-0.20762428182761866,M1t te+te + TsDur,DW
1.3121114117640018,0.17904667657448176,94.05050505050505,-0.20762428182761866,M1t te+te + TsDur,DW
1.316222431432137,0.18323510405093282,95.04040404040404,-0.20762428182761866,M1t te+te + TsDur,DW
1.321157256488233,0.19028070615275078,96.03030303030302,-0.20762428182761866,M1t te+te + TsDur,DW
1.326751461416971,0.20007455806058064,97.02020202020202,-0.20762428182761866,M1t te+te + TsDur,DW
1.3328406207030414,0.2123667613221831,98.010101010101,-0.20762428182761866,M1t te+te + TsDur,DW
1.3392603088311257,0.22682205523471496,99.0,-0.20762428182761866,M1t te+te + TsDur,DW
1.567285466695351,0.1724367281728852,1.0,0.3782444879889625,M1t te+te + TsDur,DW
1.5872358528868966,0.1597601858339341,1.9898989898989898,0.3782444879889625,M1t te+te + TsDur,DW
1.606832628597241,0.14777970350745048,2.9797979797979797,0.3782444879889625,M1t te+te + TsDur,DW
1.625897863991173,0.13666500660697511,3.9696969696969697,0.3782444879889625,M1t te+te + TsDur,DW
1.6442536292335006,0.12659755410197204,4.959595959595959,0.3782444879889625,M1t te+te + TsDur,DW
1.661721994489007,0.11776283023207855,5.94949494949495,0.3782444879889625,M1t te+te + TsDur,DW
1.6781250299224904,0.11033515853554654,6.939393939393939,0.3782444879889625,M1t te+te + TsDur,DW
1.693284805698752,0.10445385917602264,7.929292929292929,0.3782444879889625,M1t te+te + TsDur,DW
1.7070233919825837,0.10019345048645295,8.919191919191919,0.3782444879889625,M1t te+te + TsDur,DW
1.7191628589387835,0.09753636874336605,9.909090909090908,0.3782444879889625,M1t te+te + TsDur,DW
1.7295252767321438,0.09636017695764722,10.898989898989898,0.3782444879889625,M1t te+te + TsDur,DW
1.7379327155274602,0.09644729013481199,11.888888888888888,0.3782444879889625,M1t te+te + TsDur,DW
1.7442072454895323,0.09751454639150545,12.878787878787879,0.3782444879889625,M1t te+te + TsDur,DW
1.7481709367831502,0.09925075794338305,13.868686868686869,0.3782444879889625,M1t te+te + TsDur,DW
1.749645859573122,0.10134966734306951,14.85858585858586,0.3782444879889625,M1t te+te + TsDur,DW
1.748454084024225,0.10353183383343453,15.848484848484848,0.3782444879889625,M1t te+te + TsDur,DW
1.7444176803012728,0.10555556454517527,16.838383838383837,0.3782444879889625,M1t te+te + TsDur,DW
1.7373587185690433,0.10722037505584497,17.82828282828283,0.3782444879889625,M1t te+te + TsDur,DW
1.7270992689923452,0.10836687245126159,18.818181818181817,0.3782444879889625,M1t te+te + TsDur,DW
1.713461401735968,0.1088760816322273,19.80808080808081,0.3782444879889625,M1t te+te + TsDur,DW
1.6963164272234614,0.10868125633762375,20.7979797979798,0.3782444879889625,M1t te+te + TsDur,DW
1.6759141164947453,0.10784064834274736,21.787878787878785,0.3782444879889625,M1t te+te + TsDur,DW
1.65267973099932,0.10648206650380908,22.77777777777778,0.3782444879889625,M1t te+te + TsDur,DW
1.6270394936799317,0.10475495501944572,23.767676767676768,0.3782444879889625,M1t te+te + TsDur,DW
1.5994196274793255,0.10282324838357929,24.757575757575758,0.3782444879889625,M1t te+te + TsDur,DW
1.5702463553402506,0.10085812939070841,25.747474747474747,0.3782444879889625,M1t te+te + TsDur,DW
1.5399459002054598,0.09902939310630267,26.737373737373737,0.3782444879889625,M1t te+te + TsDur,DW
1.5089444850176954,0.09749486268741726,27.727272727272727,0.3782444879889625,M1t te+te + TsDur,DW
1.47766833271971,0.09638813560627402,28.71717171717172,0.3782444879889625,M1t te+te + TsDur,DW
1.4465436662542495,0.09580603117196806,29.707070707070706,0.3782444879889625,M1t te+te + TsDur,DW
1.4159967085640643,0.09579808169328093,30.696969696969695,0.3782444879889625,M1t te+te + TsDur,DW
1.3864536825918994,0.09636064484929073,31.686868686868685,0.3782444879889625,M1t te+te + TsDur,DW
1.3583408112805022,0.09743730546807489,32.676767676767675,0.3782444879889625,M1t te+te + TsDur,DW
1.3320843175726238,0.09892546225933002,33.666666666666664,0.3782444879889625,M1t te+te + TsDur,DW
1.3081104244110136,0.10068727861257577,34.65656565656566,0.3782444879889625,M1t te+te + TsDur,DW
1.286845354738416,0.10256239327117787,35.64646464646465,0.3782444879889625,M1t te+te + TsDur,DW
1.2687153314975808,0.10438013394021943,36.63636363636363,0.3782444879889625,M1t te+te + TsDur,DW
1.254146577631254,0.10596999668557501,37.62626262626262,0.3782444879889625,M1t te+te + TsDur,DW
1.243565316082188,0.10717023984198017,38.61616161616161,0.3782444879889625,M1t te+te + TsDur,DW
1.2373977697931267,0.1078352500732851,39.60606060606061,0.3782444879889625,M1t te+te + TsDur,DW
1.236040220126213,0.10784839634555866,40.5959595959596,0.3782444879889625,M1t te+te + TsDur,DW
1.239419561077736,0.10721100066011652,41.58585858585859,0.3782444879889625,M1t te+te + TsDur,DW
1.2470900985569315,0.10602501068440107,42.57575757575757,0.3782444879889625,M1t te+te + TsDur,DW
1.258595881038933,0.10441859301002711,43.56565656565656,0.3782444879889625,M1t te+te + TsDur,DW
1.2734809569988714,0.10253708606652026,44.55555555555556,0.3782444879889625,M1t te+te + TsDur,DW
1.29128937491188,0.10053628428600742,45.54545454545455,0.3782444879889625,M1t te+te + TsDur,DW
1.3115651832530908,0.09857501994631851,46.535353535353536,0.3782444879889625,M1t te+te + TsDur,DW
1.3338524304976365,0.09680627971123443,47.525252525252526,0.3782444879889625,M1t te+te + TsDur,DW
1.3576951651206515,0.09536667404799694,48.51515151515151,0.3782444879889625,M1t te+te + TsDur,DW
1.382637435597267,0.09436492365060219,49.505050505050505,0.3782444879889625,M1t te+te + TsDur,DW
1.4082232904026157,0.09387097558024012,50.494949494949495,0.3782444879889625,M1t te+te + TsDur,DW
1.4339967780118312,0.09390798286941324,51.48484848484849,0.3782444879889625,M1t te+te + TsDur,DW
1.4595019469000463,0.09444918264128777,52.474747474747474,0.3782444879889625,M1t te+te + TsDur,DW
1.4842828455423904,0.0954205579310689,53.46464646464646,0.3782444879889625,M1t te+te + TsDur,DW
1.5078835224140006,0.09670855671004436,54.45454545454545,0.3782444879889625,M1t te+te + TsDur,DW
1.5298480259900082,0.0981709025746092,55.44444444444444,0.3782444879889625,M1t te+te + TsDur,DW
1.549720404745544,0.09964822489850772,56.43434343434344,0.3782444879889625,M1t te+te + TsDur,DW
1.5670447071557432,0.10097480111652736,57.42424242424242,0.3782444879889625,M1t te+te + TsDur,DW
1.5813649816957387,0.10198766551202729,58.414141414141405,0.3782444879889625,M1t te+te + TsDur,DW
1.592225276840658,0.10253424273987961,59.4040404040404,0.3782444879889625,M1t te+te + TsDur,DW
1.5991772897029264,0.1024808266832837,60.39393939393939,0.3782444879889625,M1t te+te + TsDur,DW
1.6020906794123808,0.10178136447780257,61.38383838383839,0.3782444879889625,M1t te+te + TsDur,DW
1.601260491178634,0.10050438380439326,62.37373737373737,0.3782444879889625,M1t te+te + TsDur,DW
1.5970114758641256,0.09875109402656,63.36363636363637,0.3782444879889625,M1t te+te + TsDur,DW
1.5896683843312984,0.09664337777573348,64.35353535353535,0.3782444879889625,M1t te+te + TsDur,DW
1.5795559674425868,0.09431867591445024,65.34343434343434,0.3782444879889625,M1t te+te + TsDur,DW
1.5669989760604277,0.09192485932861817,66.33333333333333,0.3782444879889625,M1t te+te + TsDur,DW
1.5523221610472622,0.08961406562440331,67.32323232323232,0.3782444879889625,M1t te+te + TsDur,DW
1.5358502732655284,0.08753470077689236,68.31313131313131,0.3782444879889625,M1t te+te + TsDur,DW
1.5179080635776618,0.08582128948941634,69.3030303030303,0.3782444879889625,M1t te+te + TsDur,DW
1.4988202828460981,0.08458272130265752,70.2929292929293,0.3782444879889625,M1t te+te + TsDur,DW
1.4789116819332868,0.08389055882399477,71.28282828282828,0.3782444879889625,M1t te+te + TsDur,DW
1.4585070117016539,0.08376995732593434,72.27272727272727,0.3782444879889625,M1t te+te + TsDur,DW
1.4379310230136426,0.08419571107965522,73.26262626262626,0.3782444879889625,M1t te+te + TsDur,DW
1.4175084667316922,0.08509468185409738,74.25252525252525,0.3782444879889625,M1t te+te + TsDur,DW
1.39756409371824,0.08635390330518887,75.24242424242425,0.3782444879889625,M1t te+te + TsDur,DW
1.378422654835726,0.0878320778751431,76.23232323232322,0.3782444879889625,M1t te+te + TsDur,DW
1.3604089009465823,0.08937177362089978,77.22222222222221,0.3782444879889625,M1t te+te + TsDur,DW
1.3438475829132537,0.09081032365327331,78.2121212121212,0.3782444879889625,M1t te+te + TsDur,DW
1.3290634515981745,0.09198859061124448,79.2020202020202,0.3782444879889625,M1t te+te + TsDur,DW
1.316380758257628,0.09275789807964556,80.1919191919192,0.3782444879889625,M1t te+te + TsDur,DW
1.3060018727244094,0.09301477600586687,81.18181818181817,0.3782444879889625,M1t te+te + TsDur,DW
1.2978489384692387,0.09274797941382679,82.17171717171718,0.3782444879889625,M1t te+te + TsDur,DW
1.291804863047004,0.09198460010567443,83.16161616161615,0.3782444879889625,M1t te+te + TsDur,DW
1.287752554012586,0.09077697271855165,84.15151515151514,0.3782444879889625,M1t te+te + TsDur,DW
1.2855749189208714,0.08920031505170453,85.14141414141415,0.3782444879889625,M1t te+te + TsDur,DW
1.2851548653267457,0.08735181470699956,86.13131313131312,0.3782444879889625,M1t te+te + TsDur,DW
1.2863753007850938,0.08535051115248836,87.12121212121212,0.3782444879889625,M1t te+te + TsDur,DW
1.2891191328508045,0.08333716258714215,88.1111111111111,0.3782444879889625,M1t te+te + TsDur,DW
1.2932692690787555,0.0814729751609719,89.1010101010101,0.3782444879889625,M1t te+te + TsDur,DW
1.2987086170238373,0.07993570558102558,90.0909090909091,0.3782444879889625,M1t te+te + TsDur,DW
1.305320084240936,0.07891151620857777,91.08080808080807,0.3782444879889625,M1t te+te + TsDur,DW
1.3129865782849348,0.07858157515882766,92.07070707070707,0.3782444879889625,M1t te+te + TsDur,DW
1.3215910067107215,0.07910421511370366,93.06060606060605,0.3782444879889625,M1t te+te + TsDur,DW
1.3310162770731768,0.0805962034753807,94.05050505050505,0.3782444879889625,M1t te+te + TsDur,DW
1.3411452969271895,0.08311872521185196,95.04040404040404,0.3782444879889625,M1t te+te + TsDur,DW
1.3518609738276457,0.08667296032093587,96.03030303030302,0.3782444879889625,M1t te+te + TsDur,DW
1.3630462153294265,0.09120636711144625,97.02020202020202,0.3782444879889625,M1t te+te + TsDur,DW
1.3745839289874202,0.09662642803618234,98.010101010101,0.3782444879889625,M1t te+te + TsDur,DW
1.3863570223565154,0.10281661343958765,99.0,0.3782444879889625,M1t te+te + TsDur,DW
1.3403090164052627,0.1896549301014724,1.0,1.0918307922639543,M1t te+te + TsDur,DW
1.3654606814271355,0.17569014024280133,1.9898989898989898,1.0918307922639543,M1t te+te + TsDur,DW
1.3902528686785056,0.16240702877309343,2.9797979797979797,1.0918307922639543,M1t te+te + TsDur,DW
1.4145046960196659,0.14997674907108255,3.9696969696969697,1.0918307922639543,M1t te+te + TsDur,DW
1.4380352813109052,0.13858459140799015,4.959595959595959,1.0918307922639543,M1t te+te + TsDur,DW
1.460663742412507,0.1284246864194458,5.94949494949495,1.0918307922639543,M1t te+te + TsDur,DW
1.4822091971847606,0.11968794485746923,6.939393939393939,1.0918307922639543,M1t te+te + TsDur,DW
1.502490763487962,0.11254099264936905,7.929292929292929,1.0918307922639543,M1t te+te + TsDur,DW
1.5213275591823896,0.1070966002702743,8.919191919191919,1.0918307922639543,M1t te+te + TsDur,DW
1.5385387021283337,0.10338168987084934,9.909090909090908,1.0918307922639543,M1t te+te + TsDur,DW
1.5539433101860902,0.10131477709797242,10.898989898989898,1.0918307922639543,M1t te+te + TsDur,DW
1.5673605012159326,0.1007047701494897,11.888888888888888,1.0918307922639543,M1t te+te + TsDur,DW
1.5786093930781606,0.10127416702716734,12.878787878787879,1.0918307922639543,M1t te+te + TsDur,DW
1.587509103633058,0.10269755870249203,13.868686868686869,1.0918307922639543,M1t te+te + TsDur,DW
1.5938787507409182,0.10464086555392126,14.85858585858586,1.0918307922639543,M1t te+te + TsDur,DW
1.5975374522620247,0.10679073908037576,15.848484848484848,1.0918307922639543,M1t te+te + TsDur,DW
1.598304326056667,0.10887133123983822,16.838383838383837,1.0918307922639543,M1t te+te + TsDur,DW
1.5959984899851265,0.11065110323296054,17.82828282828283,1.0918307922639543,M1t te+te + TsDur,DW
1.5904390619077051,0.1119440440004217,18.818181818181817,1.0918307922639543,M1t te+te + TsDur,DW
1.5814451596846786,0.11260912199006594,19.80808080808081,1.0918307922639543,M1t te+te + TsDur,DW
1.5688831093568627,0.11256202562736332,20.7979797979798,1.0918307922639543,M1t te+te + TsDur,DW
1.552982079028648,0.11185006138544216,21.787878787878785,1.0918307922639543,M1t te+te + TsDur,DW
1.5341394849644747,0.11059502050849623,22.77777777777778,1.0918307922639543,M1t te+te + TsDur,DW
1.512753665242509,0.10894299013548586,23.767676767676768,1.0918307922639543,M1t te+te + TsDur,DW
1.4892229579409246,0.10705640842943755,24.757575757575758,1.0918307922639543,M1t te+te + TsDur,DW
1.4639457011378942,0.1051063846479133,25.747474747474747,1.0918307922639543,M1t te+te + TsDur,DW
1.4373202329115866,0.10326390720780368,26.737373737373737,1.0918307922639543,M1t te+te + TsDur,DW
1.4097448913401753,0.10168930890593067,27.727272727272727,1.0918307922639543,M1t te+te + TsDur,DW
1.381618014501833,0.10052014636892709,28.71717171717172,1.0918307922639543,M1t te+te + TsDur,DW
1.3533379404747239,0.09985868424503751,29.707070707070706,1.0918307922639543,M1t te+te + TsDur,DW
1.325303007337027,0.09976113393141119,30.696969696969695,1.0918307922639543,M1t te+te + TsDur,DW
1.297911553166911,0.10023112594333328,31.686868686868685,1.0918307922639543,M1t te+te + TsDur,DW
1.2715619160425449,0.10121917376392484,32.676767676767675,1.0918307922639543,M1t te+te + TsDur,DW
1.2466524340421032,0.10262828605994598,33.666666666666664,1.0918307922639543,M1t te+te + TsDur,DW
1.2235814452437594,0.10432419919171566,34.65656565656566,1.0918307922639543,M1t te+te + TsDur,DW
1.202747287725677,0.10614779321120998,35.64646464646465,1.0918307922639543,M1t te+te + TsDur,DW
1.1845482995660355,0.1079274205431106,36.63636363636363,1.0918307922639543,M1t te+te + TsDur,DW
1.1693828188429989,0.10948977323568163,37.62626262626262,1.0918307922639543,M1t te+te + TsDur,DW
1.1576491836347464,0.11066897471492741,38.61616161616161,1.0918307922639543,M1t te+te + TsDur,DW
1.1497457320194435,0.11131443173660516,39.60606060606061,1.0918307922639543,M1t te+te + TsDur,DW
1.1460443810191097,0.11130415578223016,40.5959595959596,1.0918307922639543,M1t te+te + TsDur,DW
1.1465028507530461,0.11063508661515446,41.58585858585859,1.0918307922639543,M1t te+te + TsDur,DW
1.1507500820787318,0.10940642955942359,42.57575757575757,1.0918307922639543,M1t te+te + TsDur,DW
1.158405964486389,0.10774461479469942,43.56565656565656,1.0918307922639543,M1t te+te + TsDur,DW
1.1690903874662428,0.10579403593920524,44.55555555555556,1.0918307922639543,M1t te+te + TsDur,DW
1.1824232405085147,0.1037102564949982,45.54545454545455,1.0918307922639543,M1t te+te + TsDur,DW
1.198024413103429,0.1016526283469821,46.535353535353536,1.0918307922639543,M1t te+te + TsDur,DW
1.2155137947412085,0.09977553396501977,47.525252525252526,1.0918307922639543,M1t te+te + TsDur,DW
1.2345112749120788,0.09821801014912558,48.51515151515151,1.0918307922639543,M1t te+te + TsDur,DW
1.254636743106258,0.09709231486459691,49.505050505050505,1.0918307922639543,M1t te+te + TsDur,DW
1.275510088813975,0.09647292852187317,50.494949494949495,1.0918307922639543,M1t te+te + TsDur,DW
1.2967512015254472,0.09638814502354784,51.48484848484849,1.0918307922639543,M1t te+te + TsDur,DW
1.3179799707309026,0.09681632090500314,52.474747474747474,1.0918307922639543,M1t te+te + TsDur,DW
1.3388162859205617,0.09768782688051715,53.46464646464646,1.0918307922639543,M1t te+te + TsDur,DW
1.3588800365846492,0.09889218764438805,54.45454545454545,1.0918307922639543,M1t te+te + TsDur,DW
1.3777911122133855,0.1002885971102247,55.44444444444444,1.0918307922639543,M1t te+te + TsDur,DW
1.395169402296999,0.10171756321199672,56.43434343434344,1.0918307922639543,M1t te+te + TsDur,DW
1.4106347963257055,0.10301189258801947,57.42424242424242,1.0918307922639543,M1t te+te + TsDur,DW
1.4238071837897355,0.10400614531551852,58.414141414141405,1.0918307922639543,M1t te+te + TsDur,DW
1.434306454179307,0.10454461079687172,59.4040404040404,1.0918307922639543,M1t te+te + TsDur,DW
1.441758400726149,0.10449005729432163,60.39393939393939,1.0918307922639543,M1t te+te + TsDur,DW
1.4460342414988687,0.1037927190704007,61.38383838383839,1.0918307922639543,M1t te+te + TsDur,DW
1.4473335366431799,0.10251772016818246,62.37373737373737,1.0918307922639543,M1t te+te + TsDur,DW
1.4458787751598217,0.1007633474347892,63.36363636363637,1.0918307922639543,M1t te+te + TsDur,DW
1.441892446049529,0.09864887000678352,64.35353535353535,1.0918307922639543,M1t te+te + TsDur,DW
1.4355970383130339,0.09630930566413104,65.34343434343434,1.0918307922639543,M1t te+te + TsDur,DW
1.4272150409510735,0.0938902675141748,66.33333333333333,1.0918307922639543,M1t te+te + TsDur,DW
1.4169689429643841,0.09154189726102341,67.32323232323232,1.0918307922639543,M1t te+te + TsDur,DW
1.4050812333536964,0.0894111044998519,68.31313131313131,1.0918307922639543,M1t te+te + TsDur,DW
1.3917744011197482,0.08763177883512004,69.3030303030303,1.0918307922639543,M1t te+te + TsDur,DW
1.37727093526327,0.0863134369316982,70.2929292929293,1.0918307922639543,M1t te+te + TsDur,DW
1.3617933247850065,0.08552981240563531,71.28282828282828,1.0918307922639543,M1t te+te + TsDur,DW
1.3455640586856834,0.08530976099814981,72.27272727272727,1.0918307922639543,M1t te+te + TsDur,DW
1.3288056259660348,0.08563291025501388,73.26262626262626,1.0918307922639543,M1t te+te + TsDur,DW
1.3117405156268025,0.08643139826859905,74.25252525252525,1.0918307922639543,M1t te+te + TsDur,DW
1.2945912166687183,0.08759723010531054,75.24242424242425,1.0918307922639543,M1t te+te + TsDur,DW
1.2775802180925189,0.08899321393420027,76.23232323232322,1.0918307922639543,M1t te+te + TsDur,DW
1.2609300088989341,0.09046491183770992,77.22222222222221,1.0918307922639543,M1t te+te + TsDur,DW
1.244863078088704,0.09185158984666376,78.2121212121212,1.0918307922639543,M1t te+te + TsDur,DW
1.2296019146625574,0.09299522638019908,79.2020202020202,1.0918307922639543,M1t te+te + TsDur,DW
1.2153686883892343,0.09374776716065888,80.1919191919192,1.0918307922639543,M1t te+te + TsDur,DW
1.2023076907920265,0.094005660459455,81.18181818181817,1.0918307922639543,M1t te+te + TsDur,DW
1.190384157909153,0.09375651647216406,82.17171717171718,1.0918307922639543,M1t te+te + TsDur,DW
1.1795382553111993,0.09302645514260549,83.16161616161615,1.0918307922639543,M1t te+te + TsDur,DW
1.1697101485687493,0.09186711651158981,84.15151515151514,1.0918307922639543,M1t te+te + TsDur,DW
1.1608400032523778,0.09035316012228996,85.14141414141415,1.0918307922639543,M1t te+te + TsDur,DW
1.152867984932679,0.08858114988695746,86.13131313131312,1.0918307922639543,M1t te+te + TsDur,DW
1.1457342591802222,0.08666916252221488,87.12121212121212,1.0918307922639543,M1t te+te + TsDur,DW
1.1393789915656019,0.08475630595002952,88.1111111111111,1.0918307922639543,M1t te+te + TsDur,DW
1.133742347659391,0.08300105606291104,89.1010101010101,1.0918307922639543,M1t te+te + TsDur,DW
1.128764493032174,0.08157702184456353,90.0909090909091,1.0918307922639543,M1t te+te + TsDur,DW
1.1243855932545395,0.0806647073446411,91.08080808080807,1.0918307922639543,M1t te+te + TsDur,DW
1.1205458138970639,0.08043850236646007,92.07070707070707,1.0918307922639543,M1t te+te + TsDur,DW
1.1171853205303321,0.08104985042927754,93.06060606060605,1.0918307922639543,M1t te+te + TsDur,DW
1.114244278724922,0.08260995939941301,94.05050505050505,1.0918307922639543,M1t te+te + TsDur,DW
1.1116628540514215,0.08517709090298442,95.04040404040404,1.0918307922639543,M1t te+te + TsDur,DW
1.1093812120804138,0.08875267470033554,96.03030303030302,1.0918307922639543,M1t te+te + TsDur,DW
1.1073395183824761,0.0932871314950676,97.02020202020202,1.0918307922639543,M1t te+te + TsDur,DW
1.105477938528192,0.09869249837078917,98.010101010101,1.0918307922639543,M1t te+te + TsDur,DW
1.1037366380881488,0.10485719628406233,99.0,1.0918307922639543,M1t te+te + TsDur,DW
1.2329512368502875,0.49911297354297257,1.0,-0.7778559941506746,M1t te+te + TsDur,TW
1.370565800890179,0.4674172577309493,1.9898989898989898,-0.7778559941506746,M1t te+te + TsDur,TW
1.5070927960403238,0.43860749538128474,2.9797979797979797,-0.7778559941506746,M1t te+te + TsDur,TW
1.6419849790383971,0.4132048119335698,3.9696969696969697,-0.7778559941506746,M1t te+te + TsDur,TW
1.7746951066220762,0.39169966071166346,4.959595959595959,-0.7778559941506746,M1t te+te + TsDur,TW
1.9046759355290372,0.37449770955578165,5.94949494949495,-0.7778559941506746,M1t te+te + TsDur,TW
2.031380222496951,0.3618543746773475,6.939393939393939,-0.7778559941506746,M1t te+te + TsDur,TW
2.1542607242635063,0.35381337900423593,7.929292929292929,-0.7778559941506746,M1t te+te + TsDur,TW
2.272770197566361,0.3501707409688362,8.919191919191919,-0.7778559941506746,M1t te+te + TsDur,TW
2.3863613991432038,0.35048081513705703,9.909090909090908,-0.7778559941506746,M1t te+te + TsDur,TW
2.4944870857317087,0.3541049746061649,10.898989898989898,-0.7778559941506746,M1t te+te + TsDur,TW
2.5966000140695424,0.36028621707351527,11.888888888888888,-0.7778559941506746,M1t te+te + TsDur,TW
2.6921529408943914,0.3682261090579156,12.878787878787879,-0.7778559941506746,M1t te+te + TsDur,TW
2.780598622943928,0.3771462398157884,13.868686868686869,-0.7778559941506746,M1t te+te + TsDur,TW
2.8613898169558216,0.3863275539749322,14.85858585858586,-0.7778559941506746,M1t te+te + TsDur,TW
2.933979279667755,0.39512984304225657,15.848484848484848,-0.7778559941506746,M1t te+te + TsDur,TW
2.997819767817406,0.40299757241967427,16.838383838383837,-0.7778559941506746,M1t te+te + TsDur,TW
3.0523640381424393,0.4094583503302824,17.82828282828283,-0.7778559941506746,M1t te+te + TsDur,TW
3.0970648473805378,0.4141188924570204,18.818181818181817,-0.7778559941506746,M1t te+te + TsDur,TW
3.1313749522693803,0.4166617764457885,19.80808080808081,-0.7778559941506746,M1t te+te + TsDur,TW
3.154866821793867,0.41687767487732214,20.7979797979798,-0.7778559941506746,M1t te+te + TsDur,TW
3.168033033240988,0.4148797478053623,21.787878787878785,-0.7778559941506746,M1t te+te + TsDur,TW
3.1717928137941813,0.410951149801027,22.77777777777778,-0.7778559941506746,M1t te+te + TsDur,TW
3.1670677282061974,0.4054140080604921,23.767676767676768,-0.7778559941506746,M1t te+te + TsDur,TW
3.154779341229797,0.3986175389025991,24.757575757575758,-0.7778559941506746,M1t te+te + TsDur,TW
3.1358492176177246,0.3909280043628483,25.747474747474747,-0.7778559941506746,M1t te+te + TsDur,TW
3.1111989221227363,0.38271849564186594,26.737373737373737,-0.7778559941506746,M1t te+te + TsDur,TW
3.081750019497582,0.3743575073130742,27.727272727272727,-0.7778559941506746,M1t te+te + TsDur,TW
3.0484240744950157,0.36619563976767705,28.71717171717172,-0.7778559941506746,M1t te+te + TsDur,TW
3.0121426518677903,0.3585502877006155,29.707070707070706,-0.7778559941506746,M1t te+te + TsDur,TW
2.9738273163686575,0.3516888890882849,30.696969696969695,-0.7778559941506746,M1t te+te + TsDur,TW
2.9343996327503663,0.3458121581780219,31.686868686868685,-0.7778559941506746,M1t te+te + TsDur,TW
2.8947811657656755,0.3410394924156003,32.676767676767675,-0.7778559941506746,M1t te+te + TsDur,TW
2.8558934801673272,0.33739910008234997,33.666666666666664,-0.7778559941506746,M1t te+te + TsDur,TW
2.818658140708084,0.33482505801254775,34.65656565656566,-0.7778559941506746,M1t te+te + TsDur,TW
2.783996712140695,0.3331624455872605,35.64646464646465,-0.7778559941506746,M1t te+te + TsDur,TW
2.752830759217913,0.33218024295461523,36.63636363636363,-0.7778559941506746,M1t te+te + TsDur,TW
2.726081846692486,0.33159039633049675,37.62626262626262,-0.7778559941506746,M1t te+te + TsDur,TW
2.704671539317169,0.33107084400700226,38.61616161616161,-0.7778559941506746,M1t te+te + TsDur,TW
2.689521401844714,0.3302905460452783,39.60606060606061,-0.7778559941506746,M1t te+te + TsDur,TW
2.6814958758660445,0.3289444631308302,40.5959595959596,-0.7778559941506746,M1t te+te + TsDur,TW
2.6805638961245277,0.32691594075380476,41.58585858585859,-0.7778559941506746,M1t te+te + TsDur,TW
2.6859835661662186,0.32427453502550874,42.57575757575757,-0.7778559941506746,M1t te+te + TsDur,TW
2.696993420193921,0.3211566904775166,43.56565656565656,-0.7778559941506746,M1t te+te + TsDur,TW
2.7128319924104436,0.31774256688765345,44.55555555555556,-0.7778559941506746,M1t te+te + TsDur,TW
2.732737817018586,0.3142378312394436,45.54545454545455,-0.7778559941506746,M1t te+te + TsDur,TW
2.7559494282211614,0.31085648362468443,46.535353535353536,-0.7778559941506746,M1t te+te + TsDur,TW
2.7817053602209763,0.3078041921758271,47.525252525252526,-0.7778559941506746,M1t te+te + TsDur,TW
2.809244147220836,0.3052621919109905,48.51515151515151,-0.7778559941506746,M1t te+te + TsDur,TW
2.837804323423547,0.3033724028602374,49.505050505050505,-0.7778559941506746,M1t te+te + TsDur,TW
2.866624423031916,0.302224902865894,50.494949494949495,-0.7778559941506746,M1t te+te + TsDur,TW
2.8949429802487505,0.30184908270453564,51.48484848484849,-0.7778559941506746,M1t te+te + TsDur,TW
2.921998529276855,0.3022095995046353,52.474747474747474,-0.7778559941506746,M1t te+te + TsDur,TW
2.9470296043190385,0.30320765098810387,53.46464646464646,-0.7778559941506746,M1t te+te + TsDur,TW
2.9692747395781036,0.3046873060216504,54.45454545454545,-0.7778559941506746,M1t te+te + TsDur,TW
2.987972469256862,0.3064459284156243,55.44444444444444,-0.7778559941506746,M1t te+te + TsDur,TW
3.002361327558119,0.3082473618026965,56.43434343434344,-0.7778559941506746,M1t te+te + TsDur,TW
3.0116798486846776,0.3098365975217095,57.42424242424242,-0.7778559941506746,M1t te+te + TsDur,TW
3.0151665668393486,0.3109550612338255,58.414141414141405,-0.7778559941506746,M1t te+te + TsDur,TW
3.012060016224937,0.3113562815095349,59.4040404040404,-0.7778559941506746,M1t te+te + TsDur,TW
3.0016127440549956,0.31082498350916005,60.39393939393939,-0.7778559941506746,M1t te+te + TsDur,TW
2.98365983335978,0.30929983910313047,61.38383838383839,-0.7778559941506746,M1t te+te + TsDur,TW
2.9588157138015716,0.30692091992336534,62.37373737373737,-0.7778559941506746,M1t te+te + TsDur,TW
2.9277492385454043,0.3038870295698663,63.36363636363637,-0.7778559941506746,M1t te+te + TsDur,TW
2.8911292607563084,0.30043120219347264,64.35353535353535,-0.7778559941506746,M1t te+te + TsDur,TW
2.8496246335993143,0.2968071873179072,65.34343434343434,-0.7778559941506746,M1t te+te + TsDur,TW
2.8039042102394514,0.29327589968733514,66.33333333333333,-0.7778559941506746,M1t te+te + TsDur,TW
2.7546368438417526,0.29009113365673866,67.32323232323232,-0.7778559941506746,M1t te+te + TsDur,TW
2.7024913875712446,0.28748444626288416,68.31313131313131,-0.7778559941506746,M1t te+te + TsDur,TW
2.648136694592962,0.28564982586323284,69.3030303030303,-0.7778559941506746,M1t te+te + TsDur,TW
2.592241618071932,0.2847294607347622,70.2929292929293,-0.7778559941506746,M1t te+te + TsDur,TW
2.5354750111731863,0.28480237913969025,71.28282828282828,-0.7778559941506746,M1t te+te + TsDur,TW
2.478505727061761,0.28587771092460335,72.27272727272727,-0.7778559941506746,M1t te+te + TsDur,TW
2.4220026189026758,0.2878937214632958,73.26262626262626,-0.7778559941506746,M1t te+te + TsDur,TW
2.3666345398609687,0.29072274584745655,74.25252525252525,-0.7778559941506746,M1t te+te + TsDur,TW
2.313070343101668,0.2941810765477466,75.24242424242425,-0.7778559941506746,M1t te+te + TsDur,TW
2.261978881789806,0.29804213001484825,76.23232323232322,-0.7778559941506746,M1t te+te + TsDur,TW
2.2140290090904116,0.30205105154360823,77.22222222222221,-0.7778559941506746,M1t te+te + TsDur,TW
2.169889578168512,0.3059392671548752,78.2121212121212,-0.7778559941506746,M1t te+te + TsDur,TW
2.130229442189145,0.30943813709286244,79.2020202020202,-0.7778559941506746,M1t te+te + TsDur,TW
2.0957163794868903,0.3122917825070644,80.1919191919192,-0.7778559941506746,M1t te+te + TsDur,TW
2.0667559581273816,0.31432259044422384,81.18181818181817,-0.7778559941506746,M1t te+te + TsDur,TW
2.0431508796550943,0.3155196136991047,82.17171717171718,-0.7778559941506746,M1t te+te + TsDur,TW
2.024619435211765,0.3159403642501513,83.16161616161615,-0.7778559941506746,M1t te+te + TsDur,TW
2.0108799159391295,0.315685880489596,84.15151515151514,-0.7778559941506746,M1t te+te + TsDur,TW
2.0016506129789144,0.3148937587479231,85.14141414141415,-0.7778559941506746,M1t te+te + TsDur,TW
1.9966498174728675,0.31373242370399634,86.13131313131312,-0.7778559941506746,M1t te+te + TsDur,TW
1.9955958205627162,0.31239590158483493,87.12121212121212,-0.7778559941506746,M1t te+te + TsDur,TW
1.998206913390196,0.3110984200271719,88.1111111111111,-0.7778559941506746,M1t te+te + TsDur,TW
2.0042013870970434,0.3100682415951573,89.1010101010101,-0.7778559941506746,M1t te+te + TsDur,TW
2.0132975328249936,0.309540281528807,90.0909090909091,-0.7778559941506746,M1t te+te + TsDur,TW
2.0252136417157796,0.30974730318597965,91.08080808080807,-0.7778559941506746,M1t te+te + TsDur,TW
2.0396680049111358,0.31090984403892347,92.07070707070707,-0.7778559941506746,M1t te+te + TsDur,TW
2.0563789135527983,0.3132254684772127,93.06060606060605,-0.7778559941506746,M1t te+te + TsDur,TW
2.0750646587825066,0.31685837096746927,94.05050505050505,-0.7778559941506746,M1t te+te + TsDur,TW
2.09544353174199,0.3219306124350233,95.04040404040404,-0.7778559941506746,M1t te+te + TsDur,TW
2.1172338235729833,0.3285162223155197,96.03030303030302,-0.7778559941506746,M1t te+te + TsDur,TW
2.140153825417226,0.3366389927203203,97.02020202020202,-0.7778559941506746,M1t te+te + TsDur,TW
2.1639218284164463,0.346274131640914,98.010101010101,-0.7778559941506746,M1t te+te + TsDur,TW
2.1882561237123834,0.35735324700584814,99.0,-0.7778559941506746,M1t te+te + TsDur,TW
1.4461076039738336,0.40845274967229755,1.0,-0.6661304168841014,M1t te+te + TsDur,TW
1.5567341873691738,0.38088813814290917,1.9898989898989898,-0.6661304168841014,M1t te+te + TsDur,TW
1.6663847189794905,0.3556205117757895,2.9797979797979797,-0.6661304168841014,M1t te+te + TsDur,TW
1.77456806875494,0.3331095431328107,3.9696969696969697,-0.6661304168841014,M1t te+te + TsDur,TW
1.8807931066456733,0.3138062966875332,4.959595959595959,-0.6661304168841014,M1t te+te + TsDur,TW
1.984568702601849,0.2981084480640208,5.94949494949495,-0.6661304168841014,M1t te+te + TsDur,TW
2.085403726573615,0.2863000668145066,6.939393939393939,-0.6661304168841014,M1t te+te + TsDur,TW
2.18280704851113,0.27848789461128465,7.929292929292929,-0.6661304168841014,M1t te+te + TsDur,TW
2.276287538364543,0.27455534920777347,8.919191919191919,-0.6661304168841014,M1t te+te + TsDur,TW
2.3653540660840116,0.2741552039497548,9.909090909090908,-0.6661304168841014,M1t te+te + TsDur,TW
2.449515501619689,0.2767474931332969,10.898989898989898,-0.6661304168841014,M1t te+te + TsDur,TW
2.5282807149217197,0.28166899201959683,11.888888888888888,-0.6661304168841014,M1t te+te + TsDur,TW
2.6011585759402682,0.28820954413721117,12.878787878787879,-0.6661304168841014,M1t te+te + TsDur,TW
2.6676579546254877,0.2956745289046615,13.868686868686869,-0.6661304168841014,M1t te+te + TsDur,TW
2.7272877209275235,0.30342487880491886,14.85858585858586,-0.6661304168841014,M1t te+te + TsDur,TW
2.779556744796532,0.31089648412845905,15.848484848484848,-0.6661304168841014,M1t te+te + TsDur,TW
2.823973896182672,0.3176055127025077,16.838383838383837,-0.6661304168841014,M1t te+te + TsDur,TW
2.8600480450360926,0.32314637219698156,17.82828282828283,-0.6661304168841014,M1t te+te + TsDur,TW
2.887288061306942,0.327187386390088,18.818181818181817,-0.6661304168841014,M1t te+te + TsDur,TW
2.905202814945385,0.3294675115298101,19.80808080808081,-0.6661304168841014,M1t te+te + TsDur,TW
2.913416236173753,0.32982329530133525,20.7979797979798,-0.6661304168841014,M1t te+te + TsDur,TW
2.912436608437431,0.3283670038148614,21.787878787878785,-0.6661304168841014,M1t te+te + TsDur,TW
2.9031822856161154,0.32535641111532443,22.77777777777778,-0.6661304168841014,M1t te+te + TsDur,TW
2.8865738683217046,0.32108362671164403,23.767676767676768,-0.6661304168841014,M1t te+te + TsDur,TW
2.8635319571660913,0.3158637563653979,24.757575757575758,-0.6661304168841014,M1t te+te + TsDur,TW
2.8349771527611813,0.3100248874768076,25.747474747474747,-0.6661304168841014,M1t te+te + TsDur,TW
2.801830055718868,0.3038975293221725,26.737373737373737,-0.6661304168841014,M1t te+te + TsDur,TW
2.765011266651048,0.29780257711931096,27.727272727272727,-0.6661304168841014,M1t te+te + TsDur,TW
2.7254413861696216,0.29203736187129953,28.71717171717172,-0.6661304168841014,M1t te+te + TsDur,TW
2.6840410148864864,0.28686002525870236,29.707070707070706,-0.6661304168841014,M1t te+te + TsDur,TW
2.641730753413539,0.28247330832181183,30.696969696969695,-0.6661304168841014,M1t te+te + TsDur,TW
2.5994312023626773,0.2790096908985764,31.686868686868685,-0.6661304168841014,M1t te+te + TsDur,TW
2.5580629623458044,0.2765203411619765,32.676767676767675,-0.6661304168841014,M1t te+te + TsDur,TW
2.5185466339748093,0.2749701919695527,33.666666666666664,-0.6661304168841014,M1t te+te + TsDur,TW
2.4818028178615967,0.27424053309757085,34.65656565656566,-0.6661304168841014,M1t te+te + TsDur,TW
2.448752114618064,0.27413906228829604,35.64646464646465,-0.6661304168841014,M1t te+te + TsDur,TW
2.4203151248561086,0.2744159468638913,36.63636363636363,-0.6661304168841014,M1t te+te + TsDur,TW
2.397412449187626,0.2747836763883092,37.62626262626262,-0.6661304168841014,M1t te+te + TsDur,TW
2.380964688224514,0.27493858159685763,38.61616161616161,-0.6661304168841014,M1t te+te + TsDur,TW
2.371892442578671,0.274582717821706,39.60606060606061,-0.6661304168841014,M1t te+te + TsDur,TW
2.371055754591234,0.273455121262091,40.5959595959596,-0.6661304168841014,M1t te+te + TsDur,TW
2.3783653083323464,0.27149022223425195,41.58585858585859,-0.6661304168841014,M1t te+te + TsDur,TW
2.392978210746211,0.268804937687533,42.57575757575757,-0.6661304168841014,M1t te+te + TsDur,TW
2.414030822628739,0.26557597291973056,43.56565656565656,-0.6661304168841014,M1t te+te + TsDur,TW
2.4406595047758217,0.2620185680067936,44.55555555555556,-0.6661304168841014,M1t te+te + TsDur,TW
2.472000617983359,0.2583698168201701,45.54545454545455,-0.6661304168841014,M1t te+te + TsDur,TW
2.5071905230472535,0.25487220966978263,46.535353535353536,-0.6661304168841014,M1t te+te + TsDur,TW
2.5453655807634066,0.25175670654557464,47.525252525252526,-0.6661304168841014,M1t te+te + TsDur,TW
2.5856621519277163,0.2492254402765617,48.51515151515151,-0.6661304168841014,M1t te+te + TsDur,TW
2.6272165973360844,0.247435028783075,49.505050505050505,-0.6661304168841014,M1t te+te + TsDur,TW
2.6691652777844066,0.2464822270118241,50.494949494949495,-0.6661304168841014,M1t te+te + TsDur,TW
2.710644554068587,0.24639396344282108,51.48484848484849,-0.6661304168841014,M1t te+te + TsDur,TW
2.750790786984525,0.2471234443531415,52.474747474747474,-0.6661304168841014,M1t te+te + TsDur,TW
2.788740337328117,0.24855300091439375,53.46464646464646,-0.6661304168841014,M1t te+te + TsDur,TW
2.823629565895268,0.2505030624142997,54.45454545454545,-0.6661304168841014,M1t te+te + TsDur,TW
2.854594833481875,0.2527455886464056,55.44444444444444,-0.6661304168841014,M1t te+te + TsDur,TW
2.8807725008838423,0.25501987510117174,56.43434343434344,-0.6661304168841014,M1t te+te + TsDur,TW
2.901298928897067,0.25704891877599545,57.42424242424242,-0.6661304168841014,M1t te+te + TsDur,TW
2.9153104783174464,0.2585552821659849,58.414141414141405,-0.6661304168841014,M1t te+te + TsDur,TW
2.9219435099408844,0.2592763175944388,59.4040404040404,-0.6661304168841014,M1t te+te + TsDur,TW
2.920349852936884,0.2589821773984652,60.39393939393939,-0.6661304168841014,M1t te+te + TsDur,TW
2.910324373279313,0.25760108853109354,61.38383838383839,-0.6661304168841014,M1t te+te + TsDur,TW
2.8925222249335887,0.2552679081890417,62.37373737373737,-0.6661304168841014,M1t te+te + TsDur,TW
2.8676586376824185,0.2521771719136811,63.36363636363637,-0.6661304168841014,M1t te+te + TsDur,TW
2.8364488413085103,0.24855927360073646,64.35353535353535,-0.6661304168841014,M1t te+te + TsDur,TW
2.7996080655945668,0.2446682654986288,65.34343434343434,-0.6661304168841014,M1t te+te + TsDur,TW
2.7578515403232977,0.2407695449006441,66.33333333333333,-0.6661304168841014,M1t te+te + TsDur,TW
2.711894495277405,0.2371263499170911,67.32323232323232,-0.6661304168841014,M1t te+te + TsDur,TW
2.6624521602396003,0.23398459903897173,68.31313131313131,-0.6661304168841014,M1t te+te + TsDur,TW
2.6102397649925826,0.23155644491865027,69.3030303030303,-0.6661304168841014,M1t te+te + TsDur,TW
2.5559725393190615,0.23000389145097316,70.2929292929293,-0.6661304168841014,M1t te+te + TsDur,TW
2.500365713001745,0.22942466453173274,71.28282828282828,-0.6661304168841014,M1t te+te + TsDur,TW
2.4441345158233387,0.229842820634755,72.27272727272727,-0.6661304168841014,M1t te+te + TsDur,TW
2.387994177566541,0.23120601973457577,73.26262626262626,-0.6661304168841014,M1t te+te + TsDur,TW
2.3326599280140705,0.23339005720422787,74.25252525252525,-0.6661304168841014,M1t te+te + TsDur,TW
2.2788469969486203,0.236209659886517,75.24242424242425,-0.6661304168841014,M1t te+te + TsDur,TW
2.2272706141529084,0.23943338130832814,76.23232323232322,-0.6661304168841014,M1t te+te + TsDur,TW
2.1786460094096314,0.24280010186098935,77.22222222222221,-0.6661304168841014,M1t te+te + TsDur,TW
2.133688412501499,0.2460351160689103,78.2121212121212,-0.6661304168841014,M1t te+te + TsDur,TW
2.0931130532112188,0.2488647119945615,79.2020202020202,-0.6661304168841014,M1t te+te + TsDur,TW
2.057634034783941,0.2510293321724192,80.1919191919192,-0.6661304168841014,M1t te+te + TsDur,TW
2.0276906359877476,0.2523478894742967,81.18181818181817,-0.6661304168841014,M1t te+te + TsDur,TW
2.0030902668348736,0.25280450336446425,82.17171717171718,-0.6661304168841014,M1t te+te + TsDur,TW
1.9835518661846525,0.2524524342372959,83.16161616161615,-0.6661304168841014,M1t te+te + TsDur,TW
1.9687943728964348,0.25138972799172626,84.15151515151514,-0.6661304168841014,M1t te+te + TsDur,TW
1.9585367258295556,0.24975287470508414,85.14141414141415,-0.6661304168841014,M1t te+te + TsDur,TW
1.9524978638433674,0.24771198691310173,86.13131313131312,-0.6661304168841014,M1t te+te + TsDur,TW
1.9503967257972008,0.2454665854950197,87.12121212121212,-0.6661304168841014,M1t te+te + TsDur,TW
1.9519522505504059,0.2432410818388165,88.1111111111111,-0.6661304168841014,M1t te+te + TsDur,TW
1.9568833769623237,0.24127905059662708,89.1010101010101,-0.6661304168841014,M1t te+te + TsDur,TW
1.964909043892297,0.23983547648946252,90.0909090909091,-0.6661304168841014,M1t te+te + TsDur,TW
1.9757481901996674,0.2391664370598949,91.08080808080807,-0.6661304168841014,M1t te+te + TsDur,TW
1.9891197547437778,0.2395162400566416,92.07070707070707,-0.6661304168841014,M1t te+te + TsDur,TW
2.0047426763839717,0.24110286043642157,93.06060606060605,-0.6661304168841014,M1t te+te + TsDur,TW
2.0223358939795912,0.24410342641951396,94.05050505050505,-0.6661304168841014,M1t te+te + TsDur,TW
2.0416183463899777,0.24864211181165025,95.04040404040404,-0.6661304168841014,M1t te+te + TsDur,TW
2.062308972474476,0.25478270855874185,96.03030303030302,-0.6661304168841014,M1t te+te + TsDur,TW
2.0841267110924258,0.2625272452211944,97.02020202020202,-0.6661304168841014,M1t te+te + TsDur,TW
2.1067905011031702,0.2718205855894624,98.010101010101,-0.6661304168841014,M1t te+te + TsDur,TW
2.130019281366052,0.2825595906416409,99.0,-0.6661304168841014,M1t te+te + TsDur,TW
1.7517821161342557,0.30683486249926556,1.0,-0.40779783715715756,M1t te+te + TsDur,TW
1.810012715024106,0.28380882818814607,1.9898989898989898,-0.40779783715715756,M1t te+te + TsDur,TW
1.867510739820944,0.26227841084566145,2.9797979797979797,-0.40779783715715756,M1t te+te + TsDur,TW
1.9239075736579885,0.2426065160436707,3.9696969696969697,-0.40779783715715756,M1t te+te + TsDur,TW
1.978834599668448,0.22517811939154053,4.959595959595959,-0.40779783715715756,M1t te+te + TsDur,TW
2.031923200985543,0.21037602116476548,5.94949494949495,-0.40779783715715756,M1t te+te + TsDur,TW
2.0828047607424764,0.1985372904843328,6.939393939393939,-0.40779783715715756,M1t te+te + TsDur,TW
2.131110662072478,0.18989177139682825,7.929292929292929,-0.40779783715715756,M1t te+te + TsDur,TW
2.176472288108743,0.18449673299280087,8.919191919191919,-0.40779783715715756,M1t te+te + TsDur,TW
2.218521021984498,0.18219392880139867,9.909090909090908,-0.40779783715715756,M1t te+te + TsDur,TW
2.256888246832954,0.1826131939876984,10.898989898989898,-0.40779783715715756,M1t te+te + TsDur,TW
2.2912053457873185,0.18522505143071635,11.888888888888888,-0.40779783715715756,M1t te+te + TsDur,TW
2.3211037019808094,0.1894195370698808,12.878787878787879,-0.40779783715715756,M1t te+te + TsDur,TW
2.346214698546644,0.1945808118694184,13.868686868686869,-0.40779783715715756,M1t te+te + TsDur,TW
2.366169718618027,0.2001388442743699,14.85858585858586,-0.40779783715715756,M1t te+te + TsDur,TW
2.3806001453281773,0.20559574011854767,15.848484848484848,-0.40779783715715756,M1t te+te + TsDur,TW
2.3891373618103104,0.21053372337482615,16.838383838383837,-0.40779783715715756,M1t te+te + TsDur,TW
2.391412751197636,0.21461348992733278,17.82828282828283,-0.40779783715715756,M1t te+te + TsDur,TW
2.387057696623365,0.2175696620526416,18.818181818181817,-0.40779783715715756,M1t te+te + TsDur,TW
2.3757035812207175,0.21920761009359413,19.80808080808081,-0.40779783715715756,M1t te+te + TsDur,TW
2.3570825212695232,0.2194249776589703,20.7979797979798,-0.40779783715715756,M1t te+te + TsDur,TW
2.331700867989186,0.21834796735036135,21.787878787878785,-0.40779783715715756,M1t te+te + TsDur,TW
2.300423981702771,0.2162250231583712,22.77777777777778,-0.40779783715715756,M1t te+te + TsDur,TW
2.2641191897059487,0.2133370355233835,23.767676767676768,-0.40779783715715756,M1t te+te + TsDur,TW
2.2236538192944004,0.2099849315040334,24.757575757575758,-0.40779783715715756,M1t te+te + TsDur,TW
2.1798951977638072,0.20647726094913502,25.747474747474747,-0.40779783715715756,M1t te+te + TsDur,TW
2.133710652409843,0.203115849379088,26.737373737373737,-0.40779783715715756,M1t te+te + TsDur,TW
2.085967510528186,0.2001788420322913,27.727272727272727,-0.40779783715715756,M1t te+te + TsDur,TW
2.0375330994145164,0.197901636185221,28.71717171717172,-0.40779783715715756,M1t te+te + TsDur,TW
1.9892747463645113,0.1964576264191666,29.707070707070706,-0.40779783715715756,M1t te+te + TsDur,TW
1.9420597786738483,0.19594192309480676,30.696969696969695,-0.40779783715715756,M1t te+te + TsDur,TW
1.8967555236382019,0.19636155525554597,31.686868686868685,-0.40779783715715756,M1t te+te + TsDur,TW
1.8542293085532577,0.19763465068486427,32.676767676767675,-0.40779783715715756,M1t te+te + TsDur,TW
1.815348460714684,0.19959893058712103,33.666666666666664,-0.40779783715715756,M1t te+te + TsDur,TW
1.780980307418167,0.2020275427755951,34.65656565656566,-0.40779783715715756,M1t te+te + TsDur,TW
1.751992175959381,0.20464888168735149,35.64646464646465,-0.40779783715715756,M1t te+te + TsDur,TW
1.7292513936340064,0.20716707973194565,36.63636363636363,-0.40779783715715756,M1t te+te + TsDur,TW
1.7136252877377163,0.20928097883279317,37.62626262626262,-0.40779783715715756,M1t te+te + TsDur,TW
1.7059811855661902,0.21070091194268695,38.61616161616161,-0.40779783715715756,M1t te+te + TsDur,TW
1.7071864144151083,0.21116400613192837,39.60606060606061,-0.40779783715715756,M1t te+te + TsDur,TW
1.718045491822701,0.210459984451104,40.5959595959596,-0.40779783715715756,M1t te+te + TsDur,TW
1.7383782810103716,0.20859702394818191,41.58585858585859,-0.40779783715715756,M1t te+te + TsDur,TW
1.7672230509449665,0.20577163490707706,42.57575757575757,-0.40779783715715756,M1t te+te + TsDur,TW
1.8035965531271472,0.202231940360711,43.56565656565656,-0.40779783715715756,M1t te+te + TsDur,TW
1.8465155390575747,0.19826030546109183,44.55555555555556,-0.40779783715715756,M1t te+te + TsDur,TW
1.8949967602369129,0.19415983652508165,45.54545454545455,-0.40779783715715756,M1t te+te + TsDur,TW
1.9480569681658257,0.1902390956482739,46.535353535353536,-0.40779783715715756,M1t te+te + TsDur,TW
2.0047129143449807,0.18679360909391549,47.525252525252526,-0.40779783715715756,M1t te+te + TsDur,TW
2.063981350275036,0.18408400788217216,48.51515151515151,-0.40779783715715756,M1t te+te + TsDur,TW
2.1248790274566587,0.18231247101525028,49.505050505050505,-0.40779783715715756,M1t te+te + TsDur,TW
2.186422697390508,0.18160110308128377,50.494949494949495,-0.40779783715715756,M1t te+te + TsDur,TW
2.2476291115772544,0.18197697076292285,51.48484848484849,-0.40779783715715756,M1t te+te + TsDur,TW
2.307515021517554,0.1833677430804249,52.474747474747474,-0.40779783715715756,M1t te+te + TsDur,TW
2.365097178712073,0.18560916182301238,53.46464646464646,-0.40779783715715756,M1t te+te + TsDur,TW
2.4193923346614756,0.1884621835323737,54.45454545454545,-0.40779783715715756,M1t te+te + TsDur,TW
2.469417240866424,0.1916353676671159,55.44444444444444,-0.40779783715715756,M1t te+te + TsDur,TW
2.5141886488275844,0.19480788341661723,56.43434343434344,-0.40779783715715756,M1t te+te + TsDur,TW
2.5527233100456197,0.19764996894640466,57.42424242424242,-0.40779783715715756,M1t te+te + TsDur,TW
2.58403797602119,0.19983970564167527,58.414141414141405,-0.40779783715715756,M1t te+te + TsDur,TW
2.6071493982549625,0.2010766919503517,59.4040404040404,-0.40779783715715756,M1t te+te + TsDur,TW
2.6210912504327624,0.20109735009332583,60.39393939393939,-0.40779783715715756,M1t te+te + TsDur,TW
2.6256006795433917,0.199810378427086,61.38383838383839,-0.40779783715715756,M1t te+te + TsDur,TW
2.6213559756499176,0.19734920224614136,62.37373737373737,-0.40779783715715756,M1t te+te + TsDur,TW
2.609101150922334,0.1939089957061352,63.36363636363637,-0.40779783715715756,M1t te+te + TsDur,TW
2.5895802175306364,0.18972354679450018,64.35353535353535,-0.40779783715715756,M1t te+te + TsDur,TW
2.563537187644823,0.18505592512336227,65.34343434343434,-0.40779783715715756,M1t te+te + TsDur,TW
2.5317160734348887,0.1801893322765751,66.33333333333333,-0.40779783715715756,M1t te+te + TsDur,TW
2.494860887070829,0.17541622846536642,67.32323232323232,-0.40779783715715756,M1t te+te + TsDur,TW
2.453715640722639,0.1710241651444626,68.31313131313131,-0.40779783715715756,M1t te+te + TsDur,TW
2.4090243465603103,0.16727750969745353,69.3030303030303,-0.40779783715715756,M1t te+te + TsDur,TW
2.3615310167538457,0.16439569479019608,70.2929292929293,-0.40779783715715756,M1t te+te + TsDur,TW
2.311979663473239,0.16253066460228532,71.28282828282828,-0.40779783715715756,M1t te+te + TsDur,TW
2.2611142988884843,0.16174806297819516,72.27272727272727,-0.40779783715715756,M1t te+te + TsDur,TW
2.209678935169573,0.16201715137847447,73.26262626262626,-0.40779783715715756,M1t te+te + TsDur,TW
2.1584175844865094,0.1632125989620319,74.25252525252525,-0.40779783715715756,M1t te+te + TsDur,TW
2.1080742590092822,0.16512773264527766,75.24242424242425,-0.40779783715715756,M1t te+te + TsDur,TW
2.059392970907893,0.16749548004682616,76.23232323232322,-0.40779783715715756,M1t te+te + TsDur,TW
2.0131177323523293,0.1700118510493948,77.22222222222221,-0.40779783715715756,M1t te+te + TsDur,TW
1.96999255551259,0.17235768296372334,78.2121212121212,-0.40779783715715756,M1t te+te + TsDur,TW
1.9307614525586745,0.174216486042006,79.2020202020202,-0.40779783715715756,M1t te+te + TsDur,TW
1.8961673009870186,0.17528855327354853,80.1919191919192,-0.40779783715715756,M1t te+te + TsDur,TW
1.866676168997889,0.17535926229428758,81.18181818181817,-0.40779783715715756,M1t te+te + TsDur,TW
1.8421176925951137,0.17439280243440328,82.17171717171718,-0.40779783715715756,M1t te+te + TsDur,TW
1.8222323976791381,0.17242830062404155,83.16161616161615,-0.40779783715715756,M1t te+te + TsDur,TW
1.806760810150418,0.16955430670762975,84.15151515151514,-0.40779783715715756,M1t te+te + TsDur,TW
1.7954434559093924,0.16590443781808364,85.14141414141415,-0.40779783715715756,M1t te+te + TsDur,TW
1.7880208608565222,0.16165631866796495,86.13131313131312,-0.40779783715715756,M1t te+te + TsDur,TW
1.7842335508922482,0.15703276352803505,87.12121212121212,-0.40779783715715756,M1t te+te + TsDur,TW
1.7838220519170285,0.1523038210415639,88.1111111111111,-0.40779783715715756,M1t te+te + TsDur,TW
1.7865268898313056,0.1477875222346208,89.1010101010101,-0.40779783715715756,M1t te+te + TsDur,TW
1.7920885905355326,0.14384596522847037,90.0909090909091,-0.40779783715715756,M1t te+te + TsDur,TW
1.8002476799301543,0.1408722178624225,91.08080808080807,-0.40779783715715756,M1t te+te + TsDur,TW
1.8107446839156256,0.1392637441198338,92.07070707070707,-0.40779783715715756,M1t te+te + TsDur,TW
1.8233201283923937,0.13938163779939777,93.06060606060605,-0.40779783715715756,M1t te+te + TsDur,TW
1.8377145392609104,0.14150260555565206,94.05050505050505,-0.40779783715715756,M1t te+te + TsDur,TW
1.8536684424216225,0.1457787449579003,95.04040404040404,-0.40779783715715756,M1t te+te + TsDur,TW
1.8709223637749786,0.15222111467955363,96.03030303030302,-0.40779783715715756,M1t te+te + TsDur,TW
1.8892168292214313,0.16071308376506935,97.02020202020202,-0.40779783715715756,M1t te+te + TsDur,TW
1.9082923646614274,0.1710452619898193,98.010101010101,-0.40779783715715756,M1t te+te + TsDur,TW
1.9278894959954191,0.18295653480920396,99.0,-0.40779783715715756,M1t te+te + TsDur,TW
0.9710039972482042,0.21964549483453902,1.0,0.5589785345002476,M1t te+te + TsDur,TW
0.9691857097800606,0.20422766233744508,1.9898989898989898,0.5589785345002476,M1t te+te + TsDur,TW
0.9672265904166243,0.1900500420961466,2.9797979797979797,0.5589785345002476,M1t te+te + TsDur,TW
0.9650557753197158,0.17737775793062358,3.9696969696969697,0.5589785345002476,M1t te+te + TsDur,TW
0.9626024006511442,0.16647521474587682,4.959595959595959,0.5589785345002476,M1t te+te + TsDur,TW
0.9597956025727369,0.15758057461963265,5.94949494949495,0.5589785345002476,M1t te+te + TsDur,TW
0.9565645172462964,0.1508696708733726,6.939393939393939,0.5589785345002476,M1t te+te + TsDur,TW
0.9528382808336485,0.14641606884601555,7.929292929292929,0.5589785345002476,M1t te+te + TsDur,TW
0.9485460294966019,0.14416073640163218,8.919191919191919,0.5589785345002476,M1t te+te + TsDur,TW
0.9436168993969779,0.14390564330661226,9.909090909090908,0.5589785345002476,M1t te+te + TsDur,TW
0.9379800266965922,0.14533652821782034,10.898989898989898,0.5589785345002476,M1t te+te + TsDur,TW
0.9315645475572512,0.14806625544067198,11.888888888888888,0.5589785345002476,M1t te+te + TsDur,TW
0.924299598140778,0.15168239759474242,12.878787878787879,0.5589785345002476,M1t te+te + TsDur,TW
0.9161143146089903,0.15578548915226967,13.868686868686869,0.5589785345002476,M1t te+te + TsDur,TW
0.9069378331236951,0.16001274367073978,14.85858585858586,0.5589785345002476,M1t te+te + TsDur,TW
0.8966992898467139,0.16404892693949308,15.848484848484848,0.5589785345002476,M1t te+te + TsDur,TW
0.8853278209398653,0.16762890094720723,16.838383838383837,0.5589785345002476,M1t te+te + TsDur,TW
0.8727525625649587,0.1705362181650817,17.82828282828283,0.5589785345002476,M1t te+te + TsDur,TW
0.8589026508838079,0.17260093906487786,18.818181818181817,0.5589785345002476,M1t te+te + TsDur,TW
0.8437072220582363,0.17369871512903026,19.80808080808081,0.5589785345002476,M1t te+te + TsDur,TW
0.8271177969862843,0.17376716178237941,20.7979797979798,0.5589785345002476,M1t te+te + TsDur,TW
0.8092579456429959,0.17290282684674718,21.787878787878785,0.5589785345002476,M1t te+te + TsDur,TW
0.7903310163520432,0.17128580612607514,22.77777777777778,0.5589785345002476,M1t te+te + TsDur,TW
0.770540794534161,0.16911643548922042,23.767676767676768,0.5589785345002476,M1t te+te + TsDur,TW
0.7500910656100866,0.16660673099231207,24.757575757575758,0.5589785345002476,M1t te+te + TsDur,TW
0.7291856150005526,0.16397185119126922,25.747474747474747,0.5589785345002476,M1t te+te + TsDur,TW
0.7080282281263023,0.16142044197205926,26.737373737373737,0.5589785345002476,M1t te+te + TsDur,TW
0.68682269040807,0.1591435415473131,27.727272727272727,0.5589785345002476,M1t te+te + TsDur,TW
0.665772787266589,0.15730240799837503,28.71717171717172,0.5589785345002476,M1t te+te + TsDur,TW
0.6450823041226008,0.1560164208496145,29.707070707070706,0.5589785345002476,M1t te+te + TsDur,TW
0.6249550263968391,0.15535286761094538,30.696969696969695,0.5589785345002476,M1t te+te + TsDur,TW
0.6055947395100377,0.15532061391384405,31.686868686868685,0.5589785345002476,M1t te+te + TsDur,TW
0.5872052288829428,0.15586913335561278,32.676767676767675,0.5589785345002476,M1t te+te + TsDur,TW
0.5699902799362784,0.1568932394260642,33.666666666666664,0.5589785345002476,M1t te+te + TsDur,TW
0.5541536780907907,0.15824258184016943,34.65656565656566,0.5589785345002476,M1t te+te + TsDur,TW
0.5398992087672139,0.15973410800841858,35.64646464646465,0.5589785345002476,M1t te+te + TsDur,TW
0.5274306573862858,0.16116555779896294,36.63636363636363,0.5589785345002476,M1t te+te + TsDur,TW
0.5169518093687386,0.16232857519656735,37.62626262626262,0.5589785345002476,M1t te+te + TsDur,TW
0.508666450135311,0.16302086471328403,38.61616161616161,0.5589785345002476,M1t te+te + TsDur,TW
0.5027783651067389,0.16305769106700524,39.60606060606061,0.5589785345002476,M1t te+te + TsDur,TW
0.49947800673235604,0.16229094236402286,40.5959595959596,0.5589785345002476,M1t te+te + TsDur,TW
0.498746809493765,0.1607267075688485,41.58585858585859,0.5589785345002476,M1t te+te + TsDur,TW
0.5004002945770496,0.1585047220862867,42.57575757575757,0.5589785345002476,M1t te+te + TsDur,TW
0.504249415537823,0.15580200502563227,43.56565656565656,0.5589785345002476,M1t te+te + TsDur,TW
0.5101051259317031,0.15282006524279856,44.55555555555556,0.5589785345002476,M1t te+te + TsDur,TW
0.5177783793142998,0.14977476087449954,45.54545454545455,0.5589785345002476,M1t te+te + TsDur,TW
0.527080129241233,0.1468849519970084,46.535353535353536,0.5589785345002476,M1t te+te + TsDur,TW
0.5378213292681242,0.14435907880589358,47.525252525252526,0.5589785345002476,M1t te+te + TsDur,TW
0.549812932950585,0.1423796789464067,48.51515151515151,0.5589785345002476,M1t te+te + TsDur,TW
0.5628658938442317,0.14108707136625506,49.505050505050505,0.5589785345002476,M1t te+te + TsDur,TW
0.5767911655046772,0.14056466334152665,50.494949494949495,0.5589785345002476,M1t te+te + TsDur,TW
0.5913997014875428,0.14082895368273698,51.48484848484849,0.5589785345002476,M1t te+te + TsDur,TW
0.6065024553484435,0.14182672584923642,52.474747474747474,0.5589785345002476,M1t te+te + TsDur,TW
0.6219103806429894,0.14344016115153144,53.46464646464646,0.5589785345002476,M1t te+te + TsDur,TW
0.6374344309268051,0.1454984553670838,54.45454545454545,0.5589785345002476,M1t te+te + TsDur,TW
0.6528855597555002,0.1477930759616602,55.44444444444444,0.5589785345002476,M1t te+te + TsDur,TW
0.6680747206846976,0.1500936320323957,56.43434343434344,0.5589785345002476,M1t te+te + TsDur,TW
0.6828128672700089,0.15216222223820783,57.42424242424242,0.5589785345002476,M1t te+te + TsDur,TW
0.6969109530670486,0.15376541971287327,58.414141414141405,0.5589785345002476,M1t te+te + TsDur,TW
0.7101799316314364,0.15468419583789125,59.4040404040404,0.5589785345002476,M1t te+te + TsDur,TW
0.7224330261624639,0.15472504092231024,60.39393939393939,0.5589785345002476,M1t te+te + TsDur,TW
0.7335778113701077,0.15381751208157632,61.38383838383839,0.5589785345002476,M1t te+te + TsDur,TW
0.7436480903094008,0.1520524445447275,62.37373737373737,0.5589785345002476,M1t te+te + TsDur,TW
0.7526864808404997,0.14956486329391833,63.36363636363637,0.5589785345002476,M1t te+te + TsDur,TW
0.7607356008235543,0.14651713344183942,64.35353535353535,0.5589785345002476,M1t te+te + TsDur,TW
0.7678380681187225,0.1430920761090583,65.34343434343434,0.5589785345002476,M1t te+te + TsDur,TW
0.7740365005861576,0.13948639786404782,66.33333333333333,0.5589785345002476,M1t te+te + TsDur,TW
0.7793735160860171,0.13590321604228886,67.32323232323232,0.5589785345002476,M1t te+te + TsDur,TW
0.7838917324784523,0.13254269334301905,68.31313131313131,0.5589785345002476,M1t te+te + TsDur,TW
0.7876337676236178,0.12959024269761252,69.3030303030303,0.5589785345002476,M1t te+te + TsDur,TW
0.7906422393816682,0.12720257850145444,70.2929292929293,0.5589785345002476,M1t te+te + TsDur,TW
0.7929597656127597,0.12549304529288494,71.28282828282828,0.5589785345002476,M1t te+te + TsDur,TW
0.7946289641770476,0.12451878810247896,72.27272727272727,0.5589785345002476,M1t te+te + TsDur,TW
0.7956924529346812,0.1242727826576073,73.26262626262626,0.5589785345002476,M1t te+te + TsDur,TW
0.7961928497458207,0.12468296923798404,74.25252525252525,0.5589785345002476,M1t te+te + TsDur,TW
0.7961727724706166,0.1256188487912675,75.24242424242425,0.5589785345002476,M1t te+te + TsDur,TW
0.7956748389692272,0.1269038064911598,76.23232323232322,0.5589785345002476,M1t te+te + TsDur,TW
0.7947416671018043,0.12833020052891136,77.22222222222221,0.5589785345002476,M1t te+te + TsDur,TW
0.7934158747285015,0.129674345162294,78.2121212121212,0.5589785345002476,M1t te+te + TsDur,TW
0.7917400797094761,0.13070956962716399,79.2020202020202,0.5589785345002476,M1t te+te + TsDur,TW
0.7897568669883189,0.13121700879179488,80.1919191919192,0.5589785345002476,M1t te+te + TsDur,TW
0.7875007913476735,0.13103429552121504,81.18181818181817,0.5589785345002476,M1t te+te + TsDur,TW
0.7849879448486139,0.1301232172968422,82.17171717171718,0.5589785345002476,M1t te+te + TsDur,TW
0.7822318344928145,0.12849874679993065,83.16161616161615,0.5589785345002476,M1t te+te + TsDur,TW
0.7792459672819634,0.1262109414163661,84.15151515151514,0.5589785345002476,M1t te+te + TsDur,TW
0.7760438502177213,0.12334142504863942,85.14141414141415,0.5589785345002476,M1t te+te + TsDur,TW
0.7726389903017782,0.12000223696331194,86.13131313131312,0.5589785345002476,M1t te+te + TsDur,TW
0.7690448945358035,0.11633646862446483,87.12121212121212,0.5589785345002476,M1t te+te + TsDur,TW
0.7652750699214815,0.11251996922729104,88.1111111111111,0.5589785345002476,M1t te+te + TsDur,TW
0.7613430234604834,0.10876297778199637,89.1010101010101,0.5589785345002476,M1t te+te + TsDur,TW
0.7572622621544908,0.10530976651137636,90.0909090909091,0.5589785345002476,M1t te+te + TsDur,TW
0.7530462930051759,0.10243337642721931,91.08080808080807,0.5589785345002476,M1t te+te + TsDur,TW
0.7487086230142179,0.10042189790036177,92.07070707070707,0.5589785345002476,M1t te+te + TsDur,TW
0.7442627591832961,0.09955381545831632,93.06060606060605,0.5589785345002476,M1t te+te + TsDur,TW
0.7397222085140895,0.10006411274683216,94.05050505050505,0.5589785345002476,M1t te+te + TsDur,TW
0.7351004780082678,0.10210948294067015,95.04040404040404,0.5589785345002476,M1t te+te + TsDur,TW
0.7304110746675134,0.10574550629652943,96.03030303030302,0.5589785345002476,M1t te+te + TsDur,TW
0.725667505493504,0.11092540266389801,97.02020202020202,0.5589785345002476,M1t te+te + TsDur,TW
0.7208832774879161,0.11751959140220102,98.010101010101,0.5589785345002476,M1t te+te + TsDur,TW
0.7160718976524216,0.12534597933116695,99.0,0.5589785345002476,M1t te+te + TsDur,TW
2.039829468123666,0.2317728890904439,1.0,1.3446821007203427,M1t te+te + TsDur,TW
2.009991191583712,0.21505791809065122,1.9898989898989898,1.3446821007203427,M1t te+te + TsDur,TW
1.980077039419946,0.19968054867653004,2.9797979797979797,1.3446821007203427,M1t te+te + TsDur,TW
1.950048832511677,0.18593667179783238,3.9696969696969697,1.3446821007203427,M1t te+te + TsDur,TW
1.9198683917382116,0.17412458564837396,4.959595959595959,1.3446821007203427,M1t te+te + TsDur,TW
1.8894975379788603,0.16451617432612653,5.94949494949495,1.3446821007203427,M1t te+te + TsDur,TW
1.8588980921129226,0.15731487325056748,6.939393939393939,1.3446821007203427,M1t te+te + TsDur,TW
1.8280318750197164,0.1526081186716694,7.929292929292929,1.3446821007203427,M1t te+te + TsDur,TW
1.796860707578538,0.15033077129253705,8.919191919191919,1.3446821007203427,M1t te+te + TsDur,TW
1.7653464106686994,0.1502574741788178,9.909090909090908,1.3446821007203427,M1t te+te + TsDur,TW
1.73345080516951,0.15203043272833847,10.898989898989898,1.3446821007203427,M1t te+te + TsDur,TW
1.7011357119602637,0.15521152047310302,11.888888888888888,1.3446821007203427,M1t te+te + TsDur,TW
1.668362951920282,0.1593382051373018,12.878787878787879,1.3446821007203427,M1t te+te + TsDur,TW
1.6350943459288658,0.1639670878236829,13.868686868686869,1.3446821007203427,M1t te+te + TsDur,TW
1.6012917148653198,0.16869962502382035,14.85858585858586,1.3446821007203427,M1t te+te + TsDur,TW
1.5669168796089497,0.17319286120256794,15.848484848484848,1.3446821007203427,M1t te+te + TsDur,TW
1.5319316610390714,0.1771609315445734,16.838383838383837,1.3446821007203427,M1t te+te + TsDur,TW
1.4962978800349822,0.1803725329628401,17.82828282828283,1.3446821007203427,M1t te+te + TsDur,TW
1.4599773574759893,0.1826479375567967,18.818181818181817,1.3446821007203427,M1t te+te + TsDur,TW
1.4229319142414039,0.18385775179466957,19.80808080808081,1.3446821007203427,M1t te+te + TsDur,TW
1.3851515942638817,0.18394091076915856,20.7979797979798,1.3446821007203427,M1t te+te + TsDur,TW
1.3468433638569905,0.18301077818292363,21.787878787878785,1.3446821007203427,M1t te+te + TsDur,TW
1.308314775223113,0.1812719453384286,22.77777777777778,1.3446821007203427,M1t te+te + TsDur,TW
1.2698739316639929,0.1789508033655572,23.767676767676768,1.3446821007203427,M1t te+te + TsDur,TW
1.231828936481371,0.17628609537154247,24.757575757575758,1.3446821007203427,M1t te+te + TsDur,TW
1.194487892976988,0.1735192597891087,25.747474747474747,1.3446821007203427,M1t te+te + TsDur,TW
1.1581589044525922,0.17088329724125983,26.737373737373737,1.3446821007203427,M1t te+te + TsDur,TW
1.1231500742099172,0.16858985605386398,27.727272727272727,1.3446821007203427,M1t te+te + TsDur,TW
1.0897695055507142,0.16681508271092732,28.71717171717172,1.3446821007203427,M1t te+te + TsDur,TW
1.0583253017767218,0.1656857485368164,29.707070707070706,1.3446821007203427,M1t te+te + TsDur,TW
1.0291255661896834,0.16526791792976905,30.696969696969695,1.3446821007203427,M1t te+te + TsDur,TW
1.0024784020913393,0.16556052906790417,31.686868686868685,1.3446821007203427,M1t te+te + TsDur,TW
0.9786919127834396,0.16649546237154111,32.676767676767675,1.3446821007203427,M1t te+te + TsDur,TW
0.9580742015677132,0.16794419009730083,33.666666666666664,1.3446821007203427,M1t te+te + TsDur,TW
0.9409333717459158,0.16972958100229368,34.65656565656566,1.3446821007203427,M1t te+te + TsDur,TW
0.9275775266197845,0.17164055665191802,35.64646464646465,1.3446821007203427,M1t te+te + TsDur,TW
0.9183147694910628,0.17344733950909685,36.63636363636363,1.3446821007203427,M1t te+te + TsDur,TW
0.9134532036614906,0.17491578952452205,37.62626262626262,1.3446821007203427,M1t te+te + TsDur,TW
0.9133009324328124,0.1758203630000722,38.61616161616161,1.3446821007203427,M1t te+te + TsDur,TW
0.9181660591067717,0.17595620423430025,39.60606060606061,1.3446821007203427,M1t te+te + TsDur,TW
0.9283302806828185,0.1751597730164031,40.5959595959596,1.3446821007203427,M1t te+te + TsDur,TW
0.9436613285505834,0.1734407188314484,41.58585858585859,1.3446821007203427,M1t te+te + TsDur,TW
0.9636983384324792,0.17095809887136623,42.57575757575757,1.3446821007203427,M1t te+te + TsDur,TW
0.9879713997380615,0.16791203052407028,43.56565656565656,1.3446821007203427,M1t te+te + TsDur,TW
1.0160106018768764,0.16453001407582285,44.55555555555556,1.3446821007203427,M1t te+te + TsDur,TW
1.0473460342584766,0.16105623091895233,45.54545454545455,1.3446821007203427,M1t te+te + TsDur,TW
1.081507786292417,0.15773937531256638,46.535353535353536,1.3446821007203427,M1t te+te + TsDur,TW
1.1180259473882517,0.15481791239094872,47.525252525252526,1.3446821007203427,M1t te+te + TsDur,TW
1.15643060695553,0.1525026305888172,48.51515151515151,1.3446821007203427,M1t te+te + TsDur,TW
1.196251854403803,0.1509577868386273,49.505050505050505,1.3446821007203427,M1t te+te + TsDur,TW
1.237019779142626,0.15028369002810493,50.494949494949495,1.3446821007203427,M1t te+te + TsDur,TW
1.2782644705815474,0.15050446059282988,51.48484848484849,1.3446821007203427,M1t te+te + TsDur,TW
1.3195160181301242,0.15156414686247677,52.474747474747474,1.3446821007203427,M1t te+te + TsDur,TW
1.3603045111979026,0.1533322827346979,53.46464646464646,1.3446821007203427,M1t te+te + TsDur,TW
1.4001600391944393,0.1556172925544396,54.45454545454545,1.3446821007203427,M1t te+te + TsDur,TW
1.438612691529284,0.1581842877458817,55.44444444444444,1.3446821007203427,M1t te+te + TsDur,TW
1.4751925576119935,0.16077354715937564,56.43434343434344,1.3446821007203427,M1t te+te + TsDur,TW
1.5094297268521126,0.16311706785178073,57.42424242424242,1.3446821007203427,M1t te+te + TsDur,TW
1.5408542886592005,0.1649521688597334,58.414141414141405,1.3446821007203427,M1t te+te + TsDur,TW
1.5689963324428058,0.16603251681187084,59.4040404040404,1.3446821007203427,M1t te+te + TsDur,TW
1.5933925697440474,0.16614027018468086,60.39393939393939,1.3446821007203427,M1t te+te + TsDur,TW
1.6138550011829602,0.16519407341303102,61.38383838383839,1.3446821007203427,M1t te+te + TsDur,TW
1.6305639233887406,0.163291545478088,62.37373737373737,1.3446821007203427,M1t te+te + TsDur,TW
1.6437253519172386,0.1605794544553401,63.36363636363637,1.3446821007203427,M1t te+te + TsDur,TW
1.6535453023242996,0.15723509367043145,64.35353535353535,1.3446821007203427,M1t te+te + TsDur,TW
1.6602297901657743,0.15345883273009045,65.34343434343434,1.3446821007203427,M1t te+te + TsDur,TW
1.6639848309975125,0.1494671086976822,66.33333333333333,1.3446821007203427,M1t te+te + TsDur,TW
1.6650164403753598,0.1454844645599565,67.32323232323232,1.3446821007203427,M1t te+te + TsDur,TW
1.6635306338551705,0.14173346848393398,68.31313131313131,1.3446821007203427,M1t te+te + TsDur,TW
1.6597334269927868,0.1384218075115858,69.3030303030303,1.3446821007203427,M1t te+te + TsDur,TW
1.653830835344058,0.13572673993331041,70.2929292929293,1.3446821007203427,M1t te+te + TsDur,TW
1.646028874464838,0.1337784192593056,71.28282828282828,1.3446821007203427,M1t te+te + TsDur,TW
1.636533559910972,0.13264498334021285,72.27272727272727,1.3446821007203427,M1t te+te + TsDur,TW
1.6255509072383088,0.13232295668252797,73.26262626262626,1.3446821007203427,M1t te+te + TsDur,TW
1.6132869320026995,0.13273572719718593,74.25252525252525,1.3446821007203427,M1t te+te + TsDur,TW
1.5999476497599874,0.13374068555359697,75.24242424242425,1.3446821007203427,M1t te+te + TsDur,TW
1.5857390760660253,0.13514310211979627,76.23232323232322,1.3446821007203427,M1t te+te + TsDur,TW
1.57086722647666,0.13671329010151542,77.22222222222221,1.3446821007203427,M1t te+te + TsDur,TW
1.5555381165477418,0.1382036634273615,78.2121212121212,1.3446821007203427,M1t te+te + TsDur,TW
1.5399577618351197,0.13936353413834277,79.2020202020202,1.3446821007203427,M1t te+te + TsDur,TW
1.5243319381290108,0.1399512277310862,80.1919191919192,1.3446821007203427,M1t te+te + TsDur,TW
1.5088079291938048,0.13978755244420138,81.18181818181817,1.3446821007203427,M1t te+te + TsDur,TW
1.4933985355630552,0.13882996373859088,82.17171717171718,1.3446821007203427,M1t te+te + TsDur,TW
1.4780977280903072,0.13709475719693043,83.16161616161615,1.3446821007203427,M1t te+te + TsDur,TW
1.4628994776291186,0.1346371288222741,84.15151515151514,1.3446821007203427,M1t te+te + TsDur,TW
1.4477977550330263,0.13154730634215844,85.14141414141415,1.3446821007203427,M1t te+te + TsDur,TW
1.4327865311555963,0.12794935724096299,86.13131313131312,1.3446821007203427,M1t te+te + TsDur,TW
1.4178597768503658,0.12400201335784326,87.12121212121212,1.3446821007203427,M1t te+te + TsDur,TW
1.4030114629708905,0.11990068177473719,88.1111111111111,1.3446821007203427,M1t te+te + TsDur,TW
1.3882355603707202,0.11587930573685142,89.1010101010101,1.3446821007203427,M1t te+te + TsDur,TW
1.3735260399034048,0.11220982047929168,90.0909090909091,1.3446821007203427,M1t te+te + TsDur,TW
1.3588768724224896,0.10919577597483685,91.08080808080807,1.3446821007203427,M1t te+te + TsDur,TW
1.3442820287815285,0.10715603573118712,92.07070707070707,1.3446821007203427,M1t te+te + TsDur,TW
1.3297354798340728,0.1063959197026388,93.06060606060605,1.3446821007203427,M1t te+te + TsDur,TW
1.3152311964336707,0.10716834113404841,94.05050505050505,1.3446821007203427,M1t te+te + TsDur,TW
1.3007631494338705,0.10963527593541399,95.04040404040404,1.3446821007203427,M1t te+te + TsDur,TW
1.286325309688225,0.11384445883334596,96.03030303030302,1.3446821007203427,M1t te+te + TsDur,TW
1.2719116480502803,0.11973124486116711,97.02020202020202,1.3446821007203427,M1t te+te + TsDur,TW
1.2575161353735878,0.12714309047825745,98.010101010101,1.3446821007203427,M1t te+te + TsDur,TW
1.2431327425116998,0.1358742398439571,99.0,1.3446821007203427,M1t te+te + TsDur,TW
